part,page,col l/r,table from top,reference_code,manually spellchecked,comment
1,522,1,1,80COO/BLA,1,Cook et al. report K'c(H+)/c° = 3.1E-11. The pH was probably in the range 7.5 to 9.5. The apparent equilibrium constants given above were calculated from this result. Also see 88MAC/FEW under EC 1.1.1.90.
1,522,1,2,68ERI,1,Eriksson reports K'c(H+)/c° = 9.1E-12. This is approximately equal to K° for the reference reaction: 1-butanol(aq) + NAD^{-}(aq) = butanal(aq) + NADH^{2-}(aq) + H^{+}(aq). The apparent equilibrium constant given above was calculated from this reaction.
1,522,2,1,83BRA,1,Brattlie carried out this reaction in two different buffers and with semicarbazide added to the reaction mixture. The result given above is the average of the results which have been corrected for the enthalpy of reaction of the acetaldehyde with the semicarbazide and for the enthalpies of protonation of the buffers.
1,522,2,2,59MER/TOM,1,Merritt and Tomkins report K'c(H+) as a function of pH. The apparent equilibrium constants given above were calculated from these results. The temperature is assumed to be 298.15 K.
1,522,2,3,80COO/BLA,1,Cook et al. report K'c(H+)/c0 = 2.0E-9 at pH = 8.0. The apparent equilibrium constant given above was calculated from this result.
1,523,1,1,36EUL/ADL,1,The temperature is assumed to be 298.15 K.
1,523,1,2,37ADL/SRE,1,The temperature was ambient and is assumed to be 298.15 K. Adler and Sreenivasaya did not state what the buffer was.
1,523,1,3,37NEG/WUL,1,-
1,523,1,4,38SCH/HEL,1,The temperature is assumed to be 298.15 K.
1,523,2,1,50RAC,1,Racker reports K'c(H+)/c0 = 1.15E-11 over the pH range 7.4 to 9.5. The apparent equilibrium constants given above were calculated from this result.
1,523,2,2,51THE/BON,1,"The apparent equilibrium constants given above were calculated from Theorell and Bonnichsen's results (given in their Tables 2, 3, 4, and 5) for K'c(H+) and the measured pH. We give above only those results obtained at low concentrations of alcohol dehydrogenase."
1,523,2,3,56KAP/CIO,1,Kaplan el al. report K'c(H+)/c° = 1.6E-11 over the pH range 6.51 to 8.07. The apparent equilibrium constants given above were calculated from this result.
1,524,1,1,58BAC,1,"The apparent equilibrium constants given above were calculated from the results for K'c(H+) reported by Backlin. The reference reaction is: ethanol(aq) + NAD^{-}(aq) = acetaldehyde(aq) + NADH^{2-}(aq) + H^{+}(aq). K(ref) is essentially equal to K'c(H+) over the pH range of the experiments in this study. From the results above, we calculate DrG'0 = 22.9 kJ mol-1 at T = 298.15K, pH = 7, and I = 0.1 mol dm-3. Extrapolation of the results obtained at 293.15 K to Ic = 0, leads to K^{0}(ref) = 5.96E-12. At 298.15 K, K^{0}(ref) = 7.32E-12 and DrG^{0}(ref) = 63.6 kJ mol-1. From the temperature dependence of the equilibrium constants we calculate DrH'0 = 29.8 kJ mol-1 at pH = 7 and Ic = 0.1 mol dm-3. We also have DrH^{0}(ref) = 29.8 kJ mol-1 at lc = 0.1 mol dm-3. Backlin gives a good comparison of his and earlier results from the literature."
1,524,2,1,74BUR,1,The apparent equilibrium constants given above were calculated from Burton's Table 2. From these results we calculate DrH'0 = 39.6 kJ mol-1 for the above reaction at pH = 7.6. Burton also reports the unpublished calorimetric results of M. Schott and J. M. Sturtevant for the reaction NAD(aq) + H2 (g) = NADH(aq).
1,524,2,2,79COR/CRO,1,-
1,524,2,3,80COO/BLA,1,Cook et al. report K'c(H+)/c° = 2.9E-12 at pH = 9.0. The apparent equilibrium constant given above was calculated from this result.
1,525,1,1,83CRA/BOS,1,"From kinetic results, Crabb et al. found that 1.50E-11 < {K'c(H+)/c0} < 2.18E-11. The result for K' was calculated from this result."
1,525,1,2,87BED/TES,1,The result was obtained from the analysis of kinetic data.
1,525,1,3,83BRA,1,Brattlie carried out this reaction in four different buffers and with semicarbazide added to the reaction mixture. The result given above is the average of the results which have been corrected for the enthalpy of reaction of the acetaldehyde with the semicarbazide and for the enthalpies of protonation of the buffers.
1,525,2,1,56KAP/CIO,1,"AP-NAD and AP-NADH are, respectively, 3-acetylpyridine adenine dinucleotide and its reduced form. Kaplan el al. report K'c(H+)/c° = 3.0E-9 over the pH range 6.51 to 8.07. The apparent equilibrium constants given above were calculated from this result."
1,525,2,2,38SCH/HEL,1,The temperature is assumed to be 298.15 K. Also see 38SCH/EUL.
1,525,2,3,68ERI,1,Eriksson reports K'c(H+)/c° = 1.44E-11. This is approximately equal to K for the reference reaction: 1-hexanol(aq) + NAD^{-}(aq) = hexanal(aq) + NADH^{2-}(aq) + H^{+}(aq). The apparent equilibrium constant given above was calculated from this result.
1,526,1,1,68ERI,1,Eriksson reports K'c(H+)/c° = 3.6E-12. This is approximately equal to K^0 for the reference reaction: cis-3-hexan-1-ol(aq) + NAD^{-}(aq) = cis-3-hexenal(aq) + NADH^{2-}(aq) + H^{+}(aq). The apparent equilibrium constant given above was calculated from this result. The position of equilibrium was approached from only one direction.
1,526,1,2,68ERI,1,Eriksson reports K'c(H+)/c° = 1.42E-9. This is approximately equal to K^0 for the reference reaction: trans-2-hexen-1-ol(aq) + NAD^{-}(aq) = trans-2-hexanal(aq) + NADH^{2-}(aq) + H^{+}(aq). The apparent equilibrium constant given above was calculated from this result.
1,526,1,3,68ERI,1,Eriksson reports K'c(H+)/c° = 1.53E-10. This is approximately equal to K^0 for the reference reaction: 1-nonanol(aq) + NAD^{-}(aq) = nonanal(aq) + NADH^{2-}(aq) + H^{+}(aq). The apparent equilibrium constant given above was calculated from this result.
1,526,2,1,68ERI,1,Eriksson reports K'c(H+)/c° = 5.3E-12. This is approximately K^0 for the reference reaction: 1-octanol(aq) + NAD^{-}(aq) = octanal(aq) + NADH^{2-}(aq) + H^{+}(aq). The apparent equilibrium constant given above was calculated from this result.
1,526,2,2,83BRA,1,Brattlie carried out this reaction in three different buffers and with semicarbazide added to the reaction mixture. The result given above is the average of the results which have been corrected for the enthalpy of reaction of the acetaldehyde with the semicarbazide and for the enthalpies of protonation of the buffers.
1,526,2,3,52BUR,1,Burton reports K'c(H+)/c° = 7.3E-9 at pH = 7.0 in this preliminary communication. The apparent equilibrium constant given above was calculated from this result. See 53BUR/WIL.
1,527,1,1,53BUR/WIL,1,"The apparent equilibrium constants given above were calculated from Burton and Wilson's Table 1. Burton and Wilson found a mean result of K'c(H+)/c0 = 7.19E-9. Thus, for the reference reaction: 2-propanol(aq) + NAD^{-}(aq) = acetone(aq) + NADH^{2-}(aq) + H^{+}(aq), K(ref) = 7.19E-9. A preliminary communication of this study was given in 52BUR."
1,527,1,2,74BUR,1,The apparent equilibrium constants given above were calculated from Burton's Table 1. Several of these results are averages of those given in this table (one result at T = 298.75 K was discarded). From these results we calculate DrH'0 = 36.5 kJ mol-1 for the above reaction at pH = 7.6.
1,527,2,1,80COO/BLA,1,Cook el al. report K'c(H+)/c0 = 5.3E-9 at pH = 8.0. The apparent equilibrium constant given above was calculated from this result.
1,527,2,2,83BRA,1,The result given above has been corrected for the enthalpy of protonation of the phosphate buffer.
1,528,1,1,51BLI,1,"Bliss reports K'c(H+)/c° = 3.3E-9 over the pH range 6.6 to 9.5. The apparent equilibrium constants given above were calculated from this result. It was also found that a plot of log K' versus pH was linear. Thus, for the reference reaction: vitamin A alcohol(aq) + NAD^{-}(aq) = vitamin A aldehyde(aq) + NADH^{2-}(aq) + H^{+}(aq), K(ref) ~= 3.3E-9."
1,528,1,2,55BLA/WRI3,1,The apparent equilibrium constant given above was calculated from Black and Wright's Table IV. The temperature was assumed to be 298.15 K. The position of equilibrium was approached from only one direction.
1,528,1,3,55BLA/WRI3,1,The apparent equilibrium constant given above was calculated from Black and Wright's Table IV. The temperature was assumed to be 298.15 K. The position of equilibrium was approached from only one direction.
1,528,2,1,54STR/HAR,1,Stecker and Harary report K'c(H+) at pH = 7.4 and pH = 8.4. The apparent equilibrium constants given above were calculated from these results.
1,528,2,2,55BUR,1,"Burton reports K'c(H+)/c0 = 5.1E-12. This is an approximate result, with few details given about the equilibrium measurement. The temperature is assumed to be 298.15 K. The apparent equilibrium constant given above was calculated from this result."
1,528,2,3,69BAR,1,Barrett reports K'c(H+)/c° = 1.4E-11. The apparent equilibrium constant given above was calculated from this result.
1,529,1,1,74MCG/PHI,1,McGregor et al. report K'c(H+)/c° = (2.38±0.58)E-12 for 5.30 < pH < 8.25. The apparent equilibrium constants were calculated from this result.
1,529,1,2,37EUL/ADL2,1,The temperature is assumed to be 298.15 K.
1,529,1,3,49BAR,1,This is an approximate result.
1,529,2,1,53BUR/WIL,1,"Burton and Wilson report K'c(H+)/c° = 5.5E-12 at Ic ~= 0.03 mol dm-3. The apparent equilibrium constants given above were calculated from this result. Burton and Wilson refer to sn-glycerol 3-phosphate as ""L-glycerol-phosphate"". However, it is clear from the contents of their paper that this substance is sn-glycerol 3-phosphate."
1,529,2,2,58YOU/PAC,1,The apparent equilibrium constants given above were calculated from the results given in Young and Pace's Fig. 9 with the exception of one result at T = 297.65 K. From the temperature dependency of K' we calculate DH'0 ~= -30 kJ mol-1 at pH = 7.0.
1,530,1,1,59HOL,1,HoIlmann reports K'c(H+)/c° = 1.44E-11 over the pH range 6.95 to 8.79. The apparent equilibrium constants given above were calculated from this result. The temperature is assumed to be 298.15 K.
1,530,1,2,59HOL,1,Hollmann reports K'c(H+)/c° = 5.54E-11 over the pH range 6.95 to 8.79. The apparent equilibrium constants given above were calculated from this result. The temperature is assumed to be 298.15 K.
1,530,1,3,59HOL,1,Hollmann reports K'c(H+)/c0 = 4.23E-10 over the pH range 6.95 to 8.79. The apparent equilibrium constants given above were calculated from this result. The temperature is assumed to be 298.15 K.
1,530,2,1,59HOL,1,Hollmann reports K'c(H+)/c° = 1.75E-11 over the pH range 6.95 to 8.79. The apparent equilibrium constants given above were calculated from this result. The temperature is assumed to be 298.15 K. Also see listings under EC 1.1.1.14 and EC 1.1.1.56.
1,530,2,2,59HOL,1,Hollmann rcports K'c(H+)/c° = 4.19E-10 over the pH range 6.95 to 8.79. The apparent equilibrium constants given above were calculated from this result. The temperature is assumed to be 298.15 K. Also see listings under EC 1.1.1.14.
1,530,2,3,59HOL,1,Hollmann reports K'c(H+)/c° = 6.91E-12 over the pH range 6.95 to 8.79. The apparent equilibrium constants given above were calculated from this result. The temperature is assumed to be 298.15 K.
1,531,1,1,59HOL,1,Hollmann reports K'c(H+)/c° = 4.18E-11 over the pH range 6.95 to 8.79. The apparent equilibrium constants given above were calculated from this result. The temperature is assumed to be 298.15 K. Also see listings under EC 1.1.1.14.
1,531,1,2,81SUG/VEI,1,Sugai and Veiga report K'c(H+)/c° = 1.9E-11 for pH = 9.5. The apparent equilibrium constant was calculated from this result.
1,531,1,3,84DIT/KUB2,1,Ditzelmüller et al. report 2.7E-11 < {K'c(H+)/c°} < 5.8E-11 at pH = 7.0. The apparent equilibrium constant was calculated from this result. The temperature is assumed to be 298.15 K.
1,531,1,4,89RIZ/HAR,1,Rizzi et al. also obtained K' = 6.9E-4 at pH = 7.0 from kinetic data. The temperature is assumed to be 298.15 K.
1,531,2,1,57HOL/TOU,1,Hollmann and Touster report K'c(H+)/c° = 8.58E-11 over the pH range 6.95 to 8.70. The apparent equilibrium constants given above were calculated from this result. The temperature is assumed to be 298.15 K. Also see entry under EC 1.1.1.21.
1,531,2,2,59HOL,1,Hollmann reports K'c(H+)/c0 = 2.97E-11 at pH = 7.0 and pH = 8.24. The apparent equilibrium constants given above were calculated from this. The temperature is assumed to be 298.15 K. Also see entry under EC 1.1.1.21.
1,532,1,1,91SCH/GIF,1,"Schneider and Giffhorn report an ""equilibrium constant of 1.3 nM"". We assume that they are referring to K'c(H+) which they have determined to be 1.3E-9. The apparent equilibrium constant given above was calculated from this result."
1,532,1,2,91SCH/GIF,1,"Schneider and Giffhorn report an ""equilibrium constant of 3.2 nM"". We assume that they are referring to K'c(H+) which they have determined to be 3.2E-9. The apparent equilibrium constant given above was calculated from this result."
1,532,1,3,62CHA/VEI,1,Chakravorty et al. report K'c(H+)/c0 = 3.59E-9 at pH = 8.6. The apparent equilibrium constant given above was calculated from this result. Also see listings under EC 1.1.1.67.
1,532,1,4,62CHA/VEI,1,Chakravorty et al. report K'c(H+)/c0 = 4.5E-11 at pH = 8.6. The apparent equilibrium constant given above was calculated from this result. Also see listings under EC 1.1.1.9 and EC 1.1.1.56.
1,532,2,1,51BLA,1,Also see listings under EC 1.1.1.9.
1,532,2,2,54WIL/BAN,1,Williams-Ashman and Banks report K'c(H+)/c° = 2.05E-9 at 298.15 K. The pH was not specified and is assumed to be 7.0. The apparent equilibrium constant given above was calculated from K'c(H+) and the assumed pH. Few details on the equilibrium determination were given. Also see listings under EC 1.1.1.9.
1,532,2,3,62CHA/VEI,1,Chakravorty et al. report K'c(H+)/c° = 1.14E-9 at pH = 8.6. The apparent equilibrium constant given above was calculated from this result. Also see listings under EC 1.1.1.9.
1,533,1,1,62CHA/VEI,1,Chakravorty et al. report K'c(H+)/c° = 5.4E-11 at pH = 8.6. The apparent equilibrium constant given above was calculated from this result. Also see listings under EC 1.1.1.9.
1,533,1,2,55WOL/KAP,1,Wolff and Kaplan report {K'c(H+)}^{-1} = 200 at pH = 7. Few details were given regarding this approximate result.
1,533,1,3,56WOL/KAP,1,"Wolff and Kaplan report ""an average Kc at pH 0 of (4.9±3.6)E-10"". We assume that this is a typographical error and that the pH should be 7.0. This would make the present result consistent with their earlier result [55WOL/KAP]. The apparent equilibrium constant given above was calculated from their result and the (assumed) pH. Few details of the equilibrium measurements were given."
1,533,2,1,56LAR/JAC,1,Larner et al. report K'c(H+) as a function of pH. The apparent equilibrium constants given above were calculated from these results.
1,533,2,2,73VID/UDE,1,Vidal-Leiria and Van Uden report K'c(H+)/c° = (5.3±2.5)E-12 for 8.3 < pH < 9.8. The apparent equilibrium constant was calculated from this result.
1,533,2,3,66SCH/HOR,1,Scher and Horecker report K'c(H+)/c° = 3.4E-10 at pH = 7.0. The apparent equilibrium constant given above was calculated from this result. Also see entries under EC 1.1.1.10.
1,534,1,1,84DIT/KUB1,1,Ditzelmüller et al. report K'c(H+)/c° = 1E-10 at pH = 7.5. The apparent equilibrium constant was calculated from this result. The temperature is assumed to be 298.15 K.
1,534,1,2,55DAV/GIL,1,Few experimental details about the equilibrium determination are given.
1,534,1,3,55DAV/GIL,1,-
1,534,2,1,55YAN/GIL,1,-
1,534,2,2,70BAL/DEN,1,This result is based upon unpublished data of D. Balinsky and W. W. Cleland. The temperature was not stated and is assumed to be 298.15 K.
1,534,2,3,55ZEL,1,The apparent equilibrium constants given above were calculated from Zelitch's Table IV. Also see entry under EC 1.1.1.27.
1,535,1,1,68KOH/JAK2,1,The apparent equilibrium constants given above were calculated from Kohn and Jakoby's Table III. Also see entry under EC 1.1.1.27.
1,535,1,2,68KOH/WAR,1,The apparent equilibrium constants given above were calculated from Kohn and Warren's Table I. Also see entry under EC 1.1.1.27.
1,535,1,3,55ZEL,1,The apparent equilibrium constants given above were calculated from Zelitch's Table III. Also see entry under EC 1.1.1.27.
1,535,2,1,66CAR/HUL,1,Also see entry under EC 1.1.1.27.
1,535,2,2,68KOH/JAK2,1,The apparent equilibrium constant given above was calculated from Kohn and Jakoby's Table III. Also see entry under EC 1.1.1.27.
1,535,2,3,70KOH/WAR,1,The apparent equilibrium constant given above was calculated from Kohn and Warren's Table II. Also see entry under EC 1.1.1.27.
1,536,1,1,69LAN/DEK,1,Lane and Dekker report K'c(H+)/c° = 1.0E-9 for the pH range 7.4 to 9.2. The apparent equilibrium constants given above were calculated from this result. This result may be in error due to a side reaction involving the formation of oxalate. Also see entries under EC 1.1.1.26.
1,536,1,2,69LAN/DEK,1,Lane and Dekker report K'c(H+)/c° = 3.0E-11 for the pH range 7.4 to 9.2. The apparent equilibrium constants given above were calculated from this result.
1,536,1,3,69LAN/DEK,1,Lane and Dekker report K'c(H+)/c° = 1.2E-10 for the pH range 7.4 to 9.2. The apparent equilibrium constants given above were calculated from this result.
1,536,2,1,37EUL/ADL,1,The temperature is assumed to be 298.15 K.
1,536,2,2,37EUL/ADL3,1,The temperature is assumed to be 298.15 K. Von Euler et al. used two different sources of enzyme in this study.
1,536,2,3,43KUB/OTT,1,-
1,537,1,1,50RAC,1,Racker reports K'c(H+)/c° = 4.4E-12 over the pH range 7.4 to 9.3. The apparent equilibrium constants given above were calculated from this result.
1,537,1,2,52NEI,1,"Neilands reports K'c(H+) at pH = 7.0, 8.0, 9.0, and 10.0. The apparent equilibrium constants given above were calculated from these results. Neilands also reports on the formation of a complex formed from the L-Iactate dehydrogenase and the NADH."
1,537,1,3,56HAK/GLA,1,D-Iactate dehydrogenase (EC 1.1.1.28) may have also been present in the reaction mixtures. We calculate DrH'0 = 46.7 kJ mol-1 at pH = 7.0 from the results given above.
1,537,2,1,56KAP/CIO,1,Kaplan et al. report K'c(H+)/c° = 1.2E-12 at pH = 9.0. The apparent equilibrium constant given above was calculated from this result.
1,537,2,2,57HOH,1,-
1,537,2,3,65DAW/DIC,1,Dawkins and Dickens report K'c(H+)/c0 = 2.38E-12 at pH = 9.0. The apparent equilibrium constant given above was calculated from this result. The temperature is assumed to be 298.15 K.
1,537,2,4,67WIL/LUN,1,Williamson et al. report K'c(H+) in their Tables 2 and 4. The apparent equilibrium constants given above were calculated from their results.
1,538,1,1,69LAN/DEK,1,Lane and Dekker report K'c(H+)/c° = 4.8E-12 for the pH range 7.4 to 9.2. The apparent equilibrium constants given above were calculated from this result.
1,538,1,2,75DON/BAR,1,The result given above has been corrected for the enthalpy of protonation of the buffer. Also see entry under EC 1.1.1.28.
1,538,1,3,79SCH/HIN,1,The enthalpies of reaction given above have been corrected for the enthalpy of protonation of the buffer. Also see entry under EC 1.1.1.28.
1,538,1,4,80COO/BLA,1,Cook et al. report K'c(H+)/c° = 4.5E-12 at pH = 8.0. The apparent equilibrium constant given above was calculated from this result.
1,538,2,1,56KAP/CIO,1,"AP-NAD and AP-NADH are, respectively, 3-acetylpyridine adenine dinucleotide and its reduced form. Kaplan et al. report K'c(H+)/c° = 2.7E-10 at pH = 9.0. The apparent equilibrium constant given above was calculated from this result."
1,538,2,2,55KAT,1,A correction has been applied for the enthalpy of protonation of the buffer. Also see entries under EC 1.1.1.27.
1,538,2,3,86MEI/GAD,1,-
1,539,1,1,57HOL/HOL,1,Holzer and Holldorf report results in terms of {K'c(H+)}^{-1} as a function of pH. The apparent equilibrium constants given above were calculated from these results.
1,539,1,2,65DAW/DIC,1,Dawkins and Dickens report K'c(H+)/c° = 6.1E-14 at pH = 9.0. The apparent equilibrium constant given above was calculated from this result. The temperature is assumed to be 298.15 K. Dawkins and Dickens also report a result of K'c(H+)/c° = 2E-12 at pH = 9.0 for the reaction of (S)-glycerate.
1,539,2,1,82GUY,1,"The last seven apparent equilibrium constants given above were calculated from Guynn's results for K'c(H+). For the reference reaction which we have written here as: (R)-glycerate^{-}(aq) + NAD^{-}(aq) = hydroxypyruvate^{-}(aq) + NADH^{2-}(aq) + H^{+}(aq), Guynn calculated K_c(ref) = 4.36E-13. From Guynn's results obtained at 298.15 K, 303.15 K, and 311.15 K, we calculate ΔrH'°(pH = 7.0, I_c = 0.25 mol dm-3) = 47 kJ mol-1."
1,539,2,2,53LYN/OCH,1,"This result is based upon the unpublished work of F. Lynen, O. Vogelmann, L. Wessely, O. Wieland, and W. Seubert. Few details were given. The temperature is assumed to be 298.15 K."
1,540,1,1,61DOU/MER,1,This is a preliminary report. Few details were given.
1,540,1,2,62KRE/MEL,1,The apparent equilibrium constants given above were calculated from the results given in Table 1 of Krebs et al.
1,540,1,3,62SHU/DOU,1,-
1,540,2,1,67WIL/LUN,1,Williamson et al. report K'c(H+) in their Tables 3 and 4. The apparent equilibrium constants given above were calculated from their results. The pH values given above are the averages of the ranges given in Williamson et al.'s Table 3.
1,540,2,2,86KON/POL,1,Konstanczak and Polster report {K'c(H+)/c°}^-1 = 10^(8.93) at pH = 9.15. The apparent equilibrium constant was calculated from this result.
1,540,2,3,57ROB/COO,1,The temperature is assumed to be 298.15 K.
1,541,1,1,54WAK/GRE,1,Wakil el al. report K'c(H+)/c° = 6.3E-11 over the pH range 7.0 to 10.5. The apparent equilibrium constants given above were calculated from this result.
1,541,1,2,55LYN/WIE,1,Lynen and Wieland report {K'c(H+)}^{-1} = 5.25E9 at pH = 7.8. The apparent equilibrium constant given above is based upon this result. Few details concerning the equilibrium investigation are reported.
1,541,1,3,57STE,1,Stern reports K'c(H+)/c° = 2.17E-10 at pH = 9.6. The apparent equilibrium constant given above was calculated from this result. Few details on the equilibrium investigation are reported.
1,541,2,1,54WAK/GRE,1,Wakil et al. report K'c(H+)/c° = 2.5E-11 over the pH range 7.0 to 10.5. The apparent equilibrium constants given above were calculated from this result.
1,541,2,2,37EUL/ADL,1,The temperature is assumed to be 298.15 K.
1,541,2,3,52STE/OCH,1,-
1,542,1,1,53BUR/WIL,1,"The apparent equilibrium constants given above were calculated from Burton and Wilson's Table 2. Burton and Wilson obtained a mean result af K'c(H+)/c° = 7.50E-13. Thus, for the reference reaction: (S)-malate(aq) + NAD^{-}(aq) = oxaloacetate(aq) + NADH^{2-}(aq) + H^{+}(aq), K(ref) = 7.50E-13. Results are also given for the ionic strength dependency of K'c(H+) in Burton and Wilson's Fig. 2."
1,542,1,2,62RAV/WOL,1,-
1,542,1,3,62RAV/WOL2,1,Raval and Wolfe report K'c(H+)/c° = 1.04E-12 at pH = 8.0. The apparent equilibrium constant given above was calculated from this result.
1,542,2,1,65YOS,1,Yoshida reports K'c(H+) at pH = 8.06 and at pH = 8.70. The apparent equilibrium constants given above were calculated from these results.
1,542,2,2,66BER/MOE,1,Bergmeyer and Moellering also report that K'c(H+)/c° = 1.033E-12 over the pH range 7.37 to 8.19.
1,543,1,1,67WIL/LUN,1,This result was attributed by Williamson et al. to R. L. Veech.
1,543,1,2,68KOH/JAK,1,The apparent equilibrium constants given above were calculated from the results given in Kohn and lakoby's Table IV.
1,543,1,3,68VEE,1,Veech reports K'c(H+)/c° = 2.76E-12 at pH = 7.15 and K'c(H+)/c° = 2.45E-12 at pH = 8.02 with the potassium phosphate buffer and K'c(H+)/c° = 1.4E-12 at pH = 8.15 with the (Tris + acetate) buffer. The apparent equilibrium constants given above were calculated from these results.
1,543,2,1,73GUY/GEL,1,The apparent equilibrium constants given above were calculated from the results given in Guynn et al.'s Table II.
1,543,2,2,75SCH/RIF,1,"For deuterated malate in the above reaction and under the same conditions given above, K' = 8.90E-4."
1,543,2,3,76JES,1,The temperature is assumed to be 298.15 K. A correction has been applied for the enthalpy of protonation of the buffer.
1,544,1,1,80COO/BLA,1,Cook et al. report K'c(H+)/c° = 7.1E-13 at pH = 9.0. The apparent equilibrium constant given above was calculated from this result.
1,544,1,2,85ANS/PRI,1,Ansari et al. report K'c(H+)/c° for the reaction occurring in buffer alone and in the presence of added proteins (bovine serum albumin (BSA) and ovalbumin) at a concentration of 500 g dm-3. The apparent equilibrium constants were calculated from these results. Few experimental details were given and the results are stated to be preliminary.
1,544,1,3,68KOH/JAK,1,The apparent equilibrium constants given above were calculated from the results given in Kohn and Jakoby's Table III. Also see 79KIM/PET.
1,544,2,1,79KIM/PET,1,"Kimball et al. also determined K'(T = 298.15 K, pH = 8.0) = 0.036 for the uncatalyzed reaction: (E)-dihydroxyfumarate(aq) = 2-oxo-3-hydroxysuccinate(aq). Thus, K'(T = 298.15 K, pH = 8.0) = {(1.25E-6)/0016)} = 3.5E-5 for the reaction: meso-tartrate(aq) + NAD(aq) = (E)-dihydroxyfumarate(aq) + NADH(aq). Also see 68KOH/JAK."
1,544,2,2,80PET/AMI,1,Aspartate aminotransferase (EC 2.6.1.1) was also present. This is an approximate result.
1,544,2,3,52STE/OCH,1,"Citrate (si) synthase (EC 4.1.3.7) was also present. The results given by Stern et al. in their Table III and Fig. 3 included the concentration of water as 55.5 mol dm-3, The apparent equilibrium constants given above have been adjusted so that the activity of water is unity."
1,545,1,1,83WED/BLA,1,This result is based upon kinetic data.
1,545,1,2,53HAR/KOR,1,-
1,545,1,3,68VEE,1,Also see 69VEE/EGG.
1,545,2,1,69VEE/EGG,1,Veech et al. report an apparent equilibrium constant in their Table 2.This result was taken from the thesis of R. L. Veech [68VEE].
1,545,2,2,75SCH/RIF,1,"For deuterated (S)-malate in the above reaction and under the same conditions given above, K'c = 0.025."
1,545,2,3,77SCH/CLE,1,This is an approximate result based upon kinetic data.
1,546,1,1,48OCH,1,The average pH at which the experiments were conducted is given above.
1,546,1,2,68LON/DAL,1,"Londesborough and Dalziel measured the partial pressure of CO2(g) over the solution and used auxiliary data to calculate the concentration of carbon dioxide(aq) in solution. The third result, given above for pH = 7.05, was obtained over the pH range 6.9 to 7.2. Londesborough and Dalziel also report results of equilibrium measurements which were performed at varying temperatures, ionic strengths, and concentrations of MgSO4. These results are shown in their Figs. 1, 2, and 3 and are expressed in terms of the partial pressure of CO2(g)."
1,546,1,3,68VEE,1,-
1,546,2,1,73SHE/GUL,1,-
1,546,2,2,80COO/BLA,1,-
1,546,2,3,69VIL/DAL,1,Villet and Dalziel measured the partial pressure of CO2(g) over the solution and used auxiliary data to calculate the concentration of carbon dioxide(aq) in solution. They also report results of equilibrium measurements which were performed at varying temperatures in their Fig. 4.
1,547,1,1,52STR/KOR,1,-
1,547,1,2,53BRI,1,Brink reports K'c(H+)/c° = 3.1E-7 at pH = 7.0. The apparent equilibrium constant given above was calculated from this result. The position of equilibrium was approached from only one direction.
1,547,1,3,62DOU,1,The same result is reported in [57DOU/CON].
1,547,2,1,74UEB/BLA,1,-
1,547,2,2,55GLA/BRO,1,-
1,547,2,3,70WUR/HES,1,Wurster and Hess (73WUR/HES) later corrected the result at pH = 7.6 to K' = 20.
1,548,1,1,73WUR/HES,1,-
1,548,1,2,86CAS/VEE,1,6-phosphogluconolactonase (EC 3.1.1.31) was also present. The apparent equilibrium constants given above were calculated from the results given in Table VII in the miniprint section of Casazza and Veech's paper. The reaction mixture may not have reached equilibrium.
1,548,1,3,56TAL/MAR,1,Tallalay and Marcus report K'c(H+)/c° = 5.8E-9 over the pH range 6.1 to 9.0. The apparent equilibrium constants given above were calculated from this result. Results of individual measurements are shown in Tallalay and Marcus' Fig. 2 but are difficult to read accurately. Also see 63TAL.
1,548,2,1,57TAL,1,Tallalay reports K'c(H+)/c° = 7.42E-9 at an unspecified pH which we assume to be $\approx$ 7.0. The apparent equilibrium constant given above is based on this result. Few details on the equilibrium measurements were given.
1,548,2,2,65BOY/BAR,1,"Boyer et al. report K'c(H+)/c° = 9.2E-9 over the pH range 6.3 to 9.85. The apparent equilibrium constants given above were calculated from this result. They also report that a plot of log K' versus pH is linear over this pH range. Thus, for the reference reaction: 5\alpha-androstane-3\alpha-ol-17-one(aq) + NAD^{-}(aq) = 5\alpha-androstane-3,17-dione(aq) + NADH^{2-}(aq) + H^{+}(aq), K(ref) $\approx$ 9.2E-9."
1,548,2,3,57TAL,1,Tallalay reports K'c(H+)/c° = 6.68E-9 at an unspecified pH which we assume to be $\approx$ 7.0. The apparent equilibrium constant given above is based on this result. Few details on the equilibrium measurements were given.
1,549,1,1,65BOY/BAR,1,"TNAD and TNADH are, respectively, thionicotinamide-adenine dinucleotide and its reduced form. Boyer et al. report K'c(H+)/c° = 6.0E-8 over the pH range 6.3 to 9.85. The apparent equilibrium constants given above were calculated from this result. They also report that a plot of log K' versus pH is linear over this pH range. Thus, for the reference reaction: 5\alpha-androstane-3\alpha-ol-17-one(aq) +TNAD^{-}(aq) = 5\alpha-androstane-3,17-dione(aq) + TNADH^{2-}(aq) + H^{+}(aq), K(ref) $\approx$ 6.0E-8."
1,549,1,2,57TAL,1,Tallalay reports K'c(H+)/c° = 1.57E-9 at an unspecified pH which we assume to be $\approx$ 7.0. The apparent equilibrium constant given above is based on this result. Few details on the equilibrium measurements were given.
1,549,1,3,59TAL/LEV,1,Tallalay and Levy report K'c(H+)/c° = 1.13E-9 over the pH range 6.5 to 9.5. The apparent equilibrium constants given above were calculated from this result.
1,549,2,1,59TAL/LEV,1,Tallalay and Levy report K'c(H+)/c° = 2.13E-9 over the pH range 6.5 to 9.5. The apparent equilibrium constants given above were calculated from this result.
1,549,2,2,56TOM,1,The apparent equilibrium constants given above were .calculated from results given in Tomkin's Table IV. The temperature is assumed to be 298.15 K.
1,549,2,3,57TAL,1,Tallalay reports K'c(H+)/c° = 1.07E-9 at an unspecified pH which we assume to be $\approx$ 7.0. The apparent equilibrium constant given above is based on this result. Few details on the equilibrium measurements were given.
1,550,1,1,59TAL/LEV,1,Tallalay and Levy report K'c(H+)/c° = 1.07E-9 over the pH range 6.5 to 9.5. The apparent equilibrium constants given above were calculated from this result.
1,550,1,2,57TAL,1,Tallalay reports K'c(H+)/c° = 2.11E-9 at an unspecified pH which we assume to be $\approx$ 7.0. The apparent equilibrium constant given above is based on this result. Few details on the equilibrium measurements were given.
1,550,1,3,53TAL/DOB,1,The apparent equilibrium constants given above were obtained from Tallalay and Dobson's Fig. 2.
1,550,2,1,56TAL/MAR,1,Tallalay and Marcus report K'c(H+)/c° = 2.6E-8 over the pH range 6.1 to 9.0. The apparent equilibrium constants given above were calculated from this result. Results of individual measurements are shown in Tallalay and Marcus' Fig. 2 but are difficult to read accurately. Tallalay and Marcus consider these results to be superior to the earlier results of Tallalay and Dobson [53TAL/DOB]. Also see 63TAL.
1,550,2,2,57TAL,1,Tallalay reports K'c(H+)/c° = 3.78E-8 at an unspecified pH which we assume to be $\approx$ 7.0. The apparent equilibrium constant given above is based on this result. Few details on the equilibrium measurements were given.
1,550,2,3,59TAL/LEV,1,Tallalay and Levy report K'c(H+)/c° = 3.78E-8 over the pH range 6.5 to 9.5. The apparent equilibrium constants given above were calculated from this result.
1,551,1,1,59TAL/LEV,1,Tallalay and Levy report K'c(H+)/c° = 1.88E-9 over the pH range 6.5 to 9.5. The apparent equilibrium constants given above were calculated from this result.
1,551,1,2,59TAL/LEV,1,Tallalay and Levy report K'c(H+)/c° = 9.9E-10 over the pH range 6.5 to 9.5. The apparent equilibrium constants given above were calculated from this result.
1,551,1,3,57TAL,1,Tallalay reports K'c(H+)/c° = 9.2E-10 at an unspecified pH which we assume to be $\approx$ 7.0. The apparent equilibrium constant given above is based on this result. Few details on the equilibrium measurements were given.
1,551,2,1,59TAL/LEV,1,Tallalay and Levy report K'c(H+)/c° = 9.2E-10 over the pH range 6.5 to 9.5. The apparent equilibrium constants given above were calculated from this result.
1,551,2,2,60GUP/ROB,1,Gupta and Robinson report K'c(H+)/c° = 2.4E-13 over the pH range 8.4 to to 10.0. The apparent equilibrium constants given above were calculated from this result.
1,551,2,3,58FRO,1,"The apparent equilibrium constants given above are the averages of the forward and reverse direction results given in Fromm's Tables III and IV, respectively. Also see listings under EC 1.1.1.9 and EC 1.1.1.14."
1,552,1,1,59NOR/FRO,1,Also see listings under EC 1.1.1.9 and EC 1.1.1.14.
1,552,1,2,59DEN/ROB,1,Den el al. report K'c(H+)/c° = 9E-12 at pH = 9.0. We calculate K' = 9E-3 from this result. The temperature is assumed to be 298.15 K.
1,552,1,3,61GOT/KOR,1,-
1,552,2,1,68KOH,1,Kohn reports K'c(H+)/c° = 1.7E-12 at pH = 7.5. The apparent equilibrium constant given above was calculated from this result. Equilibrium was not approached from both directions.
1,552,2,2,60NIR/JAK,1,Nirenberg and Jakoby report K'c(H+) at pH = 7.14 and 8.00. The apparent equilibrium constants given above were calculated from these results. The temperature is assumed to be 298.15 K.
1,552,2,3,58LAN/ENG,1,Langer and Engel report K'c(H+) ~= 1.8E-8 over the pH range 6.47 to 10.14. The apparent equilibrium constants given above were calculated from this result.
1,553,1,1,63EDM/WRI,1,Edmundowicz and Wriston report K'c(H+)/c° = 5.0E-12 at pH = 8.05. The apparent equilibrium constant given above was calculated from this result. Also see listings under EC 1.1.1.14.
1,553,1,2,63MAR/BAR,1,Martinez et al. report K'c(H+) ~= 5.3E-9 at pH = 7.2. The apparent equilibrium constant given above was calculated from this result. Also see listings under EC 1.1.1.14.
1,553,1,3,63OKA,1,Okamoto report K'c(H+)/c° = 3.5E-12 over the pH range 7.3 to 9.1. The results given above were calculated from this result.
1,553,2,1,72KOR/HUR,1,Kormann et al. report K'c(H+)/c° = 1.67E-6 at pH = 7.0. The apparent equilibrium constant given above was calculated from this result.
1,553,2,2,66CAR/HUL,1,-
1,553,2,3,88MAC/FEW,1,MacKintosh and Fewson report K'c(H+)/c° = 3.08E-11 at pH = 9.5. The apparent equilibrium constant was calculated from this result. Also see 80COO/BLA under EC 1.1.1.1.
1,554,1,1,65WAL/SAL,1,Walsh and Sallach report K'c(H+)/c° = 1E-12 at pH = 8.0. The apparent equilibrium constant given above was calculated from this result. This is an approximate result obtained from kinetic data.
1,554,1,2,68SUG/PIZ,1,Sugimoto and Pizer report K'c(H+) at pH = 7.5 at T = 298.15 K and at 310.15 K. The apparent equilibrium constants given above were calculated from these results.
1,554,1,3,81MER/MCA,1,"Merrill et al. have performed equilibrium calculations to obtain equilibrium constants for the reference reaction which we have written as: 3-phospho-D-glycerate^{3-}(aq) + NAD^{-}(aq) = 3-phosphohydroxypyruvate^{3-}(aq) + NADH^{2-}(aq) + H^{+}(aq). For this reaction, K_c(l_c = 0.25 mol dm-3, T = 311.15 K) = 3.45E-13 and K_c(l_c = 0.25 mol dm-3, T = 298.15 K) = 1.30E-13."
1,554,2,1,70NAK/TSU,1,Nakano el al. report K'c(H+) = 2.6E-13 at pH = 6.5. The apparent equilibrium constant given above was calculated from this result.
1,554,2,2,72FOR/GAU,1,-
1,555,1,1,66TOO/WAK,1,Toomey and Wakil report {K'c(H+)}^{-1} = 3.93E7 at pH = 7.0 and {K'c(H+)}^{-1} = 6.20E7 at pH = 9.0. The apparent equilibrium constants given above were calculated from these results. The temperature is assumed to be 298.15 K.
1,555,1,2,68AUR/KLE,1,Aurich et al. report K'c(H+)/c° = 1.3E-11 over the pH range 6.9 to 9.1. The apparent equilibrium constants given above were calculated from this result.
1,555,1,3,68JEA/DEM,1,Jean and DeMoss report K'c(H+)/c° = 6.3E-6 at pH = 7.0. The apparent equilibrium constant given above was calculated from this result.
1,555,2,1,65LEE/DOB,1,Lee and Dobrogosz report K'c(H+)/c° = 1.34E-6 at pH = 6.4. The apparent equilibrium constant given above was calculated from this result. The temperature is assumed to be 298.15 K.
1,555,2,2,68AVI/ALR,1,The reaction mixture described in Avigad et al.'s Table IV may not have reached equilibrium. The apparent equilibrium constants given above were calculated from Avigad el al.'s results for K'c(H+) over the pH range 6.13 to 6.93.
1,556,1,1,66AVI/ENG,1,The apparent equilibrium constants given above were calculated from the results of Avigad et al. for K'c(H+) over the pH range 6.20 to 7.10. The position of equilibrium was not approached from two different directions.
1,556,1,2,65EIC/CYN,1,"This is an approximate result. Also, equilibrium was not approached from both directions. It is assumed that the result of 3.4E-12 which Eichorn and Cynkin report is K'c(H+) and that the pH = 9.0. The apparent equilibrium constant given above was calculated from this result."
1,556,1,3,64ASP/JAK,1,The temperature of reaction is assumed to be 298.15 K. The apparent equilibrium constants given above were calculated from Aspen and Jakoby's results for K'c(H+) over the pH range 6.9 to 7.75.
1,556,2,1,59SHO/PRI,1,Shockley and Pride report K'c(H+)/c° = 1.07E-9 at pH = 9.0. The apparent equilibrium constant given above was calculated from this result. The temperature is assumed to be 298.15 K.
1,556,2,2,75BRA/JAR,1,These investigators report K'c(H+)/c° = 6.5E-8 over the pH range 6.0 to 8.0. The apparent equilibrium constants given above were calculated from this result.
1,557,1,1,63MON/WHI,1,The apparent equilibrium constants given above were calculated from the results given in Monder and White's Table VIII.
1,557,1,2,71KAT,1,-
1,557,1,3,82SUE/KAT,1,Sueoka and Katoh report {K'c(H+)/c°}^{-1} = (2.20±0.46)E9 for 7.88 < pH < 8.06. The apparent equilibrium constant was calculated from this result.
1,557,2,1,83KAT/SUE,1,-
1,557,2,2,75WYR/GRI,1,Wyrambik and Grisebach report K'c(H+)/c° = 2.8E-9 over the pH range 7.8 to 8.8. The apparent equilibrium constants given above were calculated from this result.
1,557,2,3,87BUC/MIL,1,Buckel and Miller report K'c(H+)/c° = 1.47E-12 for phosphate buffer and K'c(H+)/c° = 1.83E-12 for Tris buffer. They prefer the result determined with the phosphate buffer. The apparent equilibrium constants given above were calculated from these results. The ionic strength was adjusted to Ic = 0.1 mol dm-3 with NaCI.
1,558,1,1,81HIR,1,Hirai reports K'c(H+)/c° = 5.12E-10 at pH = 8.66. The apparent equilibrium constant was calculated from this result. The position of equilibrium was approached from only one direction.
1,558,1,2,59DEL/DEF,1,The apparent equilibrium constants given above were calculated from the results in DeLey and Defloor's Table I.
1,558,1,3,66ALL,1,-
1,558,2,1,69DOL,1,-
1,558,2,2,68BEE/DEL,1,Van Beeumen and De Ley report K'{c(H+)}^2 = 1E-11. The apparent equilibrium constant given above was calculated from this result. The position of equilibrium was approached from only one direction.
1,558,2,3,76RUS/MUL,1,"Ruschig et al. determined only the concentration of NADH. They then compared this result with the concentration of NADH calculated from an assumed apparent equilibrium constant of 420. They found that this calculated concentration was close to the measured concentration. Unfortunately, they did not report sufficient information to allow us to calculate an apparent equilibrium constant directly. The temperature is assumed to be 298.15 K."
1,559,1,1,79REK/EGO,1,The results given above have not been corrected for the heat of protonation of the buffer.
1,559,1,2,53BUR/STA,1,The apparent equilibrium constants given above were calculated from the results in Burton and Stadtman's Table VIII. They also report K'c(H+)/c° = 1.2E-4. The temperature is assumed to be 298.15 K.
1,559,1,3,55STA/BUR,1,Few details on the equilibrium measurements are given.
1,559,2,1,55BLA/WRI2,1,The apparent equilibrium constant given above was calculated from Black and Wright's Table III. The temperature was assumed to be 298.15 K.
1,559,2,2,62BLA,1,Black reports {K'c(H+)}^{-1} = 3.0E-6 at pH = 8.0. The apparent equilibrium constant given above was calculated from this result. Few details on the equilibrium investigation are reported.
1,559,2,3,79BYE/SHE,1,The apparent equilibrium constant given above was obtained from Byers el al.'s Fig. 1.
1,560,1,1,79BYE/SHE,1,The apparent equilibrium constant given above was obtained from Byers et al.'s Fig. 1.
1,560,1,2,79BYE/SHE,1,The apparent equilibrium constant given above was obtained from Byers et al.'s Fig. 1.
1,560,1,3,79BYE/SHE,1,The apparent equilibrium constant given above was obtained from Byers et al.'s Fig. 1.
1,560,1,4,79BYE/SHE,1,The apparent equilibrium constant given above was obtained from Byers et al.'s Fig. 1.
1,560,2,1,79BYE/SHE,1,The apparent equilibrium constant given above was obtained from Byers et al.'s Fig. 1.
1,560,2,2,45DRA/MEY,1,Drabkin and Meyerhoff state that these results are approximate.
1,560,2,3,47MEY/OES,1,Meyerhof and Oesper state that this apparent equilibrium constant is independent of temperature over the range T = 295 K to 305 K. The apparent equilibrium constants given above are averages of the results given in Meyerhof and Oesper's Tables I and III.
1,561,1,1,50COR/VEL,1,"The temperature is assumed to be 298.15 K. The results given above were calculated from the results given in Cori et al.'s Table V. In doing this calculation, we assumed that the equilibrium concentrations of NADH(aq) and of 3-phospho-D-glyceroylphosphate(aq) were equal to {c(NAD)initial-C(NAD)final}. The apparent equilibrium constants given above do not agree with those given in column 8 in Table V of Cori et al. Cori et al. have also recalculated the earlier results of Meyerhof and Oesper [47MEY/OES]."
1,561,1,2,79BYE/SHE,1,The apparent equilibrium constant given above was obtained from Byers et al.'s Fig. 1.
1,561,2,1,79COR/LEA,1,"The apparent equilibrium constants given above were calculated from the results given in Cornell et al.'s Tables I, II, and III. In several cases, we obtained K'c from K'c(H+) and the pH given by Cornell et al. The pH for the results given in Table II and III were taken to be 6.91 and 7.10, respectively."
1,561,2,2,79BYE/SHE,1,The apparent equilibrium constant given above was obtained from Byers et al.'s Fig. 1.
1,562,1,1,68VEE,1,Phosphoglycerate kinase (EC 2.7.2.3) was also present. Veech reports K'c(H+)/c0 in his Table III.5. The apparent equilibrium constants given above were calculated from these results. Also see 70VEE/RAI.
1,562,1,2,70VEE/RAI,1,Phosphoglycerate kinase (EC 2.7.2.3) was also present. Veech et al. report K'c(H+)/c° = 5.9E-6 over the pH range 6.88 to 7.02. The apparent equilibrium constant given above was calculated from this result. The ionic strength was 0.25 mol dm-3. Also see 68VEE.
1,562,2,1,78MEE/AKE,1,Phosphoglycerate kinase (EC 2.7.2.3) was also present. The apparent equilibrium constants given above were taken from van der Meer et al.'s Fig. 2.
1,562,2,2,79COR/LEA,1,Phosphoglycerate kinase (EC 2.7.2.3) was also present. The apparent equilibrium constant given above was calculated from the results given in Cornell et al.'s Table V.
1,563,1,1,63QUA,1,The apparent equilibrium constants given above were calculated from Quayle's Table 1.
1,563,1,2,83YAM/SAI,1,"The apparent equilibrium constant given above was calculated from the initial concentrations of bicarbonate and NADPH and the final concentration of NADP given by Yamamoto et al. Note that Yamamoto et al. state that ""0.106 mM of NADPH is present at the completion of the reaction"". However, it is clear from the context of their discussion and calculation that this is actually the concentration of the NADP at equilibrium. The position of equilibrium for this reaction was approached from only one direction."
1,563,1,3,67POE/GUT,1,"The result given above is the average of the results obtained in phosphate and Tris buffers. Since the results were the same in both buffers, there is no change in binding of H^{+}(aq) and the correction for the enthalpy of protonation of the buffer is zero."
1,563,2,1,54GRE/MII,1,-
1,563,2,2,56HAU,1,-
1,563,2,3,61KRA/VEN,1,Krakow and Vennesland report {K'c(H+)}^{-1} as a function of the pH. The apparent equilibrium constants given above were calculated from these results.
1,564,1,1,61KRA/VEN,1,"AP-NAD and AP-NADH are, respectively, 3-acetylpyridine adenine dinucleotide and its reduced form. Krakow and Vennesland report {K'c(H+)}^{-1} as a function of the pH. The apparent equilibrium constants given above were calculated from these results."
1,564,1,2,60OCO/HAL,1,O'Connor and Halvorson report K'_{c}c(H+)/c0 = 1.36E-14 at pH = 10.0. The apparent equilibrium constant given above was calculated from this result.
1,564,1,3,60PIE/WIA,1,"The apparent equilibrium constants given above were calculated from the results given in Pierard and Wiame's Table IV. There is a typographical error in the heading for column 7 in that table: ""K x E4"" should be ""K x E14""."
1,564,2,1,65YOS/FRE,1,The apparent equilibrium constants given above were calculated from the results given in Yoshida and Freese's Table II.
1,564,2,2,81GRI/CLE,1,Grimshaw and Cleland report K'_{c}c(H+)/c° = 5.4E-14 at pH = 7.9. The apparent equilibrium constant given above is calculated from this result.
1,564,2,3,38EUL/ADL,1,The temperature is assumed to be 298.15 K. We have recalculated the results of von Euler et al. on the assumption that the concentration of ammonia is equal to the concentration of NADH. Also see the discussion of Olson and Anfinsen [53OLS/ANF]. Also see entries under EC 1.4.1.3.
1,565,1,1,53STR,1,Strecker reports K'_{c}c(H+) as a function of pH. The apparent equilibrium constants given above were calculated from the results given in Strecker's Table II. Strecker considers the last result given above (at pH = 7.6) to be the most reliable. Also see entries under EC 1.4.1.3.
1,565,1,2,56KAP/CIO,1,Kaplan et al. report K'_{c}c(H+)/c° = 6.1E-14 at pH = 7.6. The apparent equilibrium constant given above was calculated from this result. Also see entries under EC 1.4.1.3.
1,565,2,1,67ENG/DAL,1,We calculated the apparent equilibrium constants given above from the results given in Engel and Dalziel's Table 1. Engel and Dalziel included both the concentration of the water and of the hydrogen ion in their calculations (see columns 7 and 8 In their Table 1). Engel and Dalziel extrapolated their results to I = 0 and obtained K'_{c}c(H+)/c(H2O) = 6.4E-16 at pH = 7.0 and T = 300.15 K. This result corresponds to K'c= 3.5E-7 at pH = 7.0. The last five apparent equilibrium constants given above (T = 298.1 K to T = 311.1 K) were obtained from Engel and Dalziel's Fig. 2. From these results we calculate ΔrH'0(pH = 7.0 and Ic = 0.47 mol dm-3) = 75 kJ mol-1. Also see entries under EC 1.4.1.3.
1,566,1,1,85ANS/PRI,1,Ansari et al. report K'_{c}c(H+)/c0 for the reaction occurring in buffer alone and in the presence of added proteins (bovine serum albumin (BSA) and ovalbumin) at a concentration of 500 g dm-3. The apparent equilibrium constants were calculated from these results. Few experimental details were given and the results are stated to be preliminary. Also see entries under EC 1.4.1.3.
1,566,1,2,56KAP/CIO,1,"AP-NAD and AP-NADH are, respectively, 3-acetylpyridine adenine dinucleotide and its reduced form. Kaplan et al. report K'_{c}c(H+)/c° = 5.6E-11 at pH = 7.6 The apparent equilibrium constant given above was calculated from this result."
1,566,1,3,78SUB,1,"AP-NAD and AP-NADH are, respectively, 3-acetylpyridine adenine dinucleotide and its reduced form. The results have been corrected for the enthalpy of protonation of the butter."
1,566,2,1,53OLS/ANF,1,Olson and Anfinsen report K'_{c}c(H+)/(55.56c°) = 1.75E-15 over the pH range 6.8 to 8.1. We have calculated the apparent equilibrium constants given above from this result.
1,566,2,2,53OLS/ANF,1,Olson and Anfinsen report K'_{c}c(H+)/(55.56c°) = 2.61E-15 over the pH range 6.4 to 7.5. The apparent equilibrium constants given above were calculated from this result. Also see entries under EC 1.4.1.2.
1,566,2,3,53OLS/ANF,1,Olson and Anfinsen report K'_{c}c(H+)/(55.56c°) = 1.78E-15 over the pH range 6.4 to 7.5. We have calculated the apparent equilibrium constants given above from this result.
1,567,1,1,59FRI,1,"Frieden's result, which is based upon kinetic data, is given as K'c(H+)/c° = 4.5E-14. The apparent equilibrium constant given above is calculated from this result."
1,567,1,2,67ENG/DAL,1,"We calculated the apparent equilibrium constants given above from the results given in Engel and Dalziel's Table 2. Engel and Dalziel included both the concentration of the water and of the hydrogen ion in their calculations (see columns 7 and 8 in their Table 2). Engel and Dalziel extrapolated their results to I = 0 and obtained K'_{c}c(H+)/c(H2O) = 1.93E-16 at pH = 7.0 and T = 300.15 K. This result corresponds to K'c = 1.1E-7 at pH = 7.0. The last five apparent equilibrium constants given above (T = 298.1 K to T = 311.1 K) were obtained from Engel and Dalziel's Fig. 2. From these results we calculate ΔrH'°(pH = 7.0, Ic = 0.47 mol dm-3) = 73 kJ mol-1."
1,567,2,1,78SUB,1,Subramanian reports K'_{c}c(H+) at pH = 7.6 at T = 298.15 K and at T = 308.15 K. The apparent equilibrium constants given above were calculated from the results given in Subramanian's Table 1.
1,567,2,2,78SUB,1,The results given above have been corrected for the enthalpy of protonation of the buffer.
1,567,2,3,80COO/BLA,1,Cook et al. report K'_{c}c(H+)/C° = 4.4E-14 at pH = 8.5. The apparent equilibrium constant given above was calculated from this result.
1,568,1,1,61SAN/ZIN,1,Sanwal and Zink report K'_{c}c(H+)/c° = 1.11E-13 at pH = 11.0. The apparent equilibrium constant given above was calculated from this result.
1,568,1,2,62GOL/WAG,1,Goldman and Wagner report {K'_{c}c(H+)}^{-1} = 4.4E10 at pH = 6.4. The apparent equilibrium constant given above was calculated from this result.
1,568,1,3,72BAK/JEN,1,The apparent equilibrium constants given above were calculated from Baker et al.'s Table VI. The fifth result gjven above may be an outlier.
1,568,2,1,70TSU/FRI,1,This is an approximate result.
1,568,2,2,85SRI/FIS,1,Srinivasan and Fisher state that K' for this reaction is constant over the pH range 7.9 to 9.2.
1,568,2,3,81PAH/JAG,1,The temperature is assumed to be 298.15 K.
1,569,1,1,84BLA/COC,1,-
1,569,1,2,63HUE,1,The temperature is assumed to be 298.15 K.
1,569,1,3,63MAT/HUE,1,The apparent equilibrium constants given above were calculated from Matthews and Huennekens' Table V.
1,569,1,4,68NIX/BLA,1,Nixon and Blakley report {K'c(H+)}^{-1} at pH 6.7 and 8.0. The apparent equilibrium constants given above were calculated from these results.
1,569,2,1,72NAG/JAE,1,"From kinetic data, Nagelschmidt and Jaenicke obtained {K'c(H+)/c°}^{-1} = 3.2E11 at pH = 8.2. The apparent equilibrium constant was calculated from this result."
1,569,2,2,73ROT/KIS,1,The result given above has been corrected for the enthalpy of protonation of the buffer.
1,569,2,3,67UYE/RAB,1,-
1,570,1,1,86MEI/GAD,1,-
1,570,1,2,91WOH/DIE,1,"AP-NAD and AP-NADH are, respectively, 3-acetylpyridine adenine dinucleotide and its reduced form. The above results were calculated from Wohlfarth and Diekert's Tables 1 and 2."
1,570,1,3,84RAG/LJU,1,This is an approximate result based upon kinetic data. The temperature is assumed to be 298.15 K.
1,570,2,1,91WOH/DIE,1,The above results were calculated from Wohlfarth and Diekert's Tables 1 and 2.
1,570,2,2,86MEI/GAD,1,-
1,570,2,3,86MEI/GAD,1,-
1,571,1,1,91SRI/NAM,1,We calculate ΔrH'°(pH = 9.1) = -19.3 kJ mol-1 from the above results. Srinivasan and Nambi report K(ref) = (0.00571±0.00083) for the reference reaction which we have written as: L-pipecolate^{2-}(aq) + NADP^{3-}(aq) = Δ1-piperidine 2-carboxylate^{-}(aq) + NADPH^{4-}(aq). The results given above were taken from their Fig. 2. Srinivasan and Nambi also report ΔrH° = -20.9 KJ mol-1 at Ic = 0.1 mol dm-3 for this reference reaction from the temperature dependency of the equilibrium constant.
1,571,1,2,53KAP/COL,1,-
1,571,1,3,74SCH/STU,1,This is unpublished data cited in 74BUR. Few details were given. The temperature is assumed to be 298.15 K and the pH ~= 7.0. The change in binding of H^{+}(aq) should be zero for the above reaction at pH = 7 and the buffer protonation correction will also be zero.
1,571,2,1,63MAP/ISH,1,The apparent equilibrium constants given above were calculated from Mapson and Isherwood's Table 2. Veech [68VEE] states the above results are in error due to contamination of the glutathione.
1,571,2,2,63SCO/DUN,1,Scott et al. report K'_{c}c(H+) at pH = 6.8. The apparent equilibrium constants given above were calculated from this result. We also calculated ΔrH'°(pH = 6.8) = -2 kJ mol-1 from the temperature dependency of the apparent equilibrium constant.
1,571,2,3,68VEE,1,Veech reports the quantity K'c(H+)/c° at pH = 6.90 at T = 298.15 K and at T = 311.15 K. The apparent equilibrium constants given above were calculated from these results.
1,572,1,1,69VEE/EGG,1,Veech et al. report an apparent equilibrium constant in their Table 2 which was taken from the thesis of R. L. Veech (see 68VEE).
1,572,1,2,84PAU,1,The result given above was corrected for the enthalpy of protonation of the buffer.
1,572,1,3,64MOO/REI,1,Moore et al. report {K'c(H+)}^{-1} as a function of pH. The apparent equilibrium constants given above were calculated from these results. The temperature is assumed to be 298.15 K.
1,572,2,1,67POE/GUT,1,"The result given above is the average of the results obtained in several buffers. The results have heen corrected for the enthalpies of protonation of the buffers. It is assumed that the ""mole"" referred to by Poc et al. is a mole of NADH."
1,572,2,2,65KAT/BUC,1,-
1,572,2,3,59SAN/LAN,1,The apparent equilibrium constants given above were obtained from Sanadi et al.'s Fig. 5. Sonadi et al. also report in their Table III a result of K' ~= 0.15 over the pH range 7.05 to 7.17.
1,573,1,1,57SAN/SEA,1,Sanadi and Searls report K'c(H+)/c° = 1.65E-8 at pH = 7.1. The apparent equilibrium constant given above was calculated from this result.
1,573,1,2,59GOL,1,The apparent equilibrium constant given above was calculated from the results given in Goldman's Table VI.
1,573,1,3,59SAN/LAN,1,-
1,573,1,4,66CHA/WIL,1,-
1,573,2,1,76GRE/BRI,1,This is an approximate result. The temperature is assumed to be 298.15 K.
1,573,2,2,91MOR/FRE,1,Morin and Freire found that one proton was consumed for each mole of cytochrome c which was oxidized. The result given above has been corrected for the enthalpies of protonation of the buffers.
1,573,2,3,79REK/EGO,1,The result given above has not been corrected for the enthalpy of protonatlon of the butter.
2,550,2,1,62DUR/RAW,1,"Durell et al. applied ionization and buffer protonation corrections and obtained ΔrH°(T = 298.15 K) = -36.8 kJ mol-1 at T = 298.15 K for the chemical reference reaction: betaine(aq) + L-homocysteine(aq) = N,N-dimethylglycine(aq) + L-methionine(aq)."
2,551,1,1,57DUR/STU,1,Durell and Sturtevant applied ionization and buffer protonation corrections and obtained ΔrH°(T = 298.15 K) = -52.7 kJ mol-1 for the chemical reference reaction: dimethylacetothetin(aq) + L-homocysteine(aq) = S-methylthioglycolate^{-}(aq) + L-methionine(aq) + H^{+}(aq). These results were superseded by those of Durell et al. [62DUR/RAW].
2,551,1,2,62DUR/RAW,1,Durell et al. applied ionization and buffer protonation corrections and obtained ΔrH°(T = 298.15 K) = -47.3 kJ mol-1 for the chemical reference reaction: dimethylacetothetin(aq) + L-homocysteine(aq) = S-methylthioglycolate^{-}(aq) + L-methionine(aq) + H^{+}(aq). This result supersedes the earlier result of Durell and Sturtevant [57DUR/STU].
2,551,1,3,66MUD/KLE,1,"Mudd et al. used ΔrN(H+) = -1.0 and the enthalpy of ionization of the buffer to calculate ΔrH'°(T = 297.15 K, pH = 7.07) = -44.3 kJ mol-1."
2,551,2,1,66MUD/KLE,1,"Mudd et al. used ΔrN(H+) = -1.0 and the enthalpy of ionization of the buffer to calculate ΔrH'°(T = 297.15 K, pH = 7.07) = -36.4 kJ mol-1."
2,551,2,2,62DUR/RAW,1,Durell et al. applied ionization and buffer protonation corrections and obtained ΔrH°(T = 298.15 K) = -32.2 kJ mol-1 for the chemical reference reaction: S-methylmethionine^{+}(aq) + L-homocysteine(aq) = 2 L-methionine(aq) + H^{+}(aq).
2,551,2,3,66MUD/KLE,1,"Mudd et al. used ΔrN(H+) = -1.0 and the enthalpy of ionization of the buffer to calculate ΔrH'°(T = 297.15 K, pH = 7.07) = -28.5 kJ mol-1."
2,551,2,4,66MUD/KLE,1,"Mudd et al. used ΔrN(H+) = -1.0 and the enthalpy of ionization of the buffer to calculate ΔrH'°(T = 297.15 K, pH = 7.07) = -55.2 kJ mol-1."
2,552,1,1,73ROT/KIS,1,-
2,552,1,2,57KAR/GRE,1,-
2,552,1,3,56ALE/GRE,1,The temperature is most likely 310.15 K.
2,552,1,4,60BLA,1,-
2,552,2,1,56RAB/PRI,1,This is an approximate result.
2,552,2,2,65UYE/RAB,1,-
2,552,2,3,59TAB/WYN,1,K' may be as low as 0.4. The same approximate result was given by Tabor [62TAB].
2,552,2,4,62SIL,1,This is an approximate result. Few details were given.
2,553,1,1,62WIL/SNE,1,This same result was also given later by Miles [71MIL].
2,553,1,2,62WIL/SNE,1,"This reaction includes both the reaction catalyzed by D-alanine 2-hydroxy-methyltransferase and the non-enzymatic reaction: 5,10-methylenetetrahydrofolate(aq) = tetrahydrofolate(aq) + formaldehyde(aq)."
2,553,1,3,62WIL/SNE,1,This same result was also given later by Miles [71MIL].
2,553,1,4,62WIL/SNE,1,"This reaction includes both the reaction catalyzed by D-alanine 2-hydroxy-methyltransferase and the non-enzymatic reaction: 5,10-methylenetetrahydrofolate(aq) = tetrahydrofolate(aq) + formaldehyde(aq)."
2,553,2,1,61WOO/STJ,1,-
2,553,2,2,57REI,1,This is an approximate result.
2,553,2,3,64BOJ/GAU,1,Equilibrium was approached from only one direction.
2,554,1,1,56RAT/ROC,1,The same result was also given later by Ratner [62RAT].
2,554,1,2,61DAT/RAC,1,The same result was also given later by Racker [61RAC].
2,554,1,3,86CAS/VEE,1,-
2,554,1,4,61DAT/RAC,1,The same result was also given later by Racker [61RAC].
2,554,2,1,61DAT/RAC,1,The same result was also given later by Racker [61RAC].
2,554,2,2,86CAS/VEE,1,-
2,554,2,3,59BON/PON,1,-
2,554,2,4,55HOR/SMY,1,-
2,555,1,1,61RAC2,1,-
2,555,1,2,61VEN/RAC,1,-
2,555,1,3,86CAS/VEE,1,-
2,555,1,4,54STA,1,"Phosphate acetyltransferase (EC 2.3.1.8) was also present. Stadtman also reports K'(T = 299.15 K, pH=7.0) = 5640 for the non-enzymatic reaction: N-acetylimidazole(aq) + glutathione(aq) = acetylglutathione(aq) + imidazole(aq)."
2,555,2,1,71JEN/SCH,1,-
2,555,2,2,71JEN/SCH,1,-
2,555,2,3,71JEN/SCH,1,-
2,555,2,4,71JEN/SCH,1,-
2,556,1,1,71JEN/SCH,1,-
2,556,1,2,71JEN/SCH,1,-
2,556,1,3,71JEN/SCH,1,-
2,556,1,4,71JEN/SCH,1,This result was obtained by equilibrating p-nitroanilie (free and acetylated) with 4'-aminoacetophenone (free and acetylated) and combining this result with the equilibrium constant for the reaction of 4'-aminoacetophenone with 4-aminoazobenzene-4'-sulfonic acid.
2,556,2,1,71JEN/SCH,1,-
2,556,2,2,66SCH,1,-
2,556,2,3,68POT/GLO,1,-
2,556,2,4,71GLO/POT,1,-
2,557,1,1,75PIE/GUY,1,"Pieklik and Guynn state that the apparent equilibrium constant is only slightly affected by changes in pH (6.50 to 7.50), ionic strength (0.03 to 0.375 mol dm-3), and free magnesium ion concentration (0 to 0.005 mol dm-3)."
2,557,1,2,63FRI/SCH,1,-
2,557,1,3,69BRE/AAS,1,-
2,557,1,4,75PIE/GUY,1,-
2,557,2,1,69BRE/AAS,1,-
2,557,2,2,69BRE/AAS,1,-
2,557,2,3,52STA,1,Also see Stadtman's later result [55STA] given below.
2,557,2,4,55STA,1,Stadtman stated that this was a more accurate result than given earlier [52STA].
2,558,1,1,63BER/HOL,1,The temperature is assumed to be 298.15 K.
2,558,1,2,63SLY/STA,1,-
2,558,1,3,69KLO,1,-
2,558,1,4,71NOJ/TAN,1,-
2,558,1,5,73RAD/HOC,1,The temperature is assumed to be 298.15 K.
2,558,2,1,54STA,1,"Imidazole N-acetyltransferase (EC 2.3.1.2) was also present. Stadtman also reports K'(T = 299.15 K, pH=7.0) = 5640 for the non-enzymatic reaction: N-acetylimidazole(aq) + glutathione(aq) = acetyl glutathione(aq) + imidazole(aq)."
2,558,2,2,63SLY/STA,1,-
2,558,2,3,71TAN/JOH,1,Formate C-acetyltransferase (EC 2.3.1.54) was also present. This is an approximate result.
2,559,1,1,73GUY/VEE,1,Acetate kinase (2.7.2.1) was also present. Guynn and Veech also performed calulations on the variation of the apparent equilibrium constant with free magnesium ion concentration and combined their results with other data to calculate the standard Gibbs energy of hydrolysis of ATP.
2,559,1,2,53LYN/OCH,1,These are approximate results.
2,559,1,3,53STE/COO,1,This is an approximate result. The temperature is assumed to be 298.15 K.
2,559,1,4,54GOL,1,-
2,559,2,1,55DEC,1,-
2,559,2,2,64NOR,1,-
2,559,2,3,66STA/DEN,1,This same result was also given by Denes [70DEN].
2,560,1,1,66WIL/WAK,1,-
2,560,1,2,66WIL/WAK,1,This result was superseded by the result obtained later by Joshi and Wakil [71JOS/WAK].
2,560,1,3,71JOS/WAK,1,-
2,560,1,4,74KNA/BLA,1,This is an approximate result calculated from kinetic data.
2,560,2,1,71TAN/JOH,1,Phosphate acetyltransferase (EC 2.3.1.8) was also present. This is an approximate result.
2,560,2,2,43DOU,1,-
2,560,2,3,61DOU,1,Very few details were given. This may not be original data.
2,560,2,4,67SIL/VOE,1,This is an approximate result obtained from kinetic data.
2,561,1,1,89GOL/TEW,1,-
2,561,1,2,52FIT/DOU,1,-
2,561,1,3,61DOU,1,Very few details were given. This may not be original data.
2,561,1,4,66DED,1,It is not clear if the value of the apparent equilibrium constant given above is based on measurements or if it is an estimate. Few details were given.
2,561,2,1,66MUR/SUG,1,-
2,561,2,2,55CAR/LEL,1,This is an approximate result.
2,561,2,3,64AVI,1,-
2,561,2,4,64MIL/AVI,1,Few details were given in this brief communication. The temperature is assumed to be 298.15 K.
2,562,1,1,66MUR/SUG,1,-
2,562,1,2,72DEL,1,"Delmer also obtained K'(T = 298.15 K, pH=7.5) = 6.3 from kinetic data."
2,562,1,3,60MEN,1,-
2,562,1,4,85BAR,1,Barber found that K' was 1.8 when approached from the forward direction and ~9 when approached from the reverse direction. The approximate result given above is the average of these values.
2,562,2,1,90LUN/APR,1,-
2,562,2,2,58CAB/LEL,1,This is an approximate result.
2,562,2,3,72TAK/ONO,1,"The enzyme \alpha-amylase (EC 3.2.1.1) was also present. Since ΔrN(H+) = 0 for this reaction, ΔrH'° = ΔrH(cal)."
2,562,2,4,72TAK/ONO,1,"Since ΔrN(H+) = 0 for this reaction, ΔrH'° = ΔrH(cal)."
2,563,1,1,72TAK/ONO,1,"Since ΔrN(H+) = 0 for this reaction, ΔrH'° = ΔrH(cal)."
2,563,1,2,59ALE,1,-
2,563,1,3,92KIT/SAS,1,-
2,563,1,4,69SHE/ALE,1,-
2,563,2,1,66GOL/MAR,1,-
2,563,2,2,66GOL/MAR,1,-
2,563,2,3,66GOL/MAR,1,-
2,563,2,4,72MAR/BEL,1,-
2,564,1,1,68TAN/KAN,1,-
2,564,1,2,72LEH/TAN,1,-
2,564,1,3,93MOC/STR,1,This apparent equilibrium constant was obtained from kinetic data.
2,564,1,4,67SAK/YOR2,1,These results were calculated from the data shown in Sakai er al.'s Figs. 7 and 8.
2,564,2,1,80CAM/SGA,1,-
2,564,2,2,50FRI,1,-
2,564,2,3,63DEV/GOU,1,The approximate value of the apparent equilibrium constant given above was calculated from the per cent conversion data given by De Verdier and Gould.
2,564,2,4,92KIM/KIN,1,-
2,565,1,1,63DEV/GOU,1,The approximate value of the apparent equilibrium constant given above was calculated from the per cent conversion data given by De Verdier and Gould.
2,565,1,2,75JEN/NYG,1,-
2,565,1,3,75MUR/TSU,1,-
2,565,1,4,82SAL/JOR,1,-
2,565,2,1,89LEH/SIN,1,-
2,565,2,2,92KIM/KIN,1,-
2,565,2,3,51ROW/KOR,1,The above result was calculated from the data given in Fig. 2 and the table directly beneath that figure in this paper. Equilibrium was not approached from both directions. The temperature is assumed to be 298.15 K. Few details were given. The same result was also given by Kornberg [51KOR].
2,565,2,4,92KIM/KIN,1,-
2,566,1,1,91HOR/WAT,1,"Apparent equilibrium constants were determined in solutions containing methyl alcohol, ethyl alcohol, and acetone. The volume fractions \phi of these various solvents in the final solution are given above."
2,566,1,2,91HOR/UEH,1,Purine-nucleoside phosphorylase (EC 2.4.2.1) was also present.
2,566,2,1,91HOR/UEH,1,Pyrimidine-nucleoside phosphorylase (EC 2.4.2.2) was also present.
2,566,2,2,91HOR/UEH,1,-
2,566,2,3,67SAK/YOR,1,These results were calculated from the data shown in Sakai et al.'s Figs. 9 and 10.
2,567,1,1,74BOS/YAM,1,-
2,567,1,2,63BEC/LEV,1,-
2,567,1,3,74DAN/CAR,1,This result was obtained from kinetic data. The approximate result given above is the average of the apparent equilibrium constants obtained from both directions of the reaction.
2,567,1,4,66HOR/HEN,1,-
2,567,2,1,92KIM/KIN,1,-
2,567,2,2,57FLA/ERW,1,The same result was also given by Flaks [63FLA].
2,567,2,3,82SAL/GIA,1,"Salerno and Giacomello state that the apparent equilibrium constant is not significantly affected by the temperature (303 to 343 K), pH (6.1 to 7.65), pyrophosphate concentration (0.0001 to 0.001 mol dm-3), MgCl2, concentration (0.001 to 0.01 mol dm-3), or Tris concentration (0.01 to 0.1 mol dm-3)."
2,568,1,1,92KIM/KIN,1,-
2,568,1,2,92KIM/KIN,1,-
2,568,1,3,55LIE/KOR,1,Few details were given. The data may not be based upon work of Lieberman et al. The temperature is assumed to be 298.15 K. The same result was also given by Flaks [63FLA].
2,568,1,4,77TRA/JON,1,-
2,568,2,1,79VIC/GRE,1,The apparent equilibrium constant given above was calculated from kinetic data. Victor et al. state that this result is approximate.
2,568,2,2,87TAV/LEE,1,-
2,568,2,3,87TAV/LEE,1,-
2,568,2,4,61YAM,1,This is an approximate result.
2,569,1,1,84PUZ/GOR,1,-
2,569,1,2,84PUZ/GOR,1,-
2,569,1,3,61LED,1,-
2,569,1,4,40COH,1,This is an approximate result determined from kinetic data.
2,569,2,1,45DAR,1,These results are based on kinetic data.
2,569,2,2,45GRE/LEL,1,This is an approximate result.
2,569,2,3,53KRE,1,-
2,569,2,4,53NIS/BAR,1,-
2,570,1,1,64HEN/CLE,1,"From kinetic data, it was also found that K' was ~0.15."
2,570,1,2,69VEE/EGG,1,The result given above is the unpublished result of Krebs and Stubbs. Few details were given.
2,570,1,3,66JEN/DAR,1,This is an approximate result.
2,570,1,4,80PET/AMI,1,Malate dehydrogenase (EC 1.1.1.37) was also present. This is an approximate result.
2,570,2,1,39COH,1,This is an approximate result.
2,570,2,2,42LEN/STR,1,-
2,570,2,3,45DAR,1,These results are based on kinetic data.
2,570,2,4,45GRE/LEL,1,This is an approximate result.
2,571,1,1,53KRE,1,-
2,571,1,2,62SEG/BEA,1,-
2,571,1,3,65BUL/HAN,1,This result was calculated from kinetic data.
2,571,1,4,56AME/HOR,1,-
2,571,2,1,65STR,1,-
2,571,2,2,72COO/MEI,1,-
2,571,2,3,72COO/MEI,1,-
2,571,2,4,72COO/MEI,1,-
2,572,1,1,62PET,1,Few details were given.
2,572,1,2,62HAY/NIS,1,This is an approximate result. Few details were given.
2,572,1,3,59SCO/JAK,1,Scott and Jakoby state that the apparent equilibrium constant was found to be independent of pH (7.4 to 8.8) and temperature (293 to 311 K). The same result was also given by Jakoby [62JAK].
2,572,1,4,65MAR/JEN,1,Also see entries under EC 2.6.1.2.
2,572,2,1,68AYL/SNE,1,The equilibrium constant was determined by direct measurement and from kinetic data.
2,572,2,2,68AYL/SNE,1,The equilibrium constant was determined by direct measurement and from kinetic data.
2,572,2,3,68AYL/SNE,1,The equilibrium constant was determined by direct measurement and from kinetic data.
2,573,1,1,68AYL/SNE,1,The equilibrium constant was determined by direct measurement and from kinetic data.
2,573,1,2,68AYL/SNE,1,-
2,573,1,3,66MAT/STR,1,-
2,573,1,4,66GIB/MOR,1,Few experimental details were given.
2,573,2,1,70NAK/FUJ,1,-
2,574,1,1,82GUY,1,"Guynn calculated K(T = 311.15 K, l = 0.25 mol dm-3) = 5.4 for the chemical reference reaction: L-alanine(aq) + hydroxypyruvate^{-}(aq) = L-serine(aq) + pyruvate^{-}(aq). We calculate ΔrH'°(T = 311 K, pH = 7.0, l_c = 0.25 mol dm-3) = (15±3) kJ mol-1 from the temperature dependence of K'."
2,574,1,2,67HIR/GRE,1,The result given above is the average of those obtained from both directions of reaction. It appears to have a very large systematic error (see Merrill et al. [81MER/MCA]).
2,574,2,1,81MER/MCA,1,"Merrill et al. state that the apparent equilibrium constant is insignificantly affected by temperature over the range 277 K to 316 K. They also calculated K(T = 311.15 K, I = 0.25 mol dm-3) = (133±1) for the chemical reference reaction: 3-phosphonooxypyruvate^{3-}(aq) + L-glutamate^{-}(aq) = 2-oxoglutorate^{2-}(aq) + O-phospho L-serine^{2-}. The pH of the solutions given in their Tables VII and VIII is (7.00±0.05) [R. Guynn, personal communications]."
2,575,1,1,91SEM/CLE,1,-
2,575,1,2,75GOL,1,"Goldberg applied ionization and buffer protonation corrections to obtain ΔrH°(T = 298.15 K, I = 0) = -(15.0±0.9) kJ mol-1 for the chemical reference reaction: ATP^{4-}(aq) + D-fructose(aq) = ADP^{3-}(aq) + D-fructose 6-phosphate^{2-}(aq) + H^{+}(aq)."
2,575,2,1,57ROB/BOY,1,-
2,575,2,2,57VLA/VLA,1,The result given above is the average of the results given in the paper. The reaction may not be at equilibrium. The same result was also given by Vladimirov et al. [57VLA/VLA2].
2,576,1,1,75GOL,1,"Goldberg applied ionization and buffer protonation corrections to obtain ΔrH°(T = 298.15 K, I = 0) = -(23.8±0.7) kJ mol-1 for the chemical reference reaction: ATP^{4-}(aq) + D-glucose(aq) = ADP^{3-}(aq) + D-glucose 6-phosphate^{2-}(aq) + H^{+}(aq)."
2,577,1,1,75MCG/JOR,1,McGlothlin and Jordan used ΔrN(H+) = -1.0 and the enthalpies of ionization of the buffers to obtain the values of ΔrH'° given above.
2,577,1,2,76GOL,1,Goldberg also performed calculations on the dependence of ΔrH(cal) on pMg.
2,577,1,3,75GOL,1,"Goldberg applied ionization and buffer protonation corrections to obtain ΔrH°(T = 298.15 K, I = 0) = -(21.9±0.7) kJ mol-1 for the chemical reference reaction: ATP^{4-}(aq) + D-mannose(aq) = ADP^{3-}(aq) + D-glucose 6-phosphate^{2-}(aq) + H^{+}(aq)."
2,577,2,1,61ATK/BUR,1,These results were also given in Atkinson et al. [59ATK/JOH].
2,578,1,1,75BOH/SCH,1,-
2,578,1,2,75BOH/SCH,1,-
2,578,1,3,73HAN/RUD,1,-
2,578,2,1,82RED,1,"Redman-Furey used ΔrN(H+) = -1.0 and the enthalpies of ionization of the buffers to calculate ΔrH'°(T = 298.15 K, pH = 9.0) = -9.5 kJ mol-1."
2,578,2,2,87RAO/HAR,1,These results were calculated from kinetic data.
2,578,2,3,77APP/NAI,1,"Apps and Nairn report K'c(H+) = 29.3E-7 at pH = 7.0. The result given above was calculated from this result. The approximate result K'(T = 303.15 K, pH = 7.0) $\approx$ 37 was also obtained from kinetic dala."
2,578,2,4,56FEU/WOL,1,This is an approximate result.
2,579,1,1,82RED,1,"Redman-Furey used ΔrN(H+) = -1.0 and the enthalpies of ionization of the buffers to calculate ΔrH'°(T = 298.15 K, pH = 9.0) = -29.9 kJ mol-1."
2,579,1,2,75SHI/BEA,1,-
2,579,1,3,62RAB,1,This is an approximate result. There is an arithmetic error in the calculation of the first apparent equilibrium constant given in Rabinowitz' Table V.
2,579,1,4,80ELM/HAS,1,-
2,579,2,1,49MEY/OES,1,The pH was not reported.
2,579,2,2,59KRI,1,The apparent equilibrium constants given above were calculated from the concentrations given in Krimsky's Tables V and VI.
2,580,1,1,59MCQ/UTT,1,McQuate and Utter calculated values of the equilibrium constant that varied from 1.78E-12 to 4.33E-12 at T = 303.15 K for the chemical reference reaction: ATP^{4-}(aq) + pyruvate^{-}(aq) = ADP^{3-}(aq) + phosphoenolpyruvate^{3-}(aq) + H^{+}(aq). These results were reported in a preliminary communication by McQuate [58MCQ].
2,580,1,2,80CHE/HED,1,"The calorimetric enthalpies of reaction given above (Cheer et al. actually carried out this reaction starting with ADP and phosphoenolpyruvate) were corrected for the enthalpies of protonation of the buffer using ΔrN(H+) = -1.00. These results can be made consistent for all three buffers if one uses ΔrN(H+) = -0.91. In such a case one obtains ΔrH'°(T = 298.15, pH = 8.03) = -4.7 kJ mol-1. Cheer et al. have also calculated ΔrH°(T = 298.15 K, I = 0) = 4.4 kJ mol-1 for the chemical reference reaction: ATP^{4-}(aq) + pyruvate^{-}(aq) = ADP^{3-}(aq} + phosphoenolpyruvate^{3-}(aq) + H^{+}(aq)."
2,580,1,3,82RED,1,"Redman-Furey used ΔrN(H+) = -1.0 and the enthalpies of ionization of the buffers to calculate ΔrH'0(T = 298.15 K, pH = 8.5) = 8.1 kJ mol-1."
2,580,2,1,79RAO/KAY,1,-
2,581,1,1,88BEL/BAE,1,-
2,581,1,2,72CAG/FRI,1,-
2,581,1,3,84BER/COO,1,"Bertagnolli and Cook report K_c(T = 298.15 K) = (0.007±0.002) for the chemical reference reaction: magnesium pyrophosphate^{2-}(aq) + D-fructose 6-phosphate^{2-}(aq) = Mg2^{+}(aq) + orthophosphate^{2-}(aq) + D-fructose 1,6-biphosphate^{4-}(aq). From kinetic data they also obtained Kc_c(T = 298.15 K) = (0.005±0.0015) for this reaction."
2,581,2,1,44LIP,1,This is an approximate result.
2,581,2,2,54ROS/GRU,1,-
2,581,2,3,52KOR,1,Few details were given. The temperature is assumed to be 298.15 K.
2,582,1,1,74LAN,1,"Langer calculated K(T = 298.15 K, I = 0.2 mol dm-3) = (48±9) for the chemical reference reaction: ADP^{3-}(aq) + acetyl phosphate^{2-}(aq) = ATP^{4-}(aq) + acetate^{-}(aq). These results were also given later by Langer et al. [77LAN/GAR] with the data presented graphically."
2,582,1,2,73GUY/VEE,1,Phosphate acetyltransferase (EC 2.3. 1.8) was also present. Guynn and Veech also performed calulations on the variation of the apparent equilibrium constant with free magnesium ion concentration and combined their results with other data to calculate the standard Gibbs energy of hydrolysis of ATP.
2,582,1,3,60JON/LIP,1,-
2,582,2,1,66MAR/COH,1,This result was also given by Marshall and Cohen [70MAR/COH].
2,582,2,2,47BUC,1,The same result was also given by Bucher [55BUC].
2,582,2,3,70KRI/BUC,1,-
2,583,1,1,79COR/LEA,1,-
2,583,1,2,80JAF/COH,1,This is an approximate result.
2,583,2,1,68VEE,1,Glyceraldehyde-3-phosphate dehydrogenase (EC 1.2.1.12) was also present. Veech reports K'cc(H+)/c0 in his Table III.5. The apparent equilibrium constants given above were calculated from these results. Also see the results of Veech et al. [70VEE/RAI] below.
2,583,2,2,70VEE/RAI,1,Veech et al. report K'cc(H+)/c0 = 5.9E-6 over the pH range 6.88 to 7.02. The apparent equilibrium constant given above was calculated from this result. Also see the results of Veech [68VEE] above.
2,584,1,1,78MEE/AKE,1,The apparent equilibrium constants given above were taken from van der Meer et al.'s Fig. 2.
2,584,1,2,79COR/LEA,1,The apparent equilibrium constant given above was calculated from the results given in Cornell et al.'s Table V.
2,584,1,3,55BLA/WRI,1,-
2,584,2,1,89ELL,1,"Ellington determined the ratio {(K'(the above reaction)/K'_{CK}} to be 0.29, where K'_{CK} is the apparent equilibrium constant for the reaction: ATP(aq) + creatine(aq) = ADP(aq) + phosphocreatine(aq). The result given here was obtained using K'_{CK} = 100 from Lawson and Veech [79LAW/VEE]."
2,584,2,2,36LEH,1,-
2,584,2,3,43BAN,1,-
2,585,1,1,48SOR/DEG,1,-
2,585,1,2,54NOD/KUB,1,The values given above are averages of individual results given in this paper. The equilibrium constant was found to be independent of the enzyme concentration.
2,585,2,1,52ASK,1,Askonas also investigated the dependence of K' on pH and pMg. It is not clear that equilibrium was established.
2,586,1,1,65MOR/JAM,1,Morrison and James report K'c(H+) = 3.6E-10 based upon the analysis of kinetic data. The apparent equilibrium constant given above was calculated from this result.
2,586,1,2,67MOR/WHI,1,The apparent equilibrium constants given above were calculated from data given in Fig. 1 of Morrison and White's paper.
2,586,2,1,67EPP/DAW,1,-
2,587,1,1,71CHE/ALI,1,Tables 4 and 5 in this paper are ambiguous.
2,587,2,1,79LAW/VEE,1,-
2,587,2,2,80LER/COH,1,-
2,588,1,1,81RAO/COH,1,-
2,588,1,2,86KIM/LEE,1,This is an approximate result obtained from kinetic data using two different sources of this enzyme.
2,588,1,3,89ELD/DEG,1,"Eldar and Degani report {K c(H+)}^{-1}. The values of K' given above were calculated from these results. From the temperature dependence of K' we calculate ΔrH'°(T = 295 K, pH = 8.2) = (10±4) kJ mol-1."
2,588,1,4,89LOP/COH,1,-
2,588,2,1,92TEA/DOB,1,"Teague and Dobson calculated ΔrH'°(pH = 7.0, pMg = 3.0, I = 0.25 mol dm-3) = 11.9 kJ mol-1 from the dependence of the apparent equilibrium constant on temperature. They also calculated ΔrG° = 51.1 kJ mol-1, ΔrH° = 16.7 kJ mol-1, and ΔrS° = -110.4 J K-1 mol-1 at T = 311.15 K and I_c = 0.25 mol dm-3 for the chemical reference reaction: ATP^{4-}(aq) + creatine(aq) = ADP^{3-}(aq) + phosphocreatine^{2-}(aq) + H^{+}(aq)."
2,588,2,2,89LOP/COH,1,Phosphocyclocreatine is 1-carboxymethyl-2-imino-3-phosphoimidazolidine. LoPresti and Cohn report {K'c(H+)}^{-1} = 5.62E7. The apparent equilibrium constant given above was calculated from this result.
2,589,1,1,80LER/COH,1,-
2,589,1,2,83MIL/RYC,1,The apparent equilibrium constant given above was calculated from the result given in Table 2 in this paper.
2,589,1,3,77ANN/WAL,1,Phosphocyclocreatine is 1-carboxymethyl-2-imino-3-phosphoimidazolidine.
2,589,2,1,89LOP/COH,1,Phosphocyclocreatine is 1-carboxymethyl-2-imino-3-phosphoimidazolidine.
2,589,2,2,60GEL/STU,1,"Myosin ATPase (EC 3.6.1.32) was also present. Gellert and Sturtevant obtained ΔrH'°(T = 298.15 K, pH = 8.0) = -37.4 kJ mol-1 for the above reaction using ΔrN(H+) = 0."
2,589,2,3,36LEH,1,-
2,589,2,4,49SOR/DVO,1,This is an approximate result obtained from kinetic data. The temperature is assumed to be 298.15 K.
2,590,1,1,66UHR/MAR,1,-
2,590,1,2,69SMI/MOR,1,-
2,590,1,3,76RAO/BUT,1,-
2,590,1,4,80LER/COH,1,-
2,590,1,5,86GRA/ELL,1,-
2,590,2,1,89ELL,1,"Ellington determined the ratio {K'(the above reaction)/K'_{CK}} to be 0.132, where K'_{CK} is the apparent equilibrium constant for the reaction: ATP(aq) + creatine(aq) = ADP(aq) + phosphocreatine(aq). The result given here was obtained using K_{CK}= 100 from Lawson and Veech [79LAW/VEE]."
2,590,2,2,80LER/COH,1,-
2,590,2,3,61PRA,1,This result is attributed by T. E. Barman [69BAR] to L. A. Pradel [61PRA].
2,590,2,4,89ELL,1,"Ellington determined the ratio {K'(the above reaction)/K'_{CK}} to be 0.293, where K'_{CK} is the apparent equilihrium constant for the reaction: ATP(aq) + creatine(aq) = ADP(aq) + phosphocreatine(aq). The result given here was obtained using K'_{CK} = 100 from Lawson and Veech [79LAW/VEE]."
2,591,1,1,89ELL,1,"Ellington determined the ratio {K'(the above reaction)/K'_{CK}} to be 0.323, where K'_{CK} is the apparent equilibrium constant for the reaction: ATP(aq) + creatine(aq) = ADP(aq) + phosphocreatine(aq). The result given here was obtained using K'_{CK} = 100 from Lawson and Veech [79LAW/VEE]."
2,591,1,2,69POP,1,This is an approximate result.
2,591,1,3,85LEE/OSU,1,The apparent equilibrium constant given above is the average of the results obtained by NMR and by radioassay.
2,591,2,1,85LEE/OSU,1,The apparent equilibrium constant given above is the average of the results obtained by NMR and by radioassay.
2,591,2,2,85LEE/OSU,1,The apparent equilibrium constant given above is the average of the results obtained by NMR and by radioassay.
2,591,2,3,85LEE/OSU,1,The apparent equilibrium constant given above is the average of the results obtained by NMR and by radioassay.
2,591,2,4,43KAL,1,This is an approximate result based upon per cent conversion data.
2,592,1,1,52EGG/HEM,1,-
2,592,1,2,53GRE/BRO,1,-
2,592,1,3,53SIE/POT,1,This is an approximate result. The buffer and the pH were not reported.
2,592,1,4,54BOW/KER,1,-
2,592,2,1,56BOW/KER,1,The buffer and the pH are assumed to be the same as used by Bowen and Kerwin in their earlier study [54BOW/KER]. The equilibrium constants have been taken from Bowen and Kerwin's Fig. 2.
2,592,2,2,57CAL,1,The apparent equilibrium constants given above were taken from Callaghan's Fig. 6.
2,592,2,3,59CAL/WEB,1,-
2,593,1,1,61ATK/BUR,1,-
2,593,1,2,66MAR/WAD,1,-
2,593,1,3,68SU/RUS,1,The results given above were taken from Su and Russel's Tables I and II and Fig. 4.
2,593,1,4,68BOM/PRA,1,Few experimental details were given. The temperature is assumed to be 298.15 K. This is an approximate result.
2,593,2,1,70BLA,1,-
2,594,1,1,71HOR/HUS,1,-
2,594,2,1,73DEW/LOW,1,De Weer and Lowe report only calculated values of the free magnesium ion concentration. The results given above were obtained from De Weer and Lowe's Fig. 4.
2,594,2,2,74JEB/TY,1,-
2,595,1,1,74LAN,1,"Langer used K(T = 298.15 K, I = 0.2 mol dm-3) = 2.75 from Alberty [69ALB] for the chemical reference reaction: AMP^{2-}(aq) + ATP^{4-}(aq) = 2 ADP^{3-}(aq). He found that this value and his model gave a good representation of the data. These results were also given by Langer et al. [77LAN/GAR] with the data presented graphically."
2,596,1,1,76LAW/GUY,1,"Lawson et al. calculated K(T = 311.15 K, I = 0.25 mol dm-3) = 0.419 for the chemical reference reaction: 2 ADP^{3-}(aq) = AMP^{2-}(aq) + ATP^{4-}(aq). These results were also given by Lawson and Veech [79LAW/VEE]."
2,596,2,1,78RAO/COH,1,-
2,597,1,1,79LAW/VEE,1,"Lawson and Veech calculated K(T = 311.15 K, I = 0.25 mol dm-3) = 0.419 for the chemical reference reaction: 2 ADP^{3-}( aq) = AMP^{2-}(aq) + ATP^{4-}(aq). These results were also given by Lawson et al. [76LAW/GUY]."
2,597,1,2,81RAM/PIC,1,-
2,597,2,1,83KHO/KAR,1,The apparent equilibrium constants were taken from Fig. 3 in this paper.
2,597,2,2,91KLE/RAN,1,These results were taken from Fig. 1 in the paper of Kleczowski and Randall [91KLE/RAN].
2,598,1,1,91TEW/GOL2,1,"Tewari and Goldberg calculated K = 0.225, ΔrG° = 3.70 kJ mol-1, ΔrH° = -1.5 kJ mol-1, and ΔrCp° $\approx$ -46 J K-1 mol-1 at T = 298.15 K and I = 0 for the chemical reference reaction: 2 ADP^{3-}(aq) = AMP^{2-}(aq) + ATP^{4-}(aq)."
2,598,1,2,91TEW/GOL2,1,"Tewari and Goldberg calculated ΔrH° = -1.5 kJ mol-1, and ΔrCp° $\approx$ -46 J K-1 mol-1 at T = 298.15 K and I = 0 for the chemical reference reaction: 2 ADP^{3-}(aq) = AMP^{2-}(aq) + ATP^{4-}(aq)."
2,599,1,1,74JEB/TY,1,-
2,599,1,2,68SU/RUS,1,-
2,599,1,3,86KUP/FER,1,-
2,599,1,4,69GAR/CLE,1,This result is based both upon kinetic data and an equilibrium measurement.
2,599,2,1,59KIR/TUR,1,-
2,599,2,2,55LIE/KOR2,1,-
2,599,2,3,54BER/JOK,1,This is an approximate result.
2,599,2,4,78LYN/GUY,1,Lynn and Guynn found that K' was essentially constant over the range c(MgCl2) = 0.001 to 0.020 mol dm-3 .
2,600,1,1,71SHI/SUG,1,-
2,600,1,2,71SHI/SUG,1,-
2,600,1,3,70ALB,1,-
2,600,1,4,65BES/HER,1,-
2,600,2,1,62MEN,1,-
2,600,2,2,58MAL/OCH,1,This same result was also given by Bessman [62BES].
2,600,2,3,69SWI,1,-
2,600,2,4,92KIM/KIN,1,-
2,601,1,1,48KOR,1,-
2,601,1,2,50KOR,1,-
2,601,1,3,58ROB/LIP,1,-
2,601,1,4,58WIL/BAN,1,This is an approximate result.
2,601,2,1,62AKA/CAM,1,-
2,601,2,2,58WIL/BAN,1,Inorganic pyrophosphatase (EC 3.6.1.1) was also present. This is an approximate result.
2,601,2,3,87KUC/MIZ,1,"9/20-DNA oligomer is: [5'-TCGCAGCCG-3' annealed to 3'-AGCGTCGGCAGGTTCCCAAA-5'], 10/20-DNA oligomer is: [5'-TCGCAGCCGT-3' annealed to 3'-AGCGTCGGCAGGTTCCCAAA-5']. dTTP is thymidine 5'-triphosphate; G is guanine; C is cytosine; A is adenine; and T is thymine."
2,602,1,1,55MUN,1,This is an approximate result calculated from per cent conversion data.
2,602,1,2,58TUR/TUR,1,-
2,602,1,3,61KLE,1,This is an approximate result. The temperature is assumed to be 298.15 K. Few details were given.
2,602,1,4,63VIL/LAR,1,This is an approximate result. Few details were given.
2,602,2,1,66ALB/BAS,1,-
2,602,2,2,66HAN/ALB,1,This is an approximate result. Few details were given.
2,602,2,3,70KNO/HAN,1,-
2,603,1,1,72GUS/GAN,1,-
2,603,1,2,74GUY/VEL,1,-
2,603,1,3,74TUR/GIL,1,This is an approximate result. Few details were given.
2,603,2,1,81HSI/SU,1,-
2,603,2,2,83HON/HAR,1,-
2,603,2,3,60KUR/SUG,1,-
2,603,2,4,74WON/FRE,1,This result was obtained from direct equilibrium measurements and from kinetic data.
2,604,1,1,52LEL/CAR,1,-
2,604,1,2,64PRE/WOO,1,-
2,604,1,3,75SUN,1,-
2,604,1,4,78INF/KIN,1,-
2,604,2,1,59STR/SMI,1,This is an approximate result.
2,604,2,2,61KOR/GLA,1,-
2,604,2,3,62ESP,1,-
2,605,1,1,65MAY/GIN,1,-
2,605,1,2,66KIM/SUZ,1,-
2,605,1,3,66VER/ROD,1,This result was also given by Hansen er al. [66HAN/VER].
2,605,1,4,70MAN/HOL,1,The apparent equilibrium constant given above is based upon the stoichiometry of the reaction given here.
2,605,2,1,71ROB,1,-
2,605,2,2,68HAT/SLA,1,This is an approximate result.
2,605,2,3,68REE/MEN,1,The dependence of K' on pH is consistent with ΔrN(H+) = 2 (see Fig. 3 of Reeves et al.).
2,606,1,1,73SUG,1,The apparent equilibrium constant given above was calculated from the concentrations given in Sugiyama's Table II.
2,606,1,2,57GRE/LIP,1,-
2,606,1,3,57GRE/LIP,1,-
2,606,1,4,53LYN/OCH,1,This is an approximate result.
2,606,2,1,53STE/COO,1,This is an approximate result. The temperature is assumed to be 298.15 K. Also see Stern [56STE] and Stern et al. [56STE/COO] given below.
2,606,2,2,56STE/COO,1,Also see the results of Stern [56STE] given below.
2,607,1,1,56STE,1,Stern recalculated the earlier data of Stern et al. [56STE/COO] on the assumption that only the oxo form of acetoacetyl-CoA is a substrate of 3-oxoacid CoA-transferase.
2,607,1,2,67HER/JEN,1,This result is based upon an analysis of kinetic data.
2,607,2,1,77SRA/FRE,1,This result was obtained from kinetic data.
3,1038,1,1,93JAN/PAD,1,Janssen et al. measured the equilibrium mole fractions of the reactants and products (including dissolved water) in the organic phase in which this reaction occurred. Janssen et al. also used estimated activity coefficients to calculate the value of the equilibrium constant given here. The isomeric forms of the monoester and diester were not distinguished in the calculation of this equilibrium constant.
3,1038,1,2,93JAN/PAD,1,Janssen et al. measured the equilibrium mole fractions of the reactants and products (including dissolved water) in the organic phase in which this reaction occurred. Janssen et al. also used estimated activity coefficients to calculate the value of the equilibrium constant given here. The isomeric forms of the monoester were not distinguished in the calculation of this equilibrium constant.
3,1038,2,1,93JAN/PAD,1,Janssen et al. measured the equilibrium mole fractions of the reactants and products (including dissolved water) in the organic phase in which this reaction occurred. Janssen et al. also used estimated activity coefficients to calculate the value of the equilibrium constant given here. The isomeric forms of the diester were not distinguished in the calculation of this equilibrium constant.
3,1038,2,2,93JAN/PAD,1,Janssen et al. measured the equilibrium mole fractions of the reactants and products (including dissolved water) in the organic phase in which this reaction occurred. Janssen et al. also used estimated activity coefficients to calculate the value of the equilibrium constant given here. The isomeric forms of the monoester and diester were not distinguished in the calculation of this equilibrium constant.
3,1038,2,3,93JAN/PAD,1,Janssen et al. measured the equilibrium mole fractions of the reactants and products (including dissolved water) in the organic phase in which this reaction occurred. Janssen et al. also used estimated activity coefficients to calculate the value of the equilibrium constant given here. The isomeric forms of the monoester were not distinguished in the calculation of this equilibrium constant.
3,1039,1,1,93JAN/PAD,1,Janssen et al. measured the equilibrium mole fractions of the reactants and products (including dissolved water) in the organic phase in which this reaction occurred. Janssen et al. also used estimated activity coefficients to calculate the value of the equilibrium constant given here. The isomeric forms of the diester were not distinguished in the calculation of this equilibrium constant.
3,1039,1,2,92LOR/TRA,1,The isomeric forms of the monoester and diester were not distinguished in the calculation of this apparent equilibrium constant. The pH was not reported.
3,1039,1,3,93JAN/PAD,1,Janssen et al. measured the equilibrium mole fractions of the reactants and products (including dissolved water) in the organic phase in which this reaction occurred. Janssen et al. also used estimated activity coefficients to calculate the value of the equilibrium constant given here. The isomeric forms of the monoester and diester were not distinguished in the calculation of this equilibrium constant.
3,1039,1,4,92LOR/TRA,1,The isomeric forms of the monoester were not distinguished in the calculation of this apparent equilibrium constant. The pH was not reported.
3,1039,2,1,93JAN/PAD,1,Janssen et al. measured the equilibrium mole fractions of the reactants and products (including dissolved water) in the organic phase in which this reaction occurred. Janssen et al. also used estimated activity coefficients to calculate the value of the equilibrium constant given here. The isomeric forms of the monoester were not distinguished in the calculation of this equilibrium constant.
3,1039,2,2,92LOR/TRA,1,The isomeric forms of the diester were not distinguished in the calculation of this apparent equilibrium constant. The pH was not reported.
3,1039,2,3,93JAN/PAD,1,Janssen et al. measured the equilibrium mole fractions of the reactants and products (including dissolved water) in the organic phase in which this reaction occurred. Janssen et al. also used estimated activity coefficients to calculate the value of the equilibrium constant given here. The isomeric forms of the diester were not distinguished in the calculation of this equilibrium constant.
3,1039,2,4,49HES,1,The apparent equilibrium constant given here was calculated from the results given in Hestrin's Table I.
3,1040,1,1,50HES,1,The apparent equilibrium constants given here were calculated from the results given on page 314 in Hestrin's paper.
3,1040,1,2,72STU,1,Sturtevant applied buffer protonation and ionization corrections to obtain ΔrH°(T = 298.15 K) = 1.17 kJ mol-1 for the chemical reference reaction: acetylcholine^{+}(aq) + H2O(l) = acetate^{-}(aq) + choline^{+}(aq) + H^{+}(aq).
3,1040,1,3,85DAS/BRO,1,"The first result given here is the average of six measurements (see Das et al.'s Table 2) carried out with phosphate buffer. Das et al. also gave a result for the reaction in Tris buffer after correction for the enthalpy of buffer protonation. However, they did not state how this correction was made."
3,1040,2,1,92WAN/CHE,1,"Wang and Chen applied a buffer protonation correction to obtain ΔrH'°(T = 298.15 K, pH = 7.0) = -0.54 kJ mol-1. They also found that there was essentially no effect on ΔrH'° for c(ethanol) <= 0.30 mol dm-3."
3,1040,2,2,50HES,1,The apparent equilibrium constants given here were calculated from the results given on page 315 in Hestrin's paper.
3,1040,2,3,90OCO/BUT,1,This approximate result was calculated from kinetic data.
3,1041,1,1,86CAS/VEE,1,Glucose-6-phosphate dehydrogenase (EC 1.1.1.49) was also present. The apparent equilibrium constants given here were calculated from the results given in Table VII in the mini-print section of Casazza and Veech's paper.The reaction mixture may not have reached equilibrium.
3,1041,1,2,63DAY/WIL,1,The apparent equilibrium constant given here was calculated from the concentrations given in Dayan and Wilson's Table II.
3,1041,1,3,70GEO/WIT,1,George et al. reported ΔrH°(Ic <= 0.01 mol dm-3) = -26.8 kJ mol-1 for this chemical reference reaction. They did not report the calorimetrically determined enthalpy of reaction or the conditions of measurement. Also see data given under acid phosphatase (EC 3.1.3.2).
3,1041,2,1,69GEO/TRA,1,George et al. reported ΔrH°(Ic <= 0.01 mol dm-3) = -24.3 kJ mol-1 for this chemical reference reaction. They did not report the calorimetrically determined enthalpy of reaction or the conditions of measurement.
3,1041,2,2,69GEO/TRA,1,George et al. reported ΔrH°(Ic <= 0.01 mol dm-3) = 0.4 kJ mol-1 for this chemical reference reaction. They did not report the calorimetrically determined enthalpy of reaction or the conditions of measurement.
3,1041,2,3,70GEO/WIT,1,"George et al. reported ΔrG°(T = 298.15 K, Ic = 0) = -9.6 kJ mol-1 for this chemical reference reaction. This corresponds to Kc(T = 298.15 K, I = 0) = 48. They stated that this result was based upon an equilibrium measurement but gave few details."
3,1041,2,4,93LAR/TEW,1,"Larson et al. calculated Km(T = 298.15 K, I = 0) = (189±25) for the chemical reference reaction: AMP^{2-}(aq) + H2O(l) = adenosine(aq) + HPO4^{2-}(aq). Also see data given under 5'-nucleosidase (EC 3.1.3.5)."
3,1042,1,1,93LAR/TEW,1,"The pMg was in the range 3.34 to 3.41. Larson et al. calculated ΔrH°(T = 298.15 K, I = 0) = (0.9±0.4) kJ mol-1 for the chemical reference reaction: AMP^{2-}(aq) + H2O(l) = adenosine(aq) + HPO4^{2-}(aq)."
3,1042,1,2,89ROM/DEM,1,The apparent equilibrium constants given here were calculated from the standard transformed Gibbs energies of reaction given in Romero and de Meis' Table II.
3,1042,1,3,49MEY/GRE,1,The apparent equilibrium constant given here was calculated from the concentrations given in Meyerhof and Green's Table II. Also see data given under acid phosphatase (EC 3.1.3.2).
3,1042,2,1,49MEY/GRE,1,The apparent equilibrium constant given here was calculated from the concentrations given in Meyerhof and Green's Table II. Also see data given under acid phosphatase (EC 3.1.3.2) and under fructose biphosphatase (EC 3.1.3.11).
3,1042,2,2,49MEY/GRE,1,The apparent equilibrium constant given here was calculated from the concentrations given in Meyerhof and Green's Table II. Also see data given under acid phosphatase (EC 3.1.3.2).
3,1042,2,3,49MEY/GRE,1,The apparent equilibrium constant given here was calculated from the concentrations given in Meyerhof and Green's Table II. Also see data given under acid phosphatase (EC 3.1.3.2).
3,1042,2,4,88TEW/STE2,1,"Tewari et al. applied ionization corrections to obtain K'c(T = 298.15 K, I = 0) = 251 for the chemical reference reaction: D-fructose 6-phosphate^{2-}(aq) + H2O(l) = D-fructose(aq) + HPO4^{2-}(aq)."
3,1043,1,1,88TEW/STE,1,Tewari et al. applied buffer protonation and ionization corrections to obtain ΔrH° = -7.61 kJ mol-1 and ΔrCp° = -28 J K-1 mol-1 for the chemical reference reaction: D-fructose 6-phosphate^{2-}(aq) + H2O(l) = D-fructose(aq) + HPO4^{2-}(aq).
3,1043,1,2,49MEY/GRE,1,The apparent equilibrium constant given here was calculated from the concentrations given in Meyerhof and Green's Table VI.
3,1043,1,3,81HIN/POL,1,"Hinz et al. gave results that lead to ΔrH°(T = 298.15 K, Ic = 0.6 mol dm-3) = -21.5 kJ mol-1 for the chemical reference reaction: GDP^{3-}(aq) + 2 H2O(l) = guanosine(aq) + 2 HPO4^{2-}(aq) + H^{+}(aq)."
3,1043,2,1,49MEY/GRE,1,The apparent equilibrium constant given here was calculated from the concentrations given in Meyerhof and Green's Table V.
3,1043,2,2,54GIN,1,The value of K'c given here was calculated from the average of values of K'cc°/c(H2O) reported by Ginodman in his Table 6.
3,1043,2,3,61ATK/JOH,1,The apparent equilibrium constant given here is the average of the five experimental results reported by Atkinson et al. These results are also given in an earlier paper by Atkinson et al. [59ATK/JOH].
3,1044,1,1,70GEO/WIT,1,George et al. reported ΔrH°(Ic <= 0.01 mol dm-3) = -2.5 kJ mol-1 for this chemical reference reaction. They did not report the calorimetric enthalpy of reaction or the conditions of measurement.
3,1044,1,2,76LAW/GUY,1,-
3,1044,1,3,79LAW/VEE,1,-
3,1044,1,4,88TEW/STE2,1,Tewari et al. applied buffer protonation and ionization corrections to obtain ΔrH° = 0.91 kJ mol-1 and ΔrCp° = -48 J K-1 mol-1 for the chemical reference reaction: D-glucose 6-phosphate^{2-}(aq) + H2O(I) = D-glucose(aq) + HPO4^{2-}(aq).
3,1044,2,1,89ROM/DEM,1,The apparent equilibrium constants given here were calculated from the standard transformed Gibbs energies of reaction given in Romero and de Meis' Table II.
3,1044,2,2,49MEY/GRE,1,The apparent equilibrium constant given here was calculated from the concentrations given in Meyerhof and Green's Table VII. Also see data given under acid phosphatase (EC 3.1.3.2).
3,1044,2,3,54GIN,1,The values of K'c given here were calculated from the values of K'cc°/c(H2O) reported by Ginodman.
3,1045,1,1,89ROM/DEM,1,The first two apparent equilibrium constants given here were calculated from the standard transformed Gibbs energies of reaction given in Romero and de Meis' Table II.
3,1045,1,2,81HIN/POL,1,"Hinz et al. gave results that lead to ΔrH°(T = 298.15 K, Ic ~= 0.6 mol dm-3) = 2.7 kJ mol-1 for the chemical reference reaction: GMP^{2-}(aq) + H2O(I) = guanosine(aq) + HPO4^{2-}(aq)."
3,1045,1,3,81HIN/POL,1,"Hinz et al. gave results that lead to ΔrH°(T = 298.15 K, Ic ~= 0.6 mol dm-3) = -46 kJ mol-1 for the chemical reference reaction: GTP^{4-}(aq) + 3 H2O(I) = guanosine(aq) + 3 HPO4^{2-}(aq) + 2 H^{+}(aq)."
3,1045,2,1,75GER/WES,1,Gerlt et al. applied corrections for protonation of the buffer to obtain the value of ΔrH'° given here.
3,1045,2,2,93LAR/TEW,1,"Larson et al. calculated Km(T = 298.15 K, I = 0) = (158±7) for the chemical reference reaction: IMP^{2-}(aq) + H2O(l) = inosine(aq) + HPO4^{2-}(aq)."
3,1045,2,3,93LAR/TEW,1,"The pMg was in the range 3.32 to 3.42. Larson et al. calculated ΔrH°(T = 298.15 K, I = 0) = (1.7±0.2) kJ mol-1 for the chemical reference reaction:IMP^{2-}(aq) + H2O(I) = inosine(aq) + HPO4^{2-}(aq)."
3,1046,1,1,49MEY/GRE,1,The apparent equilibrium constant given here was calculated from the concentrations given in Meyerhof and Green's Table VI.
3,1046,1,2,88TEW/STE2,1,Tewari et al. applied buffer protonation and ionization corrections to obtain ΔrH° = 1.40 kJ mol-1 and ΔrCp° = -46 J K-1 mol-1 for the chemical reference reaction: D-mannose 6-phosphate^{2-}(aq) + H2O(l) = D-mannose(aq) + HPO4^{2-}(aq).
3,1046,1,3,75GER/WES,1,Gerlt et al. applied a correction for protonation of the buffer to obtain the value of ΔrH'° given here.
3,1046,1,4,75GER/WES,1,Gerlt et al. applied a correction for protonation of the buffer to obtain the value of ΔrH'° given here.
3,1046,2,1,75GER/WES,1,Gerlt et al. applied a correction for protonation of the buffer to obtain the value of ΔrH'° given here.
3,1046,2,2,87ANT,1,-
3,1046,2,3,52OHL/SHA,1,Also see data given under acid phosphatase (EC 3.1.3.2).
3,1046,2,4,87ANT,1,-
3,1047,1,1,92REK/TIS,1,-
3,1047,1,2,79LAB/DEB,1,-
3,1047,1,3,87ANT,1,-
3,1047,1,4,35MEY/SCH,1,It was assumed that the L forms of phospho-L-arginine and of L-arginine were used. ΔrH(cal) = -33.5 kJ mol-1 was obtained for the acid catalyzed hydrolysis reaction. The pH was not reported.
3,1047,2,1,35MEY/SCH,1,The pH was not reported.
3,1047,2,2,65PIN,1,-
3,1047,2,3,72WOL,1,The calorimetrically determined enthalpies of reaction given here were taken from Woledge's Fig. 2.
3,1047,2,4,87WOL/REI,1,This reaction was also studied non-enzymatically using acid hydrolysis.
3,1048,1,1,35MEY/SCH,1,The pH was not reported.
3,1048,1,2,82GUY,1,"Guynn calculated Kc(T = 311.15 K, Ic = 0.25 mol dm-3) = 364 for the chemical reference reaction: 3-phospho-D-glycerate^{3-}(aq) + H2O(l) = (R)-glycerate^{-}(aq) + HPO4^{2-}(aq)."
3,1048,2,1,65PIN,1,-
3,1048,2,2,35MEY/SCH,1,The pH was not reported.
3,1048,2,3,70GEO/WIT,1,George et al. reported ΔrH°(Ic <= 0.01 mol dm-3) = -25.1 KJ mol-1 for this chemical reference reaction. They did not report the calorimetric enthalpy of reaction or the conditions of measurement.
3,1049,1,1,76GUY,1,"Guynn calculated Kc(T = 311.15 K, Ic = 0.25 mol dm-3) = 16.4 for the chemical reference reaction: phosphorylcholine^{-}(aq) + H2O(l) = choline^{+}(aq) + HPO4^{2-}(aq)."
3,1050,1,1,89ROM/DEM,1,"Several of the apparent equilibrium constants given here were taken from Romero and de Meis' Figs. 3, 4, and 5. Romero and de Meis also reported ΔrH'°(c(MgCl2) = 0, pH = 7.8) = -7.5 kJ mol-1 for this reaction."
3,1051,1,1,65PIN,1,-
3,1051,1,2,65STI/DIA,1,Few details were given in this preliminary communication. This is an approximate result. Also see data given under inorganic pyrophosphatase (EC 3.6.1.1).
3,1051,2,1,67WU/WIT,1,-
3,1052,1,1,89ROM/DEM,1,"Several of the apparent equilibrium constants given here were taken from Romero and de Meis' Figs. 3, 4, and 5."
3,1053,1,1,88TEW/STE2,1,Tewari et al. applied buffer protonation and ionization corrections to obtain ΔrH° = -5.69 kJ mol-1 and ΔrCp° = -63 J K-1 mol-1 at T = 298.15 K for the chemical reference reaction: D-ribose 5-phosphate^{2-}(aq) + H2O(l) = D-ribose(aq) + HPO4^{2-}(aq).
3,1053,1,2,88TEW/STE2,1,Tewari et al. applied buffer protonation and ionization corrections to obtain ΔrH° = -12.43 kJ mol-1 and ΔrCp° = -84 J K-1 mol-1 at T = 298.15 K for the chemical reference reaction: D-ribulose 5-phosphate^{2-}(aq) + H2O(l) = D-ribulose(aq) + HPO4^{2-}(aq).
3,1053,1,3,52MEY/SHA,1,Also see data given under alkaline phosphatase (EC 3.1.3.1).
3,1053,2,1,45OHL,1,This same result was also reported later by Ohlmeyer [46OHL2]. Also see data given under alkaline phosphatase (EC 3.1.3.1).
3,1053,2,2,45OHL,1,This same result was also reported later by Ohlmeyer [46OHL2].
3,1053,2,3,49MEY/GRE,1,The apparent equilibrium constant given here was calculated from the concentrations given in Meyerhof and Green's Table II. Also see data given under alkaline phosphatase (EC 3.1.3.1).
3,1053,2,4,49MEY/GRE,1,The apparent equilibrium constant given here was calculated from the concentrations given in Meyerhof and Green's Table II. Also see data given under alkaline phosphatase (EC 3.1.3.1).
3,1054,1,1,49MEY/GRE,1,The apparent equilibrium constant given here was calculated from the concentrations given in Meyerhof and Green's Table II. Also see data given under alkaline phosphatase (EC 3.1.3.1).
3,1054,1,2,49MEY/GRE,1,The apparent equilibrium constant given here was calculated from the concentrations given in Meyerhof and Green's Table II. Also see data given under alkaline phosphatase (EC 3.1.3.1) and under fructose-biphosphatase (EC 3.1.3.11).
3,1054,1,3,45OHL,1,"This same result was also reported by Ohlmeyer in 1946 [46OHL], [46OHL2]. Also see data given under alkaline phosphatase (EC 3.1.3.1)."
3,1054,1,4,46OHL,1,The apparent equilibrium constants given here were calculated from the values of K'cc°/c(H2O) reported by Ohlmeyer. Also see data given under alkaline phosphatase (EC 3.1.3.1).
3,1054,2,1,49MEY/GRE,1,The apparent equilibrium constant given here was calculated from the concentrations given in Meyerhof and Green's Table VII.
3,1054,2,2,55STU,1,"Sturtevant applied buffer protonation and ionization corrections to obtain ΔrH°(T = 298.15 K, Ic ~= 0.03 mol dm-3) = -26.3 kJ mol-1 for the chemical reference reaction: 4-nitrophenyl phosphate^{-}(aq) + H2O(l) = 4-nitrophenol (aq) + H2PO4^{-}(aq). Also see data given under alkaline phosphatase (EC 3.1.3.1)."
3,1054,2,3,92REK/TIS,1,-
3,1055,1,1,61VLA/KOM,1,-
3,1055,1,2,82GUY/THA,1,"Guynn and Thames calculated Kc(T = 311.15 K, Ic = 0.25 mol dm-3) = 34.2 for the chemical reference reaction: L-O-phosphoserine^{2-}(aq) + H2O(l) = L-serine(aq) + HPO4^{2-}(aq)."
3,1055,2,1,92KIM/KIN,1,Also see data given under alkaline phosphatase (EC 3.1.3.1).
3,1055,2,2,76LAW/GUY,1,Also see data given under alkaline phosphatase (EC 3.1.3.1) and under acid phosphatase (EC 3.1.3.2).
3,1056,1,1,79LAW/VEE,1,-
3,1056,1,2,91LIU/FRO,1,This is an approximate result.
3,1056,1,3,69GRE/RUD,1,"Greengard et al. applied a correction for the enthalpy of buffer protonation to obtain the value of ΔrH'° given here. Also see data given under 3',5'-cyclic-nucleotide phosphodiesterase (EC 3.1.4.17)."
3,1056,2,1,71RUD/JOH,1,Rudolph et al. applied a correction for the enthalpy of buffer protonation to obtain the value of ΔrH'° given here.
3,1056,2,2,69GRE/RUD,1,Greengard et al. applied a correction for the enthalpy of buffer protonation to obtain the value of ΔrH'° given here.
3,1056,2,3,71RUD/JOH,1,Rudolph et al. applied a correction for the enthalpy of buffer protonation to obtain the value of ΔrH'° given here.
3,1057,1,1,71RUD/JOH,1,Rudolph et al. applied a correction for the enthalpy of buffer protonation to obtain the value of ΔrH'°given here.
3,1057,1,2,74CHE/PAT,1,"Cheung et al. applied a buffer protonation correction to obtain ΔrH'°(T = 298.15 K, pH = 7.8) = -55.6 kJ mol-1. Also see data given under phosphodiesterase I (EC 3.1.4.1)."
3,1057,1,3,75GER/WES,1,Gerlt et al. applied corrections for protonation of the buffer to obtain the values of ΔrH'° given here.
3,1057,2,1,75GER/WES,1,Gerlt et al. applied corrections for protonation of the buffer to obtain the values of ΔrH'° given here.
3,1057,2,2,73STU/GER,1,"Sturtevant et al. applied a buffer protonation correction to obtain ΔrH'°(T = 298.15 K, pH = 7.3) = -11.1 kJ mol-1."
3,1057,2,3,75GER/WES,1,Gerlt et al. applied a buffer protonation correction to obtain the value of ΔrH'° given here.
3,1058,1,1,73STU/GER,1,"Sturtevant et al. applied buffer protonation corrections to obtain ΔrH'°(T = 298.15 K, pH = 7.3) ~= -28.5 kJ mol-1."
3,1058,1,2,75GER/WES,1,Gerlt et al. applied buffer protonation corrections to obtain the values of ΔrH'° given here.
3,1058,1,3,75GER/WES,1,Gerlt et al. applied a buffer protonation correction to obtain the value of ΔrH'° given here.
3,1058,1,4,75GER/WES,1,Gerlt et al. applied buffer protonation corrections to obtain the values of ΔrH'° given here.
3,1058,2,1,73STU/GER,1,"Sturtevant et al. applied buffer protonation corrections to obtain ΔrH'°(T = 298.15 K, pH = 7.3) = -11.0 kJ mol-1."
3,1058,2,2,75GER/WES,1,Gerlt et al. applied a buffer protonation correction to obtain the value of ΔrH'° given here.
3,1058,2,3,73STU/GER,1,"Sturtevant et al. applied buffer protonation corrections to obtain ΔrH'°(T = 298.15 K, pH = 7.3) ~= -14.9 kJ mol-1."
3,1059,1,1,75GER/WES,1,Gerlt et al. applied a buffer protonation correction to obtain the value of ΔrH'° given here.
3,1059,1,2,71RUD/JOH,1,Rudolph et al. applied a correction for the enthalpy of buffer protonation to obtain the value of ΔrH'° given here.
3,1059,1,3,71RUD/JOH,1,Rudolph et al. applied a correction for the enthalpy of buffer protonation to obtain the value of ΔrH'° given here.
3,1059,2,1,65BAH/CAT,1,"Bahr et al. reported K(T = 298.15 K, Ic = 0.1 mol dm-3) ~= 1020 for the chemical reference reaction: cytidine 2',3'-(cyclic)phosphate(aq) + H2O(l) = cytidine 3'-monophosphate(aq)."
3,1059,2,2,65BAH/CAT,1,"Bahr et al. applied a buffer protonation correction to obtain ΔrH'°(T = 298.15 K, pH = 8.4) = -2.1 kJ mol-1. Bahr et al. also reported ionization constants for the substances in this reaction and calculated ΔrH°(T = 298.15 K) = -2.1 kJ mol-1 for the chemical reference reaction: cytidine 2',3'-(cyclic)phosphate^{-}(aq) + H2O(l) = cytidine 3'-monophosphate^{2-}(aq) + H^{+}(aq). They also calculated ΔrH°(T = 298.15 K) = -12.0 kJ mol-1 for the chemical reference reaction: cytidine 2',3'-(cycIic)phosphate(aq) + H2O(l) = cytidine 3'-monophosphate(aq)."
3,1059,2,3,71RUD/JOH,1,Rudolph et al. applied a correction for the enthalpy of buffer protonation to obtain the value of ΔrH'° given here.
3,1060,1,1,76TRI/PAR,1,"Tribout et al. also reported ΔrH(cal)(T = 298.15 K, acetate buffer, pH = 5.0) = 35.1 J g-1 for the hydrolysis of RNA. The products of this hydrolysis reaction were not identified."
3,1060,1,2,71RUD/JOH,1,Rudolph et al. applied a correction for the enthalpy of buffer protonation to obtain the value of ΔrH'° given here.
3,1060,1,3,72KHA/ZHE,1,The apparent equilibrium constant given here was calculated from the concentrations and percent yields given in Khabarova and Zhenodarova's Table 1.
3,1060,2,1,72KHA/ZHE,1,The apparent equilibrium constant given here was calculated from the concentrations and percent yields given in Khabarova and Zhenodarova's Table 1.
3,1060,2,2,72KHA/ZHE,1,The apparent equilibrium constant given here was calculated from the concentrations and percent yields given in Khabarova and Zhenodarova's Table 1.
3,1060,2,3,72KHA/ZHE,1,The apparent equilibrium constant given here was calculated from the concentrations and percent yields given in Khabarova and Zhenodarova's Table 1.
3,1061,1,1,72KHA/ZHE,1,The apparent equilibrium constant given here was calculated from the concentrations and percent yields given in Khabarova and Zhenodarova's Table 1.
3,1061,1,2,72KHA/ZHE,1,The apparent equilibrium constant given here was calculated from the concentrations and percent yields given in Khabarova and Zhenodarova's Table 1.
3,1061,1,3,72KHA/ZHE,1,The apparent equilibrium constant given here was calculated from the concentrations and percent yields given in Khabarova and Zhenodarova's Table 1.
3,1061,1,4,72KHA/ZHE,1,The apparent equilibrium constant given here was calculated from the concentrations and percent yields given in Khabarova and Zhenodarova's Table 1.
3,1061,2,1,72KHA/ZHE,1,The apparent equilibrium constant given here was calculated from the concentrations and percent yields given in Khabarova and Zhenodarova's Table 1.
3,1061,2,2,72KHA/ZHE,1,The apparent equilibrium constant given here was calculated from the concentrations and percent yields given in Khabarova and Zhenodarova's Table 1.
3,1061,2,3,72TAK/ONO,1,Cyclomaltodextrin glucanotransferase (EC 2.4.1.19) was also present.
3,1062,1,1,72TAK/ONO,1,-
3,1062,1,2,72TAK/ONO,1,Cyclomaltodextrin glucanotransferase (EC 2.4.1.19) was also present.
3,1062,1,3,78OKA/GEN,1,The apparent equilibrium constant was calculated from the results given in Okada et al.'s Table 2. Okada et al. did not report what the buffer and the pH were. Equilibrium was approached from only one direction.
3,1062,1,4,91TEW/GOL,1,-
3,1062,2,1,91TEW/GOL,1,-
3,1062,2,2,65TAK/HIR,1,O-\alpha-D-glucopyranosyl-(1->4)n is amylose.
3,1062,2,3,91GOL/BEL,1,The result given here is the average of the results obtained for two different samples of amylose. Ethanol was also present.
3,1062,2,4,65TAK/YOS,1,"Also see data given under oligo-1,6-glucosidase (EC 3.2.1.10)."
3,1063,1,1,80BEY/ROE,1,van Beynum et al. reported K'cc°/c(H2O) = 0.6. Their experiments were carried out over the temperature range 318 -- 338 K. The pH was not reported.
3,1063,1,2,84ADA/UED,1,Adachi et al. reported {K'cc°/c(H2O)}^{-1} = 0.28 based upon kinetic data. The apparent equilibrium constant given here was calculated from this result.
3,1063,1,3,91GOL/BEL,1,-
3,1063,1,4,91GOL/BEL,1,-
3,1063,2,1,91GOL/BEL,1,-
3,1063,2,2,91GOL/BEL,1,-
3,1063,2,3,65ONO/HIR,1,Also see data given under \alpha-glucosidase (EC 3.2.1.20).
3,1063,2,4,78OKA/GEN,1,The apparent equilibrium constant was calculated from the results given in Okada et al.'s Table 1. Okada et al. did not report what the buffer and the pH were. Equilibrium was approached from only one direction.
3,1064,1,1,80BEY/ROE,1,van Beynum et al. reported K'cc°/c(H2O) = 3.5. The apparent equilibrium constant given here was calculated from this result. Their experiments were carried out over the temperature range 318 to 338 K. The pH was not reported.
3,1064,1,2,84ADA/UED,1,Adachi et al. reported {K'cc°/c(H2O)}^{-1} = 0.28 based upon kinetic data. The apparent equilibrium constant given here was calculated from this result.
3,1064,1,3,91GOL/BEL,1,-
3,1064,1,4,91GOL/BEL,1,-
3,1064,2,1,65TAK/HIR,1,-
3,1064,2,2,91GOL/BEL,1,-
3,1064,2,3,65TAK/YOS,1,-
3,1064,2,4,91GOL/BEL,1,-
3,1065,1,1,65ONO/HIR,1,-
3,1065,1,2,89TEW/GOL,1,"Also see data given under glucan 1,4-glucosidase (EC 3.2.1.3)."
3,1065,1,3,89TEW/GOL,1,-
3,1065,1,4,91TEW/GOL,1,-
3,1065,2,1,89TEW/GOL,1,"Also see data given under glucan 1,4-\alpha-glucosidase (EC 3.2.1.3)."
3,1065,2,2,91TEW/GOL,1,-
3,1065,2,3,36VEI,1,The apparent equilibrium constants given here were calculated from the data in Veibel's Tables VII and VIII. The pH was not reported.
3,1065,2,4,36VEI,1,The apparent equilibrium constants given here were calculated from the data in Veibel's Tables VII and VIII. The pH was not reported.
3,1066,1,1,89TEW/GOL,1,-
3,1066,1,2,36VEI,1,The apparent equilibrium constants given here were calculated from the data in Veibel's Tables VII and VIII. The pH was not reported.
3,1066,1,3,89TEW/GOL,1,-
3,1066,1,4,89TEW/GOL,1,-
3,1066,2,1,91TEW/GOL,1,-
3,1066,2,2,91TEW/GOL,1,-
3,1066,2,3,36VEI,1,The apparent equilibrium constants given here were calculated from the data in Veibel's Tables VII and VIII. The pH was not reported.
3,1066,2,4,36VEI,1,The apparent equilibrium constants given here were calculated from the data in Veibel's Tables VII and VIII. The pH was not reported.
3,1067,1,1,36VEI,1,The apparent equilibrium constants given here were calculated from the data in Veibel's Tables VII and VIII. The pH was not reported.
3,1067,1,2,36VEI,1,The apparent equilibrium constants given here were calculated from the data in Veibel's Tables VII and VIII. The pH was not reported.
3,1067,1,3,36VEI,1,The apparent equilibrium constants given here were calculated from the data in Veibel's Tables VII and VIII. The pH was not reported.
3,1067,1,4,91TEW/GOL,1,-
3,1067,2,1,91TEW/GOL,1,-
3,1067,2,2,86HUB/HUR,1,Huber and Hurlburt reported that allo lactose constituted about 50 percent of the total lactose in this reaction. The position of equilibrium was not approached from both directions.
3,1067,2,3,89GOL/TEW,1,Goldberg and Tewari also calculated ΔrH'° = -(0.3±3.6) kJ mol-1 from the temperature dependence of K'c. This is in agreement with the calorimetric result obtained in this study.
3,1068,1,1,89GOL/TEW,1,Goldberg and Tewari also calculated ΔrCp° = 9 J K-1 mol-1.
3,1068,1,2,91TEW/GOL,1,-
3,1068,1,3,91TEW/GOL,1,-
3,1068,1,4,89JOH/HED,1,"The apparent equilibrium constant given here was calculated from the equilibrium data given in Johansson et al.'s Table 1. The ""disaccharide"" in the reaction given here refers to a mixture of four disaccharides which were characterized by (gas-liquid chromatography + mass spectrometry) and by NMR."
3,1068,2,1,89JOH/HED,1,"The apparent equilibrium constant given here was calculated from the equilibrium data given in Johansson et al.'s Table 1. The ""tetrasaccharide"" and ""trisaccharide"" were each a complex mixture of ~= 20 tetrasaccharides and 13 trisaccharides. Only a few of these could be identified."
3,1068,2,2,89JOH/HED,1,"The apparent equilibrium constant given here was calculated from the equilibrium data given in Johansson et al.'s Table 1. The ""trisaccharide"" was a complex mixture of 13 trisaccharides. Only a few of these could be identified. The ""disaccharide"" in the reaction given here refers to a mixture of four disaccharides which were characterized by (gas-liquid chromatography + mass spectrometry) and by NMR."
3,1068,2,3,91GOL/BEL,1,-
3,1069,1,1,91GOL/BEL,1,-
3,1069,1,2,52BAU/GEM,1,-
3,1069,1,3,89GOL/TEW2,1,"This calorimetric result is in excellent agreement with the (non-enzymatic) result obtained by Sturtevant [37STU] using acid hydrolysis. Goldberg et al. also obtained ΔrCp° = -57 J K-1 mol-1 and, using a thermodynamic cycle, calculated Km(T = 298.15 K, I = 0) = 4.44E4 for the chemical reference reaction: sucrose(aq) + H2O(l) = D-glucose(aq) + D-fructose(aq)."
3,1069,2,1,92LEE/HAN,1,"The apparent equilibrium constants given here were taken from Lee and Han's Fig. 5. From the temperature dependencies of the apparent equilibrium constants we calculate ΔrH'° = -(46±7) kJ mol-1 and ΔrH'° = -(34±3) kJ mol-1 for this reaction in the absence and presence of poly(ethylene glycol) 6000, 10% (w/w), respectively, at T = 310 K and pH = 4.9."
3,1069,2,2,86DEW/EMI,1,-
3,1070,1,1,89BER/MUD,1,Berger et al. applied a correction for the enthalpy of buffer protonation to obtain the value of ΔrH'° given here.
3,1070,1,2,89IMA,1,-
3,1070,1,3,89IMA,1,-
3,1070,1,4,80CAM/SGA,1,-
3,1070,2,1,59HAB/CAN,1,The same result was later reported by Cantoni [61CAN].
3,1070,2,2,85HER/AIY,1,-
3,1070,2,3,61RAW/WAD,1,-
3,1071,1,1,53STU,1,-
3,1071,1,2,53STU,1,-
3,1071,1,3,52DOB/STU,1,The ionic strength was ~= 0.3 mol dm-3. Dobry and Sturtevant calculated ΔrH°(T = 298.15 K) = -10.67 kJ mol-1 for the chemical reference reaction: benzyloxycarbonylglycyl-L-phenylalanine^{-}(aq) + H2O(I) = benzyloxycarbonylglycine^{-}(aq) + L-phenylalanine(aq).
3,1071,2,1,61RAW/WAD,1,-
3,1071,2,2,61RAW/WAD,1,-
3,1071,2,3,71MCC/CHA,1,-
3,1071,2,4,77ANT/GIN,1,-
3,1072,1,1,84REK/RUM,1,The same result was also reported by Rekharsky et al. [84REK/RUM2].
3,1072,1,2,77ANT/GIN,1,Acetate buffer (0.1 mol dm-3) was used for the experiment at pH = 5.5. Antonov et al. state that KCl (0.1 mol dm-3) was used for the experiments at pH = 7.3 and pH = 8.2. It is not clear how these pHs were maintained.
3,1072,1,3,77GRI/LOC,1,-
3,1072,2,1,52DOB/STU,1,"The ionic strength was ~= 0.3 mol dm-3. Since, several of the experiments used the racemic mixture (N-benzoyl-L-tyrosinamide + N-benzoyl-D-tyrosinamide), the results given here were obtained on the assumption that there was no reaction with the D isomer. Dobry and Sturtevant calculated ΔrH°(T = 298.15 K) = -(24.4±0.9) kJ mol-1 for the chemical reference reaction: N-benzoyl-L-tyrosinamide(aq) + H2O(l) = N-benzoyl-L-tyrosine^{-}(aq) + NH4^{+}(aq)."
3,1072,2,2,63JEN/CAP,1,The ionic strength was 2.0 mol dm-3.
3,1073,1,1,51FRU/JOH,1,-
3,1073,1,2,52DOB/FRU,1,The apparent equilibrium constant given here was calculated from the concentrations of reactants and products measured by Dobry et al. Dobry et al. calculated ΔrG°(T = 298.15 K) = -(1.8±0.4) kJ mol-1 for the chemical reference reaction: N-benzoyl-L-tyrosylglycinamide(aq) + H2O(l) = N-benzoyl-L-tyrosylglycine^{-}(aq) + NH4^{+}(aq).
3,1073,1,3,52DOB/FRU,1,"The Ionic strength was ~= 0.3 mol dm3. Dobry et al. calculated ΔrH°(T = 298.15 K, Ic ~= 0.3 mol dm-3) = -(6.49±0.4) kJ mol-1 for the chemical reference reaction: N-benzoyl-L-tyrosylglycinamide(aq) + H2O(l) = N-benzoyl-L-tyrosylglycine^{-}(aq) + NH4^{+}(aq)."
3,1073,2,1,61GAW/GLA,1,-
3,1073,2,2,80SLI/BOL,1,Slightom and Bolen applied a correction for the enthalpy of buffer protonation to obtain the value of ΔrH'° given here.
3,1073,2,3,56FOR/GUT,1,Forrest et al. extrapolated their results to Ic = 0 and obtained ΔrH(cal) = -25.1 kJ mol-1 at T = 298.15 K.
3,1074,1,1,55STU2,1,-
3,1074,1,2,65CAR/KIR,1,-
3,1074,2,1,75KAP/BAR,1,The apparent equilibrium constant given here was calculated from the standard transformed Gibbs energy of reaction given by Kapitannikov et al.
3,1074,2,2,75KAP/BAR,1,The apparent equilibrium constant given here was calculated from the standard transformed Gibbs energy of reaction given by Kapitannikov et al.
3,1074,2,3,75KAP/BAR,1,-
3,1075,1,1,63CHE/RAW,1,These are approximate results. Other processes may have been present that made substantial contributions to the calorimetrically determined enthalpies of reaction.
3,1075,1,2,79FLE/TAT,1,"The apparent equilibrium constants given in column 6 in Flegmann and Tatersall's Table 2 do not agree with what is calculated from the data given in columns 3, 4, and 5 in that table."
3,1075,1,3,59KIT/HEM,1,-
3,1075,2,1,85REK/SLO,1,-
3,1075,2,2,56BEN/HEM,1,The result given here is the average obtained from measurements performed at three different concentrations of reactants and products. The pH is assumed to be $\approx$ 5.5 based upon the results given by Benzinger et al. [59BEN/KIT].
3,1075,2,3,59BEN/KIT,1,"The result given here is the average obtained from measurements performed at three, different concentrations of reactants and products."
3,1075,2,4,59KIT/HEM,1,-
3,1076,1,1,63EHR/MAR,1,-
3,1076,1,2,80TER/RAB,1,"Terekhina and Rabovskaya did not state what the percent of dimethyl sulfoxide was -- i.e. volume percent, mass percent, or mole percent."
3,1076,1,3,52BAU/GEM,1,-
3,1076,1,4,60ISH,1,-
3,1076,2,1,73BEE/STE,1,-
3,1076,2,2,75JES,1,Jespersen reported that ammonium carbamate is formed as a product in citrate and Tris buffers.
3,1076,2,3,76SCH/KRI,1,-
3,1076,2,4,87OWU/TRE,1,-
3,1077,1,1,80SVE/MAR,1,-
3,1077,1,2,80SVE/MAR,1,-
3,1077,1,3,80SVE/MAR,1,-
3,1077,1,4,80SVE/MAR,1,-
3,1077,2,1,76BER/KLE,1,The ionic strength was $\approx$ 0.1 mol dm-3.
3,1077,2,2,80SVE/MAR,1,-
3,1077,2,3,83HAA/KAR,1,Haagensen et al. reported Kc(T = 298.15 K) = 0.0003 for this chemical reference reaction. Few experimental details were given.
3,1078,1,1,88TEW/GOL,1,"Tewari and Goldberg calculated Km = 7.35E-8, ΔrH° = 29.7 kJ mol-1, and ΔrCp° = -240 J K-1 mol-1 at T = 298.15 K and I = 0 for the chemical reference reaction: penicillin G^{-}(aq) = 6-aminopenicillanic acid^{-}(aq) + phenylacetic acid^{-}(aq) + H^{+}(aq)."
3,1078,1,2,88TEW/GOL,1,"Tewari and Goldberg calculated ΔrH° = 29.7 kJ mol-1, and ΔrCp° = -240 J K-1 mol-1 at T = 298.15 K and I = 0 for the chemical reference reaction: penicillin G^{-}(aq) = 6-aminopenicillanic acid^{-}(aq) + phenylacetic acid^{-}(aq) + H^{+}(aq)."
3,1078,2,1,80SVE/MAR,1,-
3,1078,2,2,83HAA/KAR,1,Haagensen et al. reported Kc(T = 298.15 K) = 0.00128 for this chemical reference reaction. Few experimental details were given.
3,1078,2,3,80SVE/MAR,1,-
3,1078,2,4,80SVE/MAR,1,-
3,1079,1,1,87REK/EGO,1,-
3,1079,1,2,82GAL/SVE,1,-
3,1079,1,3,86ROH/ETT,1,The results given here were ohtained from Fig. 4. in Rohm and Van Etten's paper. The ionic strength was 2.0 mol dm-3.
3,1079,1,4,82GAL/SVE,1,-
3,1079,2,1,82GAL/SVE,1,-
3,1079,2,2,80SVE/GAL,1,-
3,1079,2,3,82GAL/SVE,1,-
3,1079,2,4,86REK/SKY,1,"Few details were given. This result was also reported by Rekharsky et al. in several other papers: [89REK/SIK], [87REK/EGO] and [84REK/RUM]."
3,1080,1,1,89REK/SIK,1,-
3,1080,1,2,82GAL/SVE,1,-
3,1080,1,3,82GAL/SVE,1,-
3,1080,1,4,92IBO/OBO,1,"The results given here were obtained from Fig. 2 in lborra et al.'s paper. Iborra et al. also reported that the direction of this reaction was shifted towards the synthesis of N-acetyl-L-valine with the addition of polyols (xylitol, meso-erythritol, glycerol, ethylene glycol, 1,4-butanediol, ethanol, and 2-propanol)."
3,1080,2,1,86REK/SKY,1,Few details were given in this paper.
3,1080,2,2,89AIR,1,"The results given here are based on the data shown in Airas' Fig. 4-F. The numerical values are a personal communication from R. K. Airas. Airas also calculated ΔrH'°(T = 292 K, pH = 8.1) = 37 kJ mol-1 from the temperature dependency of K'c."
3,1080,2,3,70HER,1,"Hersh found that N-methyl-2-oxoglutaramate, the substrate for the enzyme catalyzed reaction, cyclized rapidly to 5-hydroxy-N-methylpyroglutamate."
3,1081,1,1,54LIE/KOR,1,-
3,1081,1,2,74KEN,1,The apparent equilibrium constant given here was calculated from kinetic data.
3,1081,1,3,78CHR/MAT,1,-
3,1081,1,4,54LIE/KOR,1,-
3,1081,2,1,79GRI/TAN,1,-
3,1081,2,2,94KIS/TEW,1,"The apparent equilibrium constant given here is the average of the results obtained from both directions of reaction. Kishore et al. also performed calorimetric measurements (see below) and calculated K = (6.0±3.0)E-6, ΔrG° = (29.8±1.7) kJ mol-1, ΔrH° = -(70.0±7.5) kJ mol-1, and ΔrS° = -(335±26) J K-1 mol-1 for the chemical reference reaction: ampicillin^{-}(aq) + H2O(l) = ampicillinoic acid^{2-}(aq) + H^{+}(aq) at T = 298.15 K and Im = 0."
3,1081,2,3,94KIS/TEW,1,"Kishore et al. used the results given here to calculate ΔrH°(T = 298.15 K, Im = 0) = -(70.0±7.5) kJ mol-1 for the chemical reference reaction: ampicillin^{-}(aq) + H2O(I) = ampicillinoic acid^{2-}(aq) + H^{+}(aq). Calorimetric results were also reported for the hydrolysis of cephalosporin C, but they cannot be assigned to a definite reaction."
3,1082,1,1,79GRI/TAN,1,-
3,1082,1,2,94KIS/TEW,1,"The apparent equilibrium constant given here is the average of the results obtained from both directions of reaction. Kishore et al. also performed calorimetric measurements and calculated K = (9.4±3.1)E-7, ΔrG° = (34.4±1.0) kJ mol-1, ΔrH° = -(73.7±0.4) kJ mol-1, and ΔrS° = -(363±4) J K-1 mol-1 for the chemical reference reaction: penicillin G^{-}(aq) + H2O(l) = penicillinoic acid^{2-}(aq) + H^{+}(aq) at T = 298.15 K and Im = 0."
3,1082,1,3,94KIS/TEW,1,"Kishore et al. used these results to calculate ΔrH°(T = 298.15 K, Im = 0) = -(73.7±0.4) kJ mol-1 for the chemical reference reaction: penicillin G^{-}(aq) + H2O(l) = penicillinoic acid^{2-}(aq) + H^{+}(aq). Calorimetric results were also reported for the hydrolysis of cephalosporin C, but they cannot be assigned to a specific reaction."
3,1082,2,1,79GRI/TAN,1,-
3,1082,2,2,93TEW/KIS,1,"Tewari et aI, applied buffer protonation and ionization corrections to obtain ΔrH°(T = 298.15 K, Im = 0) = -(21.4±0.5) kJ mol-1 for the chemical reference reaction: L-arginine^{+}(aq) + H2O(l) = L-ornithine^{+}(aq) + urea(aq)."
3,1082,2,3,67TRI/VOG,1,-
3,1083,1,1,93TEW/KIS,1,"Tewari et al. applied buffer protonation and ionization corrections to obtain ΔrH°(T = 298.15 K, Im = 0) = -(31.9±0.8) kJ mol-1 for the chemical reference reaction: L-arginine^{+}(aq) + H2O(l) = L-citrulline(aq) + NH4^{+}(aq)."
3,1083,1,2,67WOL,1,The apparent equilibrium constants given here were calculated from results given in Wolfenden's Table I and Figs. 1 and 2.
3,1083,2,1,93LAR/TEW,1,"Larson et al. calculated ΔrH°(T = 298.15 K, I = 0) = -(49.4±0.7) kJ mol-1 for the chemical reference reaction: adenosine(aq) + H2O(l) + H^{+}(aq) = inosine(aq) + NH4^{+}(aq)."
3,1083,2,2,71COH/WOL,1,The apparent equilibrium constants given here were calculated from the percent conversion data given in Cohen and Wolfenden's Fig. 3.
3,1083,2,3,71COH/WOL,1,-
3,1084,1,1,93LAR/TEW,1,"Larson et al. calculated ΔrH°(T = 298.15 K, I = 0) = -(49.6±0.5) kJ mol-1 for the chemical reference reaction:AMP^{2-}(aq) + H2O(l) = adenosine(aq) + HPO4^{2-}(aq)."
3,1084,1,2,60KAY/OSB,1,"The temperature is assumed to be 298.15 K. The apparent equilibrium constants given here were calculated from the results given in Kay et al.'s Table I. Kay et al. also reported equilibrium data for the reaction: 5,10-methenyltetrahydrofolate(aq) + H2O(l) = 5-formyltetrahydrofolate(aq)."
3,1084,1,3,63GRE,1,Greenberg reported K'c(H+)/c(H2O) = 2.4E-8 at pH = 6.5. The apparent equilibrium constant given here was calculated from this result. This reaction proceeds in the absence of an enzyme in neutral and alkaline solutions.
3,1084,2,1,67LOM/GRE,1,The result given here was obtained from kinetic data.
3,1084,2,2,73SUZ/IWA,1,The result given here was obtained from kinetic data.
3,1084,2,3,52OHL/SHA,1,Also see data given under alkaline phosphatase (EC 3.1.3.1).
3,1085,1,1,54GIN/STU,1,-
3,1086,1,1,74FLO/FLE,1,"The apparent equilibrium constants given here were taken from Flodgaard and Fleron's Table II and Fig. 4. From the temperature dependence of K'c Flodgaard and Fleron calculated ΔrH'°(T = 296 K, pH = 7.4, pMg = 3.5, Ic = -0.068 mol dm-3) = -(20.6±3.4) kJ mol-1. They also calculated Kc(T = 298.15 K, I = 0) = (2.41±0.20)E-4 for the chemical reference reaction: pyrophosphate^{3-}(aq) + H2O(l) = 2 orthophosphate^{2-}(aq) + H^{+}(aq)."
3,1087,1,1,82DEM,1,The apparent equilibrium constants given here were taken from de Meis' Figs. 8 and 9.
3,1087,2,1,84DEM,1,"With the exception of the first 13 results, the apparent equilibrium constants given here were taken from de Meis' Figs. 2, 3, 4, 7, 8, and 9. It is not clear what convention (e.g. (w/v), (v/v), or (w/w)) de Meis used when reporting the percent composition of the cosolvents."
3,1091,1,1,85DEM/BEH,1,"x(cosolvent) is the mole fraction of cosolvent added. With the exception of the first 13 results, the apparent equilibrium constants given here were taken from de Meis et al.'s Fig. 5."
3,1092,1,1,86DAL/REN,1,"With the exception of the first three results, the apparent equilibrium constants given here were taken from Daley et al. 's Figs. 2A and 2B."
3,1093,1,1,58WIL/BAN,1,Sulfate adenylyltransferase (EC 2.7.7.4) was also present. This is an approximate result.
3,1093,1,2,53MEY/SHA,1,-
3,1093,1,3,52OHL/SHA,1,-
3,1093,2,1,55KIT/BEN,1,"The results given here, when corrected for the enthalpy of buffer protonation, lead to ΔrH'°(T = 293 K, pH = 8.0) = -20.4 kJ mol-1."
3,1093,2,2,55POD/STU,1,"Podolosky and Sturtevant applied buffer protonation and ionization corrections to obtain ΔrH°(T = 298.15 K, Ic = 0.6 mol dm-3) = -22.2 kJ mol-1 for the chemical reference reaction: ATP^{4-}(aq) + H2O(l) = ADP^{3-}(aq) + HPO4^{2-}(aq) + H^{+}(aq)."
3,1094,1,1,56POD/MOR,1,"Podolosky and Morales applied buffer protonation and ionization corrections to obtain ΔrH°(T = 293.15 K, Ic $\approx$ 0.6 mol dm-3) = -19.7 kJ mol-1 for the chemical reference reaction: ATP^{4-}(aq) + H2O(l) = ADP^{3-}(aq) + HPO4^{2-}(aq) + H^{+}(aq)."
3,1094,1,2,69GEO/TRA,1,George et al. reported ΔrH°(lc <= 0.01 mol dm-3) = -24.3 kJ mol-1 for this chemical reference reaction. They did not report the calorimetrically determined enthalpy of reaction or the conditions of measurement.
3,1094,1,3,86GAJ/STE,1,"Gajewski et al. calculated ΔrH°(T = 298.15K, I = 0) = -20.5 kJ mol-1 and ΔrCp° = -237 J K-1 mol-1 for the chemical reference reaction: ATP^{4-}(aq) + H2O(l) = ADP^{3-}(aq) + HPO4^{2-}(aq) + H^{+}(aq)."
3,1094,2,1,81HIN/POL,1,"Hinz et al. gave results that lead to ΔrH°(T = 298.15 K, Ic ~= 0.6 mol dm-3) = -22.3 kJ mol-1 for the chemical reference reaction: GTP^{4-}(aq) + H2O(l) = GDP^{3-}(aq) + HPO4^{2-}(aq) + H^{+}(aq)."
3,1094,2,2,55KIT/BEN,1,"The results given here when corrected for the enthalpy of buffer protonation lead to ΔrH'°(T = 293 K, pH = 8.0) $\approx$ -20 kJ mol-1."
3,1095,1,1,56POD/MOR,1,-
3,1095,1,2,60GEL/STU,1,"Creatine kinase (EC 2.7.3.2) was also present. Gellert and Sturtevant obtained ΔrH'°(T = 298.15 K, pH = 8.0) = -37.4 kJ mol-1 for the above reaction using ΔrN(H+) = 0."
3,1095,2,1,85FAG/DEW,1,This result was obtained from kinetic data with a very long extrapolation to Δ(pCa) = 0.
4,1672,1,1,54UTT/KUR,1,The apparent equilibrium constant given here was calculated from the data given in Utter and Kurashi's Table VII.
4,1672,2,1,66WOO/DAV,1,Wood et al. also calculated Kc = 4.58E-8 at T = 298.15 K and I = 0.1 mol dm-3 for the chemical reference reaction: ITP^{4-}(aq) + oxaloacetate^{2-}(aq) = IDP^{3-}(aq) + phosphoenolpyruvate^{3-}(aq) + HCO3^{-}(aq) + H^{+}(aq).
4,1672,2,2,66WOO/DAV,1,-
4,1672,2,3,56KIT/HOR,1,"The temperature is assumed to be 298.15 K. After correction for the enthalpies of buffer protonation, Kitzinger et al. calculated ΔrH'°(T = 298.15 K, pH = 8.0) = -20.1 kJ mol-1."
4,1673,1,1,54CHA,1,The apparent equilibrium constant given here was calculated from the data given in Charalampous' Table III.
4,1673,1,2,60PRI/HOR,1,-
4,1673,1,3,67GRO,1,-
4,1673,1,4,55LEH/SIC,1,-
4,1673,2,1,40HER/GOR,1,"Herbert et al. also calculated ΔrH'°(T = 311 K, pH = 7.2) = 55 kJ mol-1."
4,1673,2,2,43MEY/JUN,1,"These measurements were performed in the absence of a buffer but near pH = 7. From the temperature dependence of the apparent equilibrium constant we calculate ΔrH'°(T = 318 K, pH $\approx$ 7) = 48 kJ mol-1."
4,1673,2,3,55LEH/SIC,1,-
4,1673,2,4,64LOW/PAS,1,-
4,1674,1,1,69VEE/RAI,1,-
4,1674,1,2,75KUR/KON,1,"From the temperature dependence of the apparent equilibrium constant we calculate ΔrH'°(T = 298 K, pH = 8.8) $\approx$ 53 kJ mol-1."
4,1674,1,3,36MEY/SCH,1,Meyerhof and Schulz also performed measurements using the racemic mixture of D- and L-glyceraldehyde. The result was ΔrH(cal) = -63.2 kJ mol-1. The pH was not reported.
4,1674,1,4,55LEH/SIC,1,-
4,1674,2,1,75KUR/KON,1,"From the temperature dependence of the apparent equilibrium constant we calculate ΔrH'°(T = 298 K, pH = 8.8) $\approx$ 11 kJ mol-1."
4,1674,2,2,36MEY/LOH,1,The approximate values of the apparent equilibrium constants given here were calculated from the results given in Meyerhof et al.'s Tables I and II. The pH was not reported.
4,1674,2,3,34MEY/LOH,1,"From the temperature dependence of K'c we calculate ΔrH'°(T = 255 K, pH = 7) = 47 kJ mol-1."
4,1675,1,1,35MEY,1,"Triose-phosphate isomerase (EC 5.3.1.1) was also present. The pH was not well controlled in this study. From the temperature dependence of the apparent equilibrium constant we calculate ΔrH'°(T = 303 K, pH $\approx$ 7) = 52 kJ mol-1."
4,1675,1,2,35MEY/LOH,1,Triose-phosphate isomerase (EC 5.3.1.1) was also present.
4,1675,1,3,41UTT/WER,1,"Triose-phosphate isomerase (EC 5.3.1.1) was also present. From the temperature dependence of the apparent equilibrium constant we calculate ΔrH'°(T = 296 K, pH = 9.0) $\approx$ 55 kJ mol-1 ."
4,1675,2,1,43MEY/JUN,1,"Triose-phosphate isomerase (EC 5.3.1.1) was also present. These measurements were performed in the absence of a buffer but near pH = 7. From the temperature dependence of the apparent equilibrium constant we calculate ΔrH'°(T = 318 K, pH $\approx$ 7) = 50 kJ mol-1."
4,1675,2,2,62DOU/SHU,1,Few details were given in this Proceedings abstract.
4,1675,2,3,64MEL/WOO,1,-
4,1675,2,4,62GHA/HEA,1,-
4,1676,1,1,72DAH/AND,1,-
4,1676,1,2,69DAH/AND,1,-
4,1676,1,3,65CHI/FEI,1,-
4,1676,1,4,62DOU/SHU,1,Few details were given in this Proceedings abstract. Also see [66SHU].
4,1676,2,1,74FER/STR,1,-
4,1676,2,2,56SMI/STA,1,-
4,1676,2,3,57SMI/GUN,1,-
4,1676,2,4,71WIL/ROC,1,"Williams et al. also obtained K'(T = 303.15 K, pH = 7.7) $\approx$ 0.0016 from kinetic data."
4,1677,1,1,62GOL/WAG,1,Goldman et al. report {K'c(H2O)}^{-1} = 0.00063. The apparent equilibrium constant given here was calculated from this result.
4,1677,1,2,60COM/ROS,1,-
4,1677,1,3,56SMI/STA,1,-
4,1677,1,4,63HAR/COL,1,-
4,1677,2,1,65TAT/DAT,1,"Tate and Datta also calculated Kc = 0.325 at T = 298.15 K, I_c = 0.1 mol dm-3 for the chemical reference reaction: citrate^{3-}(aq) = acetate^{-}(aq) + oxaloacetate^{2-}(aq)."
4,1677,2,2,73GUY/GEL,1,-
4,1678,1,1,73GUY/GEL,1,"Guynn et al. also calculated K'(T = 311.15 K, pH = 7.0, c(Mg2+) = 0, I = 0.25 mol dm-3) = (2.24±0.11)E6."
4,1678,1,2,52STE/OCH,1,Malate dehydrogenase (EC 1.1.1.37) was also present. The results given by Stern et al. in their Table III and Fig. 3 included the concentration of water as 55.5 mol dm-3. The apparent equilibrium constants given here have been adjusted so that the activity of water is unity.
4,1678,2,1,67PLO/CLE,1,-
4,1678,2,2,63KUR/FUK,1,The apparent equilibrium constant was calculated from the results given in Huratomi and Fukunaga's Table III. The apparent equilibrium constant they calculated (K' = 0.73) appears to be in error.
4,1678,2,3,64MAI/DEK,1,The apparent equilibrium constant given here is based on the percentages of the various substrates reported by Maitra and Dekker. Note that the apparent equilibrium constant calculated by Maitra and Dekker is in error by a factor of 1000.
4,1678,2,4,67ROS/ADA,1,The apparent equilibrium constant given here was calculated from the data given in Rosso and Adams' Table III on the assumption that the total volume of solution in an experiment was 1.0 cm^{3}.
4,1679,1,1,67BAR,1,-
4,1679,1,2,87BUC/MIL,1,Buckel and Miller also calculated Kc = 0.32 at T = 298.15 K and I = 0 for the chemical reference reaction: (S)-2-methylmalate^{2-}(aq) = acetate^{-}(aq) + pyruvate^{-}(aq).
4,1679,1,3,73HER,1,-
4,1679,2,1,79PIR/LIL,1,"It is not clear which optical isomer of 2,3-dimethylmalate is the active one, although the (2R,3S) form seems likely."
4,1679,2,2,94TEW/GOL,1,"Tewari and Goldberg also calculated Kc = (1.05±0.13)E-4, ΔrG° = (22.71±0.33) kJ mol-1, ΔrH° = (62.0±2.3) kJ mol-1, and ΔrS° = (132±8) J K-1 mol-1 at T = 298.15 K and I = 0 for the chemical reference reaction: L-tryptophan(aq) + H2O(I) = indole(aq) + pyruvate^{-}(aq) + NH4^{+}(aq)."
4,1680,1,1,94TEW/GOL,1,Tewari and Goldberg also calculated ΔrH° =(62.0±2.3) kJ mol-1 at T = 298.15 K and I = 0 for the chemical reference reaction: L-tryptophan(aq) + H2O(I) = indole(aq) + pyruvate^{-}(aq) + NH4^{+}(aq).
4,1680,1,2,31BOR/SCH,1,-
4,1680,1,3,34JAC,1,"From the temperature dependence of the apparent equilibrium constant we calculate ΔrH'°(T = 303 K, pH = 6.8) = -21 kJ mol-1."
4,1680,2,1,40KRE/SMY,1,"From the temperature dependence of the apparent equilibrium constant we calculate ΔrH'°(T = 308 K, pH = 7.4) = -14 kJ mol-1."
4,1680,2,2,45OHL,1,This same result was reported later by Ohlmeyer [46OHL] in a separate publication.
4,1680,2,3,48SCO/POW,1,"The apparent equilibrium constants given here were taken from Scott and Powell's Fig. 2. Scott and Powell calculated ΔrH'°(T = 305 K, pH = 7.29) = -14.9 kJ mol-1 from the temperature dependence of the apparent equilibrium constant."
4,1681,1,1,53BOC/ALB,1,"The results given here were taken from Bock and Alberty's Figs. 1 to 3. From the temperature dependence of the apparent equilibrium constant, Bock and Alberty calculated ΔrH'°(T = 294 K, pH = 7.3, l_c = 0.1 mol dm-3) = -(16.6±0.4) kJ mol-1 and ΔrH'°(T = 293 K, pH = 4.91, l_c = 0.1 mol dm-3) = -(10.0±1.7) kJ mol-1."
4,1681,2,1,53KRE,1,-
4,1681,2,2,53MAS,1,"The apparent equilibrium constants given here were taken from Massey's Fig. 1. Massey also calculated ΔrH'°(T = 294 K, pH $\approx$ 6.6) = -15.1 kJ mol-1 from the temperature dependence of the apparent equilibrium constant."
4,1681,2,3,69BEN,1,This result is based on unpublished data of Kitzinger and Hems. There is very little information given about the measurement.
4,1682,1,1,69BEN,1,This result is based on unpublished data of Kitzinger and Hems. There is very little information given about the measurement.
4,1682,1,2,69WAN/BAR,1,-
4,1682,1,3,80COO/BLA,1,-
4,1682,1,4,85GAJ/GOL,1,"Gajewski at al. also calculated K = 4.20, ΔrG° = -3.56 kJ mol-1, ΔrH'° = -15.7 kJ mol-1, and ΔrCp° = -36 J K^-1 mol-1 at T = 298.15 K and I = 0 for the chemical reference reaction: fumarate^{2-}(aq) + H2O(l) = (S)-malate^{2-}(aq)."
4,1682,2,1,85GAJ/GOL,1,The calorimetric enthalpies of reaction given here were calculated from the results given in Gajewski et al.'s Tables 3 and 4.
4,1682,2,2,92KER/KER,1,-
4,1682,2,3,43KRE/EGG,1,The apparent equilibrium constant given here was calculated from the percentages of the substrates in solution.
4,1683,1,1,53KRE,1,The apparent equilibrium constant given here was calculated from the percentages of the substrates in solution.
4,1683,1,2,66THO/NAN,1,The apparent equilibrium constant given here was calculated from the percentages of the various substrates given in Thomson et al.'s Table II.
4,1683,1,3,43KRE/EGG,1,The apparent equilibrium constant given here was calculated from the percentages of the substrates in solution.
4,1683,1,4,53KRE,1,The apparent equilibrium constant given here was calculated from the percentages of the substrates in solution.
4,1683,2,1,66THO/NAN,1,The apparent equilibrium constant given here was calculated from the percentages of the various substrates given in Thomson et al.'s Table II.
4,1683,2,2,43KRE/EGG,1,The apparent equilibrium constant given here was calculated from the percentages of the substrates in solution.
4,1683,2,3,53KRE,1,The apparent equilibrium constant given here was calculated from the percentages of the substrates in solution.
4,1683,2,4,66THO/NAN,1,The apparent equilibrium constant given here was calculated from the percentages of the various substrates given in Thomson et al.'s Table II.
4,1684,1,1,67ENG/DEN,1,The apparent equilibrium constants given here were taken from England et al.'s Fig. 1.
4,1684,1,2,69BLA,1,The results given here were taken from Blair's Tables 1 and 2 and Fig. 2 .
4,1684,2,1,73VEL/GUY,1,-
4,1684,2,2,54MIT/DAV,1,-
4,1685,1,1,34LOH/MEY,1,The pH was not reported.
4,1685,1,2,35AKA,1,The pH was not reported.
4,1685,1,3,41WAR/CHR,1,-
4,1685,1,4,49MEY/OES,1,The pH was not reported.
4,1685,2,1,57WOL/BAL,1,"The apparent equilibrium constants given here were taken from Wold and Ballou's Figs. 4 -- 6 and Table IV. Wold and Ballou also calculated K = 6.3 at T = 298.15 K for the chemical reference reaction: 2-phospho-D-glycerate^{-}(aq) = phosphoenolpyruvate^{-}(aq) + H2O(l). From the temperature dependence of the apparent equilibrium constant we calculate ΔrH'°(T = 298 K, pH = 7.5) = 15 kJ mol-1."
4,1686,1,1,64LOW/PAS,1,-
4,1686,1,2,56STE/DEL,1,-
4,1686,2,1,56STE/DEL,1,-
4,1686,2,2,56STE/DEL,1,Stern and del Campillo reported {K'c(H2O)}^{-1} = 0.0919. The apparent equilibrium constant given here was calculated from this result.
4,1686,2,3,56STE/DEL,1,Stern and del Campillo reported {K'c(H2O)}^{-1} = 0.0274. The apparent equilibrium constant given here was calculated from this result.
4,1686,2,4,76WEI/KIR,1,-
4,1686,2,5,85WIE/HIN,1,-
4,1687,1,1,85WIE/HIN,1,"This reaction is catalyzed by the \beta_2 subunit of tryptophan synthase. Since the calorimetrically determined reaction enthalpies ΔrH(cal) were the same (within experimental error) in both diphosphate and Tris buffers at pH = 7.5, the change in binding of hydrogen ion ΔrN(H+) in this biochemical reaction is zero and ΔrH(cal) = ΔrH'°. From the temperature dependence of ΔrH'°, we calculate ΔrCp'°(T = 296 K, pH = 7.5) $\approx$ 76 J K-1 mol-1."
4,1687,1,2,85WIE/HIN,1,-
4,1687,1,3,93WER/TWE2,1,"The apparent equilibrium constants given here were taken from van der Werf et al.'s Figs. 2 and 3. From the temperature dependence of K' van der Werf et al. calculated ΔrH'°(T = 301 K, pH = 7.0) = 18.1 kJ mol-1. They also calculated K = 0.000419 at T = 298.15 K for the chemical reference reaction: (R)-malate^{2-}(aq) = maleate^{2-}(aq) + H2O(l)."
4,1687,2,1,85WIE/HIN,1,This reaction is catalyzed by the \beta_2 subunit of tryptophan synthase.
4,1687,2,2,93WER/TWE,1,-
4,1688,1,1,69WAN/BAR,1,-
4,1688,1,2,93WER/TWE2,1,"The apparent equilibrium constants given here were taken from van der Werf et al.'s Figs. 2 and 3. From the temperature dependence of K' van der Werf et al. calculated ΔrH'°(T = 298 K, pH = 7.0) = 22.6 kJ mol-1. They also calculated K = 0.00909 at T = 298.15 K for the chemical reference reaction: (R)-2-methylmalate^{2-}(aq) = 2-methylmaleate^{2-}(aq) + H2O(l)."
4,1688,1,3,71UNK/GOL,1,"The apparent equilibrium constants given here were taken from Unkeless and Goldman's Table II and Fig. 4. Unkeless and Goldman also calculated ΔrH'°(T = 307 K, pH = 7.9) = 15.7 kJ mol-1 from the temperature dependence of the apparent equilibrium constant."
4,1688,2,1,93WER/TWE,1,-
4,1688,2,2,71UNK/GOL,1,-
4,1688,2,3,63MEI/BUK,1,-
4,1689,1,1,71UNK/GOL,1,"The apparent equilibrium constants given here were taken from Unkeless and Goldman's Table II and Fig. 4. Unkeless and Goldman also calculated ΔrH'°(T = 320 K, pH = 7.9) = 9.6 kJ mol-1 from the temperature dependence of the apparent equilibrium constant."
4,1689,1,2,75COH/LYN,1,"Cohn et al.also calculated ΔrH'°(T = 294 K, pH = 7.5) = 21.8 kJ mol-1 from the temperature dependence of K'."
4,1689,1,3,68MIZ/WEE,1,-
4,1689,2,1,84KOL/EGG,1,-
4,1689,2,2,93WER/TWE,1,-
4,1689,2,3,85COO/PRA,1,Cook et al. reported {K'c(H2O)}^{-1} = 0.0638. The apparent equilibrium constant given here was calculated from this result. Also see data given under EC 4.2.1.17.
4,1689,2,4,26QUA/WOO,1,-
4,1690,1,1,29WOO,1,-
4,1690,1,2,35JAC/TAP,1,-
4,1690,1,3,55WIL/MCI,1,-
4,1690,1,4,61WIL/WIL,1,-
4,1690,1,5,65SEK/SUN,1,The value of the apparent equilibrium constant (forward direction of the reaction) we calculate from the data given in Sekijo at al.'s Table 10 differs from the value calculated by Sekijo et al.
4,1690,2,1,68BAD/MIL,1,"Several of the apparent equilibrium constants given here were taken from Bada and Miller's Figs. 1 and 3. Bada and Miller also calculated Km = 0.00230, ΔrH° = 26.9 kJ mol-1, ΔrS° = 39.7 J K-1 mol-1, and ΔrCp° = -117 J K-1 mol-1 at T = 298.15 K and I_m = 0.1 mol kg-1 for the chemical reference reaction: L-aspartate^{-}(aq) = fumarate^{2-}(aq) + NH4^{+}(aq)."
4,1690,2,2,86GOL/GAJ,1,"Goldberg et al. also calculated Km = (0.00148±0.0001), ΔrH° = (24.5±1.0) kJ mol-1, and ΔrCp° = -(147±100) J K-1 mol-1 at T = 298.15 K and I = 0 for the chemical reference reaction: L-aspartate^{-}(aq) = fumarate^{2-}(aq) + NH4^{+}(aq)."
4,1691,1,1,86GOL/GAJ,1,Goldberg et al. applied corrections for protonation of the buffer and for the side reaction of fumarate to malate to obtain the values of ΔrH'° given here.
4,1691,1,2,59BAR/SMY,1,-
4,1691,1,3,67WIL/HIR,1,-
4,1691,2,1,73MCC/KOL,1,The apparent equilibrium constants given here were taken from McClard and Kolenbrander's Fig. 4. McClard and Kolenbrander also calculated ΔrH'°(pH = 7.2) = 108 kJ mol-1 for this reaction from the temperature dependence of the apparent equilibrium constant. Larson et al. [93LAR/TEW] have pointed out that the results of McClard and Kolenbrander may be in error because equilibrium was not reached in their experiments.
4,1691,2,2,93LAR/TEW,1,"Larson et al. also calculated K_m = (2.7±0.7), ΔrG° = -(2.5±0.7) kJ mol-1, ΔrH° = (7.6±0.8) kJ mol-1, and ΔrS° = (34±4) J K-1 mol-1 at T = 298.15 K and I = 0 for the chemical reference reaction: L-histidine(aq) = urocanate^{-}(aq) + NH4^{+}(aq)."
4,1691,2,3,93LAR/TEW,1,-
4,1692,1,1,68HAV/HAN,1,The apparent equilibrium constants given here were taken from Havir and Hansen's Fig. 2.
4,1692,1,2,87TEW/GAJ,1,Tewari et al. also calculated K_m = (1.16±0.3) and ΔrH° = (24.8±2.0) kJ mol-1 at T = 298.15 K and I = 0 for the chemical reference reaction: L-phenylalanine^{±}(aq) = transcinnamate^{-}(aq) + NH4^{+}(aq).
4,1692,2,1,59VAG/EAR,1,-
4,1692,2,2,53RAT/ANS,1,-
4,1692,2,3,55CAR/COH,1,The temperature was assumed to be 298.15 K. This was a preliminary result.
4,1692,2,4,56CAR/COH,1,-
4,1693,1,1,59MIL/LUK,1,-
4,1693,1,2,65GAU/WOL,1,-
4,1693,1,3,67TRI/VOG,1,-
4,1693,1,4,83SEL/MAN,1,The approximate value of the apparent equilibrium constant given here was obtained from kinetic data.
4,1693,2,1,71HAY/GRE,1,-
4,1693,2,2,71TAK/KUR,1,-
4,1693,2,3,74KUR/TAK,1,-
5,1768,1,1,51WOO/GUN,1,This equilibrium constant must equal 1.0.
5,1768,1,2,54MAR/WIL,1,This equilibrium constant must equal 1.0.
5,1768,1,3,55THO/GOM,1,This equilibrium constant must equal 1.0.
5,1768,1,4,84WAS/DAU,1,This equilibrium constant must equal 1.0.
5,1768,2,1,52NAR/WOO,1,This equilibrium constant must equal 1.0.
5,1768,2,2,60ICH/FUR,1,This equilibrium constant must equal 1.0.
5,1768,2,3,69WHI/LEJ,1,"The theoretical value of K' is 2.0. White et al. found, as is to be expected, that the value of the apparent equilibrium constant was constant over the temperature range 298 K to 318 K at pH = 7.0."
5,1768,2,4,64ADA/NOR,1,-
5,1769,1,1,67SOD/OSU,1,This equilibrium constant must equal 1.0.
5,1769,1,2,67SOD/OSU,1,This equilibrium constant must equal 1.0.
5,1769,1,3,56HUR/HOR,1,The apparent equilibrium constant given here was calculated from the percent conversion data given by Hurwitz and Horecker.
5,1769,1,4,56STU/HOR,1,-
5,1769,1,5,57ASH/HIC,1,-
5,1769,2,1,58TAB/SRE,1,The value of the apparent equilibrium constant given here was calculated from percent conversion data.
5,1769,2,2,86CAS/VEE2,1,Also see data given under EC 5.1.3.4.
5,1769,2,3,57MAX,1,The apparent equilibrium constant given here was calculated from percent conversion data.
5,1769,2,4,64IMA/MOR,1,-
5,1770,1,1,64WIL/HOG,1,-
5,1770,1,2,68SAL/NOR,1,-
5,1770,1,3,69FAN/FEI,1,-
5,1770,1,4,84DEY,1,-
5,1770,1,5,52LEL/CAR,1,UDPglucose-hexose 1-phosphate uridylyltransferase (EC 2.7.7.12) was also present. This is an approximate result obtained from percent conversion data.
5,1770,2,1,54HAN/CRA,1,UDPglucose-hexose 1-phosphate uridylyltransferase (EC 2.7.7.12) was also present. The approximate value of the apparent equilibrium constant given here was calculated from the percent conversion data given by Hansen and Craine. The temperature of reaction was not stated and was assumed to be 298.15 K.
5,1770,2,2,68SAL/NOR,1,-
5,1770,2,3,56DIC/WIL,1,The apparent equilibrium constant given here was calculated from the data given in Dickens and Williamson's Table 5. Also see data under EC 5.1.3.1.
5,1770,2,4,57BUR/HOR,1,-
5,1771,1,1,58BUR/HOR,1,-
5,1771,1,2,58WOL/SIM,1,-
5,1771,1,3,62HOR,1,-
5,1771,1,4,60FEI/NEU,1,-
5,1771,1,5,68SAL/NOR,1,-
5,1771,2,1,69FAN/FEI,1,-
5,1771,2,2,60FEI/NEU,1,-
5,1771,2,3,74GAU/MAI,1,-
5,1771,2,4,65GHO/ROS2,1,-
5,1771,2,5,65GHO/ROS,1,-
5,1772,1,1,66MAT,1,The apparent equilibrium constant given here was calculated from percent conversion data.
5,1772,1,2,72WUR/HES,1,The apparent equilibrium constant given here was calculated from the percentages of these isomers present at equilibrium as given by Wurster and Hess.
5,1772,1,3,82BAR/HEB,1,The apparent equilibrium constant given here was calculated from the percentages of the reactant and product at equilibrium.
5,1772,2,1,63ALL/KEL,1,The equilibrium constant must equal 1.0.
5,1772,2,2,56HUB,1,The apparent equilibrium constant given here refers to the reaction that occurs under dim red light.
5,1772,2,3,67KEP/TOV,1,-
5,1772,2,4,43MEY/JUN,1,"These measurements were performed in the absence of buffers but near pH = 7.0. From the temperature dependence of the apparent equilibrium constant we calculate ΔrH'°(T = 318 K, pH $\approx$ 7) $\approx$ 2 kJ mol-1."
5,1773,1,1,47MEY/OES,1,This is an approximate result. The temperature was assumed to be 298.15 K.
5,1773,1,2,50OES/MEY,1,-
5,1773,1,3,68BUR/WAL,1,The approximate value of the apparent equilibrium constant given here is based upon kinetic data. Few details were given in this short communication.
5,1773,1,4,75KRI,1,-
5,1773,1,5,69VEE/RAI,1,Veech et al. stated that the addition of Mg2+ (0.005 mol dm-3) had no effect on the value of the apparent equilibrium constant.
5,1773,2,1,88LIM/RAI,1,The results obtained by direct measurement of K' were generally in agreement with results obtained from kinetic data. Two series of measurements were done; one used an enzymatic assay method and the second used NMR.
5,1773,2,2,34MEY/LOH,1,"Fructose-bisphosphate aldolase (EC 4.1.2.13) was also present. From the temperature dependence of K' we calculate ΔrH'°(T = 255 K, pH = 7) = 47 kJ mol-1."
5,1774,1,1,35MEY,1,"Fructose-bisphosphate aldolase (EC 4.1.2.13) was also present. The pH was not well controlled in this study. From the temperature dependence of the apparent equilibrium constant we calculate ΔrH'°(T = 303 K, pH = 7) = 52 kJ mol-1."
5,1774,1,2,35MEY/LOH,1,Fructose-biphosphate aldolase (EC 4.1.2.13) was also present.
5,1774,1,3,41UTT/WER,1,"Fructose-bisphosphate aldolase (EC 4.1.2.13) was also present. From the temperature dependence of the apparent equilibrium constant we calculate ΔrH'°(T = 296 K, pH = 9.0) $\approx$ 55 kJ mol-1."
5,1774,2,1,43MEY/JUN,1,"Fructose-bisphosphate aldolase (EC 4.1.2.13) was also present. These measurements were performed in the absence of a buffer but near pH = 7. From the temperature dependence of the apparent equilibrium constant we calculate ΔrH'°(T = 318 K, pH $\approx$ 7) $\approx$ 50 kJ mol-1."
5,1774,2,2,62UEH,1,This is an approximate result calculated from percent conversion data. The enzyme commission number given here is now a deleted entry.
5,1774,2,3,53COH,1,The approximate value of the apparent equilibrium constant given here was calculated from percent conversion data. Also see data given under EC 5.3.1.4.
5,1775,1,1,85TEW/GOL2,1,"From the temperature dependence of the apparent equilibrium constant Tewari and Goldberg calculated ΔrH'°(T = 332 K, pH = 7.4) = -20.9 kJ mol-1."
5,1775,1,2,56GRE/COH,1,-
5,1775,1,3,58HEA/HOR,1,The values of the apparent equilibrium constants given here were calculated from the percent conversion data given by Heath et al. Also see data given under EC 5.3.1.3.
5,1775,2,1,64SAT/TSU,1,This is an approximate result.
5,1775,2,2,65ICH/HIR,1,The apparent equilibrium constant given here was calculated from the percent conversion data given by Ichimura et al.
5,1775,2,3,65TSU/SAT,1,This is an approximate result calculated from percent conversion data.
5,1775,2,4,66NAT,1,This is an approximate result calculated from percent conversion data.
5,1776,1,1,67DAN/YOS,1,-
5,1776,1,2,67TAK,1,"From the temperature dependence of the apparent equilibrium constant we calculate ΔrH'°(T = 321 K, pH = 7.0) = 10.5 kJ mol-1."
5,1776,1,3,73HAV/PIT,1,The values of the apparent equilibrium constants given here were calculated from the percent conversion data given by Havewala and Pitcher.
5,1776,1,4,73LAN,1,"Few details were given in this study. From the temperature dependence of the apparent equilibrium constant we calculate ΔrH'°(T = 302 K, pH = 7.8) = 8.7 kJ mol-1."
5,1776,2,1,74FRA/LEE,1,The value of the apparent equilibrium constant given here is based upon kinetic data.
5,1776,2,2,74MCK,1,The results at pH = 7.0 were obtained from kinetic data.
5,1776,2,3,74SCA/SHI,1,The values of the apparent equilibrium constant given here were calculated from percent conversion data.
5,1776,2,4,76LLO/KHA,1,"The result given here was calculated from percent conversion data. From the temperature dependence of the apparent equilibrium constant we calculate ΔrH'°(T = 323 K, pH = 7.3) = 4.9 kJ mol-1."
5,1777,1,1,76SPR/LIM,1,"From the temperature dependence of the apparent equilibrium constant we calculate ΔrH'°(T = 328 K, pH = 7.0) = 9.4 kJ mol-1."
5,1777,1,2,79MCK/TAV,1,We calculated the values of the apparent equilibrium constant given here from the kinetic data given in McKay and Tavlarides' Table 2.
5,1777,1,3,83TIL,1,"From the temperature dependence of the apparent equilibrium constant we calculate ΔrH'°(T = 331 K, pH = 7.5) = 7.1 kJ mol-1."
5,1777,2,1,84LLO/CHA,1,"From the temperature dependence of the apparent equilibrium constant we calculate ΔrH'°(T = 346 K, pH = 7.0) = 6.3 kJ mol-1."
5,1777,2,2,84TEW/GOL,1,"Tewari and Goldberg used their combined equilibrium and calorimetric data to calculate K = 0.869, ΔrG° = 0.35 kJ mol-1, and ΔrH° = 2.78 kJ mol-1, and ΔrCp° = 76 J K-1 mol-1 at T = 298.15 K for the chemical reference reaction: D-glucose(aq) = D-fructose(aq). This is the predominant chemical reaction at neutral pHs. These results were also published in [85TEW/GOL]."
5,1777,2,3,84TEW/GOL,1,-
5,1778,1,1,85MAK/KIE,1,Makkee et al. reported the apparent equilibrium constant as a function of the total concentration of substrate (glucose + fructose).
5,1778,1,2,86OLI/TOI,1,"The values of the apparent equilibrium constant given here were obtained from Olivier and du Toits' Fig. 10 that contains percent conversion data as a function of temperature. Oliver and du Toit also calculated ΔrH'°(T = 328 K, pH = 7.0) = 6.0 kJ mol-1 for the above reaction."
5,1778,1,3,86POL/MEN,1,"From the temperature dependence of the apparent equilibrium constant we calculate ΔrH'°(T = 318 K, pH = 7.0) = 2.4 kJ mol-1."
5,1778,2,1,92DEM/ATT,1,The apparent equilibrium constant was calculated from the percent conversion data given by Demerdash and Attia.
5,1778,2,2,86TEW/GOL,1,Tewari and Goldberg also calculated ΔrH°(T = 298.15 K) = 7.4 kJ mol-1 and ΔrCp° $\approx$ 67 J K-1 mol-1 for the chemical reference reaction: D-psicose(aq) = \beta-D-allose(aq).
5,1778,2,3,86TEW/GOL,1,This is an approximate result. It is likely that this reaction was catalyzed by an enzymatic impurity present in the sample of xylose isomerase used in this study.
5,1778,2,4,53HOC/WAT,1,The apparent equilibrium constant given here was calculated from the percent conversion data given by Hochster and Watson. The same result was also reported bv [54HOC/WAT].
5,1779,1,1,53MIT/LAM,1,-
5,1779,1,2,55SLE,1,The value of the apparent equilibrium constant given here was calculated from percent conversion data.
5,1779,1,3,81GON/CHE,1,The apparent equilibrium constant given here was calculated from the data given in Gong et al's Fig. 4.
5,1779,1,4,82HSI/CHI,1,"The apparent equilibrium constants given here were calculated from the percent conversion data given by Hsiao et al. From the temperature dependence of the apparent equilibrium constant we calculate ΔrH'°(T = 329 K, pH = 7.5) = 24 kJ mol-1."
5,1779,2,1,85TEW/STE,1,"Tewari et al. used their combined equilibrium and calorimetric data to calculate K = 0.170, ΔrG° = 4.39 kJ mol-1, and ΔrH° = 16.1 kJ mol-1, and ΔrCp° $\approx$ 40 J K-1 mol-1 at T = 298.15 K for the chemical reference reaction: D-xylose(aq) = D-xylulose(aq). This is the predominant reaction at neutral pHs."
5,1779,2,2,85TEW/STE,1,-
5,1779,2,3,86OLI/TOI,1,"The values of the apparent equilibrium constant given here were obtained from Olivier and du Toits' Fig. 9 that contains percent conversion data as a function of temperature. Oliver and du Toit also calculated ΔrH'°(T = 330 K, pH = 7.0) = 20.2 kJ mol-1 for the above reaction."
5,1780,1,1,54AXE/JAN,1,"From the temperature dependence of the apparent equilibrium constant we calculate ΔrH'°(T = 292 K, pH = 7.0) $\approx$ 13 kJ mol-1."
5,1780,1,2,55DIC/WIL,1,The apparent equilibrium constant given here was calculated from the percent conversion data given by Dickens and Williamson. This is an approximate result.
5,1780,1,3,56DIC/WIL,1,The apparent equilibrium constant given here was calculated from the percent conversion data given by Dickens and Williamson.
5,1780,1,4,58BRU/NOL,1,-
5,1780,2,1,58TAB/SRE,1,The value of the apparent equilibrium constant given here was calculated from percent conversion data.
5,1780,2,2,60AGO/ARA,1,"From the temperature dependence of the apparent equilibrium constant we calculate ΔrH'°(T = 305 K, pH=7.5) $\approx$ 33 kJ mol-1."
5,1780,2,3,63DOB/DEM,1,-
5,1780,2,4,86CAS/VEE2,1,-
5,1780,2,5,88TEW/STE,1,This is an approximate result.
5,1781,1,1,56PAL/DOU,1,This same result was also given in [62DOU]. Also see data given under EC 5.3.1.15.
5,1781,1,2,56PAL/DOU,1,This same result was also given in [62DOU].
5,1781,1,3,67TAK2,1,"From the temperature dependence of the apparent equilibrium constant ΔrH'°(T = 321 K, pH = 7.0) is approximately zero."
5,1781,1,4,70HEY/ELB,1,-
5,1781,2,1,56PAL/DOU,1,This same result was also given in [62DOU]. Also see data given under EC 5.3.1.14.
5,1781,2,2,50SLE,1,The value of the apparent equilibrium constant given here was calculated from percent conversion data.
5,1781,2,3,58NOL/BRU,1,-
5,1781,2,4,88TEW/STE,1,"Tewari et al. also calculated K(T = 298.15 K, I = 0) = 0.99 for the chemical reference reaction: D-mannose 6-phosphate^{2-}(aq) = D-fructose 6-phosphate^{2-}(aq)."
5,1782,1,1,88TEW/STE,1,Tewari et al. calculated ΔrH° = 8.46 kJ mol-1 and ΔrCp° $\approx$ 38 J K-1 mol-1 at T = 298.15 K and I = 0 for the chemical reference reaction: D-mannose 6-phosphate^{2-}(aq) = D-fructose 6-phosphate^{2-}(aq).
5,1782,1,2,91SEM/CLE,1,-
5,1782,1,3,50SLE,1,The value of the apparent equilibrium constant given here was calculated from percent conversion data.
5,1782,1,4,53BOD,1,-
5,1782,2,1,56RAM/GIR,1,The value of the apparent equilibrium constant given here was calculated from percent conversion data.
5,1782,2,2,58NOL/BRU,1,-
5,1782,2,3,60KAH/LOW,1,"From the temperature dependence of the apparent equilibrium constant we calculate ΔrH'°(T = 302 K, pH = 8.0) = 9.7 kJ mol-1."
5,1782,2,4,63HIN/WOL,1,-
5,1782,2,5,66REI,1,-
5,1783,1,1,67TAK/HIZ,1,-
5,1783,1,2,68DYS/NOL,1,"The values of the apparent equilibrium constants given here were taken from Dyson and Noltmann's Fig. 13. From the temperature dependence of the apparent equilibrium constant we calculate ΔrH'°(T = 298 K, pH = 8.5, Ic = 0.12 mol dm-3) = 11.8 kJ mol-1 and ΔrCp'° $\approx$ 59 J K-1 mol-1. Dysan and Noltmann also reported that the apparent equilibrium constant at T = 303.15 K was independent of pH for 6.0 <= pH <= 10.0."
5,1783,1,3,70WUR/SCH,1,-
5,1783,2,1,88TEW/STE,1,"Tewari et aL also calculated K(T = 298.15 K, I = 0) = 0.285 for the chemical reference reaction: D-glucose 6-phosphate^{2-}(aq) = D-fructose 6-phosphate^{2-}(aq)."
5,1783,2,2,88TEW/STE,1,Tewari et al. also calculated ΔrH° = 11.7 kJ mol-1 and ΔrCp° = 44 J K-1 mol-1 at T = 298.15 K and I = 0 for the chemical reference reaction: D-glucose 6-phosphate^{2-}(aq) = D-fructose 6-phosphate^{2-}(aq).
5,1783,2,3,89SAN/SIN,1,-
5,1784,1,1,90SAN/SIN,1,-
5,1784,1,2,91SEM/CLE,1,-
5,1784,1,3,56LEL/CAR,1,-
5,1784,1,4,70BEN/FRI,1,-
5,1784,1,5,60ASH/WAH,1,The apparent equilibrium constants given here were calculated from the percent conversion data given by Ashwell et al.
5,1784,2,1,60ASH/WAH,1,"The apparent equilibrium constant given here was calculated from the percent conversion data given by Ashwell et al. They also state that, in borate buffer at T = 310.15 K and pH = 8.0, more than 98 percent of the D-glucuronate was converted to D-fructuronate and that the reverse reaction could not be detected. This indicates that, under these conditions, a different reaction has occurred."
5,1784,2,2,60VOL,1,-
5,1784,2,3,56ENG,1,Few details were given in this Federation Proceedings abstract. The temperature was assumed to be 298.15 K. Also see data given under EC 5.3.1.7.
5,1784,2,4,63DOM/ZEC,1,The apparent equilibrium constant given here was calculated from the percent conversion data given by Domagk and Zech.
5,1785,1,1,64TAK/SAW,1,-
5,1785,1,2,66DOM/ZEC,1,The apparent equilibrium constant given here was calculated from the percent conversion data given by Domagk and Zech.
5,1785,1,3,65AND/ALL,1,Also see data given under EC 5.3.1.7.
5,1785,1,4,75IZU/REE,1,The apparent equilibrium constant given here was calculated from the percent conversion data given in lzumori el al.'s Fig. 6.
5,1785,2,1,85TEW/GOL2,1,"Tewari and Goldberg used their combined equilibrium and calorimetric data to calculate K = 0.317, ΔrG° = 2.85 kJ mol-1, ΔrH° = 11.0 kJ mol-1, and ΔrCp° $\approx$ 75 J K-1 mol-1 at T = 298.15 K for the chemical reference reaction: D-ribose(aq) = D-ribulose(aq). This is the predominant reaction at neutral pHs."
5,1785,2,2,85TEW/GOL2,1,-
5,1785,2,3,68MAY/AND,1,The apparent equilibrium constant given here was calculated from the percent conversion data given by May and Anderson. Also see data given under EC 5.3.1.7.
5,1786,1,1,74FER/STR,1,This result was obtained from kinetic data.
5,1786,1,2,69BLA/FRA,1,The temperature was assumed to be 298.15 K.
5,1786,1,3,65ANN/KOS,1,The conditions of measurement were not stated. The temperature was assumed to be 298.15 K.
5,1786,1,4,65SHA/CLE,1,The value of the apparent equilibrium constant given here was calculated from percent conversion data.
5,1786,2,1,71KUN/STA,1,-
5,1786,2,2,35MEY/KIE,1,The buffer and the pH used were not reported.
5,1786,2,3,35MEY/KIE2,1,The result given here was calculated from percent conversion data. The buffer and the pH used were not reported.
5,1786,2,4,38MEY/SCH,1,The approximate values of the apparent equilibrium constant given here were calculated from percent conversion data. The buffer and the pH used were not reported.
5,1787,1,1,49MEY/OES,1,The buffer and the pH used were not reported.
5,1787,1,2,56COW/PIZ,1,-
5,1787,1,3,57ROD/TOW,1,-
5,1787,1,4,59CHI/SUG,1,Equilibrium was approached from only one direction.
5,1787,1,5,59ITO/GRI,1,"This is an approximate result. The conditions of measurement were not stated. Ito and Grisolia prefer the earlier results reported by Rodwell, Towne and Grisolia [57ROD/TOW]."
5,1787,2,1,62GRI,1,-
5,1787,2,2,64LOW/PAS,1,-
5,1787,2,3,75CLA/BIR,1,-
5,1788,1,1,75GRI/CAR,1,-
5,1788,1,2,76HIL/ATT,1,The apparent equilibrium constant was also obtained from kinetic data. There was good agreement wIth the direct measurement.
5,1788,1,3,82GUY,1,"Guynn also calculated K = 11.0 at T = 311.15 K and Ic = 0.25 mol dm-3 for the chemical reference reaction: 2-phospho-D-glycerate^{3-}(aq) = 3-phospho-D-glycerate^{3-}(aq). Although the experimental data are not given in his paper, Guynn also obtained K = 11.1 at T = 298.15 K and Ic = 0.25 mol dm-3. Guynn stated that there was no significant effect on the apparent equilibrium constant due either to variation of c(Mg2+) over the range 0.0059 to 0.0142 mol dm-3 and/or to variation of the ionic strength over the range 0.06 to 1.0 mol dm-3. These results confirmed those of Clark et al. [74CLA/BIR] and showed that much of the earlier literature was in error."
5,1788,2,1,53BRO,1,The approximate values of the apparent equilibrium constant given here were calculated from percent conversion data.
5,1788,2,2,69PAS/LOW,1,-
5,1788,2,3,42COL/SUT,1,"The apparent equilibrium constants given here were calculated from the percent conversion data given by Colowick and Sutherland. They also stated that the position of equilibrium was independent of the pH for 6.19 <= pH <= 7.46. From the temperature dependence of the apparent equilibrium constant we calculate ΔrH'°(T = 303 K, pH = 7.5) $\approx$ -8 kJ mol-1."
5,1788,2,4,59ATK/JOH,1,This result was also given in [61ATK/JOH].
5,1789,1,1,59MCC/NAJ,1,-
5,1789,1,2,74GUY/VEL,1,-
5,1789,1,3,89GOL/TEW,1,-
5,1789,1,4,91KNI/SEM,1,-
5,1789,1,5,56REI,1,-
5,1789,2,1,61BEN/SCH,1,-
5,1789,2,2,74BEL/MAR,1,-
5,1789,2,3,92KIM/KIN,1,-
5,1789,2,4,76MUR,1,-
5,1790,1,1,92XIA/XUE,1,-
5,1790,1,2,70CHI/ZAP,1,-
5,1790,1,3,87MOS/FRE,1,-
5,1790,1,4,73SOM/COS,1,The value of the apparent equilibrium constant given here was calculated from percent conversion data.
5,1790,2,1,64BAR/ROO,1,Equilibrium was approached from only one direction.
5,1790,2,2,65CAN/FOC,1,-
5,1790,2,3,64KEL/ALL,1,-
5,1790,2,4,71KUN/STA,1,-
5,1791,1,1,54SIS/STA,1,-
5,1791,1,2,54SIS/STA,1,-
5,1791,1,3,64MCN/DAM,1,-
5,1791,1,4,88BED/HAD,1,-
5,1791,2,1,61BER/BER,1,-
5,1791,2,2,53JON,1,-
5,1791,2,3,54HEL,1,-
5,1792,1,1,74GUY/WEB,1,"Guynn et al. also calculated K(T = 298.15 K, Ic = 0.25 mol dm-3) = 2.12E-8 and K(T = 311.15 K, Ic = 0.25 mol dm-3) = 1.59E-8 for the chemical reference reaction: ATP^{4-}(aq) + acetate^{-}(aq) + CoA(aq) = AMP^{2-}(aq) + diphosphate^{4-}(aq) + acetyl-CoA(aq) + H^{+}(aq)."
5,1792,1,2,54HEL,1,-
5,1792,2,1,53MAH/WAK,1,-
5,1792,2,2,78LYN/GUY,1,"Lynn and Guynn calculated K(T = 298.15 K, Ic = 0.25 mol dm-3) = 3.02 and K(T = 311.15 K, Ic = 0.25 mol dm-3) = 1.29 for the chemical reference reaction: GTP^{4-}(aq) + succinate^{2-}(aq) + CoA(aq) = GDP^{3-}(aq) + HPO4^{2-}(aq) + succinyl-CoA^{-}(aq).."
5,1793,1,1,55KAU/ALI,1,-
5,1793,1,2,54LEV/MEI,1,-
5,1793,1,3,55VAR/WEB,1,-
5,1793,1,4,72ROS/SLA,1,-
5,1793,2,1,62HIM/RAB,1,-
5,1793,2,2,58FRO,1,The position of equilibrium was approached from only one direction.
5,1793,2,3,60SCH/RAT,1,-
5,1794,1,1,66WOO/DAV,1,"The convention used for carbon dioxide in the overall biochemical reaction is that one mole of that substance contains one mole of water. Wood et al. also calculated K(T = 298.15 K, Ic = 0.1 mol dm-3) = 1.4E-6 for the chemical reference reaction: ATP^{4-}(aq) + pyruvate^{-}(aq) + HCO3^{-}(aq) = ADP^{3-}(aq) + HPO4^{2-}(aq) + oxaloacetate^{2-}(aq) + H^{+}(aq)."
5,1794,1,2,62HAL/FEN,1,-
5,1794,2,1,65KAZ/GRO,1,"Kaziro et al used a calculated concentration of HCO3^{-}(aq) $\approx$ 0.029 mol dm-3 to obtain the apparent equilibrium constant given here. We have assumed that this calculated concentration is equal to the sum of the concentrations of the species CO2(aq). HCO3^{-}(aq), and CO2^{3-}(aq). The term carbon dioxide(aq) in the overall biochemical reaction represents the total amounts of these three species in solution; the convention used is that one mole of carbon dioxide contains one mole of water."
6,934,1,1,89JEE/SHI,1,"Jee and Shin measured the apparent equilibrium constant K' as a function of pressure P. The reported pH is that of the buffer at P = 0.1 MPa. This may have caused a systematic error in the results since the apparent equilibrium constant is a function of pH. Also, the reported values differ significantly from several previously reported results (see for example the results of Backlin [58BAC] and Burton [74BUR] summarized by Goldberg et al. [93GOL/TEW]) which were judged to be reliable. Thus, the results of Jee and Shin [89JEE/SHI] are considered to be in error."
6,934,2,1,89SCH/GIF,1,Schneider and Giffhorn reported K'c(H+)/c° = 8.0E-11 at pH = 7.0. The apparent equilibrium constant given here was calculated from this result.
6,934,2,2,96TEW/GOL,1,Tewari and Goldberg also calculated K = 2.02E-9 and ΔrH° = 14.7 kJ mol-1 at T = 298.15K and I = 0 for the reference reaction: L-iditol(aq) + NAD^{-}(aq) = L-sorbose(aq) + NADH^{2-}(aq) + H^{+}(aq).
6,934,2,3,96TEW/GOL,1,Tewari and Goldberg also calculated K = 2.02E-9 and ΔrH° = 14.7 kJ mol-1 at T = 298.15K and I = 0 for the reference reaction: L-iditol(aq) + NAD^{-}(aq) = L-sorbose(aq) + NADH^{2-}(aq) + H^{+}(aq).
6,934,2,4,89SCH/GIF,1,Schneider and Giffhorn reported K'c(H+)/c° = 4.5E-9 at pH = 7.0. The apparent equilibrium constant given here was calculated from this result.
6,935,1,1,89SCH/GIF,1,Schneider and Giffhorn reported K'c(H+)/c° = 5.8E-10 at pH = 7.0. The apparent equilibrium constant given here was calculated from this result.
6,935,1,2,96TEW/GOL,1,Tewari and Goldberg also calculated K = 9.0E-10 and ΔrH° = 21.3 kJ mol-1 at T = 298.15 K and I = 0 for the reference reaction: D-sorbitol(aq) + NAD^{-}(aq) = D-fructose(aq) + NADH^{2-}(aq) + H^{+}(aq).
6,935,1,3,96TEW/GOL,1,Tewari and Goldberg also calculated K = 9.0E-10 and ΔrH° = 21.3 kJ mol-1 at T = 298.15 K and I = 0 for the reference reaction: D-sorbitol(aq) + NAD^{-}(aq) = D-fructose(aq) + NADH^{2-}(aq) + H^{+}(aq).
6,935,2,1,96TEW/GOL,1,Tewari and Goldberg also calculated K = 1.53E-11 and ΔrH° = 39.4 kJ mol-1 at T = 298.15 K and I = 0 for the reference reaction: xylitol(aq) + NAD^{-}(aq) = D-xylulose(aq) + NADH^{2-}(aq) +H^{+}(aq).
6,935,2,2,96TEW/GOL,1,Tewari and Goldberg also calculated K = 1.53E-11 and ΔrH° = 39.4 kJ mol-1 at T = 298.15 K and I = 0 for the reference reaction: xylitol(aq) + NAD^{-}(aq) = D-xylulose(aq) + NADH^{2-}(aq) +H^{+}(aq).
6,935,2,3,76SCH/KRI,1,-
6,936,1,1,92KAH/SCH,1,Kahle and Schneider report K'c(H+)/c° = 3.3E-10 at pH = 7.0. The apparent equilibrium constant given here was calculated from this result.
6,936,1,2,94NOE/COL,1,-
6,936,1,3,97HAN/KLE,1,Hanschmann and Kleber report K'c(H+)/c° = 2.2E-12 over the pH range 8.0 -- 9.0. The apparent equilibrium constants given here were calculated from this result.
6,936,1,4,75SCH/GRE,1,This approximate result was calculated from kinetic data. Schlegel and Greep reported that K'c(H+)/c° = 1.77E-5 but did not report the pH(s). We have assumed that the pH was in the range 7.0 -- 8.0.
6,936,2,1,93BOH/HUT,1,The same result was obtained by Hüttl et al. [93HUT/BOH].
6,936,2,2,76SCH/KRI,1,Catalase (EC 1.11.1.6) was also present.
6,936,2,3,93HUT/BOH,1,Catalase (EC 1.11.1.6) was also present.
6,937,1,1,78MCG/BRO,1,-
6,937,1,2,78MCG/BRO,1,Catalase (EC 1.11.1.6) was also present.
6,937,1,3,82REH/YOU,1,Catalase (EC 1.11.1.6) was also present.
6,937,1,4,99KIS/HOL,1,"Kishore et al. calculated ΔH°(T = 298.15 K, I = 0) = -74 kJ mol-1 for the reference reaction: prephenate^{2-}(aq) + NAD^{-}(aq) + H2O(l) = 4-hydroxyphenyl-pyruvate^{-}(aq) + NADH^{2-}(aq) + HCO3^{-}(aq) + H^{+}(aq)."
6,937,2,1,98THO/JOR,1,-
6,937,2,2,85LIE,1,The ionic strength was 0.25 mol dm-3.
6,938,1,1,64ROS/RAP,1,Few details are given in this study.
6,938,1,2,75GOR/ESF,1,-
6,938,1,3,77REH/JAN,1,Catalase (EC 1.11.1.6) was also present.
6,938,1,4,85LIE,1,"Liegel calculated K(T = 311.15 K, I_c $\approx$ 0.25 mol dm-3) = 2.08E-8 and K(T = 298.15 K, I_c $\approx$ 0.25 mol dm-3) = 2.13E-8 for the reference reaction: dihydro-\alpha-lipoate^{-}(aq) + NAD^{-}(aq) = \alpha-lipoate^{-}(aq) + NADH^{2-}(aq) + H^{+}(aq). Liegel also stated that the earlier measurements of Sanadi et al. [5S9SAN/LAN] may not have been at equilibrium."
6,939,1,1,72NEL/KIE,1,Also see entries given under glucose oxidase (EC 1.1.3.4) and cholesterol oxidase (EC 1.1.3.6).
6,939,1,2,95LIA/WAN,1,Also see entries given under glucose oxidase (EC 1.1.3.4) and cholesterol oxidase (EC 1.1.3.6).
6,939,1,3,97LIA/WU,1,-
6,939,1,4,86PRU/TEN,1,The value of K'c given here was calculated from the concentrations given in Pruitt et al.'s Table I. Pruitt et al. also calculated K'c(T = 310.15K) = 3.7E3 for the reference reaction: H2O2(aq) +SCN^{-}(aq) = OSCN^{-}(aq) + H2O(l).
6,939,2,1,75MAN/LAN,1,Light is emitted by this reaction.
6,939,2,2,69PET/MCK,1,-
6,939,2,3,77SCH/TAT,1,-
6,940,1,1,93BES/REB,1,-
6,940,1,2,93BES/REB,1,-
6,940,1,3,94LEU/COO,1,-
6,940,1,4,97DEJ/ROC,1,-
6,940,2,1,50PAZ,1,G_1 represents D-glucose and G_n (n is a positive integer) represents a linear maltodextrin; u is an integer >= 7. The result given here is based upon Tewari and Goldberg's recalculation [97TEW/GOL] of Pazur's original data.
6,940,2,2,97TEW/GOL,1,G_1 represents D-glucose and G_n (n is a positive integer) represents a linear maltodextrin; u is an integer >= 7.
6,940,2,3,50PAZ,1,G_1 represents D-glucose and G_n (n is a positive integer) represents a linear maltodextrin; v is an integer >= 8. The result given here is based upon Tewari and Goldberg's recalculation [97TEW/GOL] of Pazur's original data.
6,940,2,4,97TEW/GOL,1,G_1 represents D-glucose and G_n (n is a positive integer) represents a linear maltodextrin; v is an integer >= 8.
6,941,1,1,50PAZ,1,G_1 represents D-glucose and G_n (n is a positive integer) represents a linear maltodextrin; w is an integer >= 9. The result given here is based upon Tewari and Goldberg's recalculation [97TEW/GOL] of Pazur's original data.
6,941,1,2,97TEW/GOL,1,G_1 represents D-glucose and G_n (n is a positive integer) represents a linear maltodextrin; w is an integer >= 9.
6,941,1,3,97TEW/GOL,1,"Glucan-1,4-\alpha-glucosidase (EC 3.2.1.3) was also present."
6,941,1,4,61ALE,1,-
6,941,2,1,95LEE/WAL,1,This is an approximate result.
6,941,2,2,94CHI/KIR,1,-
6,941,2,3,94CHI/KIR,1,-
6,941,2,4,94CHI/KIR,1,-
6,942,1,1,94CHI/KIR,1,-
6,942,1,2,95CHE/ARM,1,4-(glutathionyl)-4-phenyl-2-butanone is an equimolar mixture of the (4R) and (4S) stereoisomers. The sums of the concentrations of the two stereoisomers was used in the calculation of the value of K'c which was obtained from the analysis of kinetic data.
6,942,1,3,98KIS/TEW2,1,"Kishore et al. calculated K = 0.143, ΔrH° = 1.9 kJ mol-1, and ΔrS° = -10 J K-1 mol-1 at T = 298.15 K and I = 0 for the reference reaction: L-aspartate^{-}(aq) + 2-oxoglutarate^{2-}(aq) = oxaloacetate^{2-}(aq) + L-glutamate^{-}(aq)."
6,942,2,1,68BRO,1,Also see Brosnan et al. [70BRO/KRE].
6,942,2,2,70BRO/KRE,1,Also see Brosnan [68BRO].
6,942,2,3,98TEW/KIS,1,Tewari et al. also calculated K = 1.36 and ΔrH° = 5.9 kJ mol-1 at T = 298.15 K and I = 0 for the reference reaction: L-alanine(aq) + 2-oxoglutarate^{2-}(aq) = pyruvate^{-}(aq) + L-glutamate^{-}(aq).
6,942,2,4,98TEW/KIS,1,Tewari et al. also calculated K = 1.36 and ΔrH° = 5.9 kJ mol-1 at T = 298.15 K and I = 0 for the reference reaction: L-alanine(aq) + 2-oxoglutarate^{2-}(aq) = pyruvate^{-}(aq) + L-glutamate^{-}(aq).
6,943,1,1,98TEW/KIS,1,Tewari et al. also calculated K = 2.14 and ΔrH° = 9.5 kJ mol-1 at T = 298.15 K and I = 0 for the reference reaction: L-phenylalanine(aq) + 2-oxoglutarate^{2-}(aq) = phenylpyruvate^{-}(aq) + L-glutamate^{-}(aq).
6,943,1,2,98TEW/KIS,1,Tewari et al. also calculated K = 2.14 and ΔrH° = 9.5 kJ mol-1 at T = 298.15 K and I = 0 for the reference reaction: L-phenylalanine(aq) + 2-oxoglutarate^{2-}(aq) = phenylpyruvate^{-}(aq) + L-glutamate^{-}(aq).
6,943,1,3,98TEW/KIS,1,Tewari et al. also calculated K = 1.82 and ΔrH° = 10.1 kJ mol-1 at T = 298.15 K and I = 0 for the reference reaction: L-tyrosine(aq) + 2-oxoglutarate^{2-}(aq) = 4-hydroxyphenylpyruvate^{-}(aq) + L-glutamate^{-}(aq).
6,943,2,1,98TEW/KIS,1,Tewari et al. also calculated K = 1.82 and ΔrH° = 10.1 kJ mol-1 at T = 298.15 K and I = 0 for the reference reaction: L-tyrosine(aq) + 2-oxoglutarate^{2-}(aq) = 4-hydroxyphenylpyruvate^{-}(aq) + L-glutamate^{-}(aq).
6,943,2,2,70JEN/TAY,1,Few details are given in this study.
6,943,2,3,97YOR/ISH,1,-
6,944,1,1,98KIM/VOE,1,-
6,944,1,2,95SCH/TRA,1,"Schmidt et al. did not state what the ""percent"" of ethylene glycol was, i.e., volume percent, mass percent, or mole percent."
6,944,1,3,95WIS/KUS,1,-
6,944,1,4,86MEY/BRO,1,The temperature was assumed to be 298.15 K.
6,944,2,1,95WIS/KUS,1,-
6,944,2,2,97CHA,1,-
6,944,2,3,95KAM/JUR,1,The reported value of K' is exceptionally large and it is not clear how it could have been measured.
6,944,2,4,95KAM/JUR,1,-
6,945,1,1,96LI/ZHA,1,Results obtained from kinetic experiments were also found to be consistent with the values of K' obtained from the equilibrium measurements.
6,945,1,2,69TSU/FUK,1,-
6,945,1,3,71WOH,1,"The apparent equilibrium constants given here were obtained from Wohlhueter's Table 3 and Figs. 2, 3, and 4. We calculate ΔrH'°(T = 291 K, pH = 7.4, pMg = 2.0) $\approx$ -28 kJ mol-1 from the temperature dependency of the apparent equilibrium constant."
6,945,2,1,96ARA/RUZ,1,UDPhexose synthase is a mutant of UDPglucose-hexose-1-phosphate uridylyltransferase (EC 2.7.7.12).
6,945,2,2,98TEW,1,"This reaction was studied in five organic solvents. Tewari also calculated Km(T = 298.15 K, I = 0) = 2.9.E6 for the reaction: 1-dodecanol(aq) + 1-dodecanoic acid (aq) = dodecyldodecanoate (aq) + H2O(l)."
6,946,1,1,99TEW/SCH,1,"This reaction was studied in seven organic solvents. Tewari et al. also determined saturation molalities and (hexane + H2O) partition coefficients for (-)-menthol, 1-dodecanoic acid, and (-)-menthyldodecanoate. By using a thermodynamic cycle calculation they calculated Km(T = 298.15 K, I = 0) = 1.9E5 for the reference reaction: (-)-menthol(aq) + 1-dodecanoic acid(aq) = (-)-menthyl dodecanoate(aq) + H2O(l)."
6,946,1,2,96HIR/MAY,1,The results obtained with hexane and benzene are the averages of the results obtained using two different lipases.
6,946,1,3,96HIR/MAY,1,The results obtained with hexane and benzene are the averages of the results obtained using two different lipases.
6,946,2,1,96HIR/MAY,1,The results obtained with hexane and benzene are the averages of the results obtained using two different lipases.
6,946,2,2,96HIR/MAY,1,The results obtained with hexane and benzene are the averages of the results obtained using two different lipases.
6,946,2,3,96HIR/MAY,1,The results obtained with hexane and benzene are the averages of the results obtained using two different lipases.
6,947,1,1,96HIR/MAY,1,The results obtained with hexane and benzene are the averages of the results obtained using two different lipases.
6,947,1,2,96TEW/SCH,1,"Tewari et al. also calculated Km = 4.37.E-4 and ΔrH° = -4.6 kJ mol-1 at T = 298.15 K and I = 0 for the reference reaction: 3,4,5-trihydroxybenzoic acid propyl ester(aq) + H2O(l) = 3,4,5-trihydroxybenzoate^{-}(aq) + 1-propanol(aq) + H^{+}(aq)."
6,947,2,1,96TEW/SCH,1,"Tewari et al. also calculated Km = 4.37E-10 and ΔrH° = -4.6 kJ mol-1 at T = 298.15 K and I = 0 for the reference reaction: 3,4,5-trihydroxybenzoic acid propyl ester (aq) + H2O(l) = 3,4,5-trihydroxybenzoate^{-}(aq) + 1-propanol(aq) + H^{+}(aq)."
6,947,2,2,96TEW/SCH,1,Toluene was the solvent used in this study. Tewari et al. also calculated ΔrH°(T = 301 K) = -15.4 kJ mol-1 from the temperature dependence of the equilibrium constant.
6,947,2,3,98LOV/LAU,1,Ribonuclease T1 (EC 3.1.27.3) was also used in this study. The value of K' given here was calculated from the average value K'c°/c(H2O) = 0.38 given by Loverix et al. in their Table 1. The solution used in this study contained methanol (40% by volume). This result is based on the analysis of kinetic data.
6,948,1,1,98LOV/LAU,1,Ribonuclease T1 (EC 3.1.27.3) was also used. This result is based on the analysis of kinetic data.
6,948,1,2,69ROS/HAM,1,-
6,948,1,3,97TEW/GOL,1,"Glucan 1,4-\alpha-glucosidase (EC 3.2.1.3) was also present."
6,948,1,4,97TEW/GOL,1,"Glucan 1,4-\alpha-glucosidase (EC 3.2.1.3) was also present."
6,948,2,1,97PES/PRI,1,"The result given here was calculated from the concentrations given in Pestlin et al.'s Table V. In this study, the position of equilibrium was not approached from both directions. Pestlin et al. also report additional data for reactions where the exact identity of the products is uncertain."
6,948,2,2,97PES/PRI,1,The result given here was calculated from the concentrations given in Pestlin et al.'s Table IV.
6,948,2,3,97PES/PRI,1,The result given here was calculated from the concentrations given in Pestlin et al.'s Table VII.
6,948,2,4,97PES/PRI,1,The result given here is the average of the results calculated from the concentrations given in Pestlin et al.'s Tables III to X.
6,949,1,1,97PES/PRI,1,The result given here is the average of the results calculated from the concentrations given in Pestlin et al.'s Tables III to X.
6,949,1,2,97PES/PRI,1,The result given here was calculated from the concentrations given in Pestlin et al.'s Table VIII.
6,949,1,3,97PES/PRI,1,The result given here was calculated from the concentrations given in Pestlin et al.'s Table VIII.
6,949,1,4,97PES/PRI,1,The result given here was calculated from the concentrations given in Pestlin et al.'s Table V.
6,949,2,1,97PES/PRI,1,The result given here was calculated from the concentrations given in Pestlin et al.'s Table V.
6,949,2,2,92ELL/SRI,1,-
6,949,2,3,92ELL/SRI,1,-
6,949,2,4,92ELL/SRI,1,-
6,950,1,1,99HUT/OEH,1,The result given here is the average of the results obtained from experiments in which several different heavy metal ion cofactors were present. This result is in agreement with the result obtained from experiments in which no heavy metal ions were present.
6,950,1,2,95TEW/SCH,1,Tewari et al. also calculated Km = 1.7E-3 and ΔrH° = -3.5 kJ mol-1 at T = 298.15 K and I = 0 for the reference reaction: N-acetyl-L-phenylalanine ethyl ester(aq) + H2O(l) = N-acetyl-L-phenylalanine^{-}(aq) + ethanol(aq) + H^{+}(aq).
6,950,2,1,95TEW/SCH,1,Tewari et al. calculated the following values of ΔrH° from the temperature dependence of the equilibrium constants: ΔrH°(T = 291 K) = 20 kJ mol-1 for the reaction in dichloromethane; ΔrH°(T = 291 K) = -28 kJ mol-1 for the reaction in carbon tetrachloride; and ΔrH°(T = 291 K) = -26 kJ mol-1 for the reaction in toluene.
6,950,2,2,71RAJ/LUM,1,Rajender et al. applied buffer protonation and ionization corrections to obtain ΔrH° = 3.3 kJ mol-1 for the reference reaction: N-acetyl-L-tryptophan ethyl ester (aq) + H2O(l) = N-acetyl-L-tryptophan(aq) + ethanol(aq).
6,950,2,3,95LIU/ZEN,1,-
6,951,1,1,95LIU/ZEN,1,-
6,951,1,2,86NAK/KIM,1,Nakanishi et al. reported K'cc(H2O) = 1/70. The apparent equilibrium constant given here was calculated from this result.
6,951,1,3,84OYA/IRI,1,-
6,951,1,4,99KIS/TEW,1,"Kishore et al. also calculated ΔrH°(T = 298.15 K, I = 0) = -26.2 kJ mol-1 for the reference reaction: L-asparagine^{\pm}(aq) + H2O(l) = L-aspartate^{-}(aq) + NH4^{+}(aq)."
6,951,2,1,99KIS/TEW,1,"Kishore et al. also calculated ΔrH°(T = 298.15 K, I = 0) = -25.2 kJ mol-1 for the reference reaction: L-glutamine^{\pm}(aq) + H2O(l) = L-glutamate^{-}(aq) + NH4^{+}(aq)."
6,951,2,2,95HUT/BOH,1,-
6,951,2,3,76SCH/KRI,1,-
6,952,1,1,95HUT/BOH,1,-
6,952,1,2,95JUS/KOT,1,-
6,952,1,3,98DIE/STR,1,The values of K'c given here were obtained from Diender et al.'s Fig. 3. Diender et al. also report values of the pKs and solubilities of the reactants and products.
6,952,2,1,95BIS/KRA,1,Few details are given in this study.
6,952,2,2,93BLI/MAR,1,-
6,952,2,3,93BLI/MAR,1,-
6,952,2,4,95LIA/WAN2,1,This same result was also given later by Liang et al. [96LIA/WAN].
6,953,1,1,95LIU/ZEN,1,-
6,953,1,2,62BRU/JOU,1,This result supersedes the earlier result of Comb and Roseman [62COM/ROS].
6,953,1,3,84UCH/TSU,1,The apparent equilibrium constant given here was calculated from the data given in Uchida et al.'s Fig. 7.
6,953,1,4,91KRA/GYG,1,Also see Kragel's thesis [92KRA].
6,953,2,1,92KRA,1,"The apparent equilibrium constants given here were obtained from Kragel's Fig. 3.2-1. Kragel also calculated ΔrH'°(T = 298 K, pH = 7.5) = 47.8 kJ mol-1 for this biochemical reaction from the temperature dependency of the apparent equilibrium constant. Also see Kragl et al. [91KRA/GYG]."
6,953,2,2,97SAL/GOD,1,-
6,953,2,3,62BRU/JOU,1,-
6,953,2,4,98TEW/CHE,1,"Tewari et al. also calculated ΔrH°(T = 298.15 K, I = 0) = -144 kJ mol-1 for the reference reaction: chorismate^{2-}(aq) = pyruvate^{-}(aq) + 4-hydroxybenzoate^{-}(aq)."
6,954,1,1,98LAE/EIS,1,-
6,954,1,2,85WIE/HIN,1,"Wiesinger and Hinz reported ΔrH(cal) = -54.0 kJ mol-1 for this biochemical reaction. However, the reported value included a correction for the hydration of the aldehyde form of D-glyceraldehyde 3-phosphate to its diol form. In the absence of these corrections, the value of ΔrH(cal) for this reaction is -33.8 kJ mol-1 (H. Wiesinger, personal communication cited by Kishore et al. [98KIS/TEW]). This entry supersedes the entry made in Goldberg and Tewari's [95GOL/TEW] earlier review."
6,954,1,3,98KIS/TEW,1,"Kishore et al. calculated Km(T = 298.15 K, I = 0) = 1.2E-4 for the reference reaction: indole^{0}(aq) + D-glyceraldehyde 3-phosphate^{2-}(aq) = 1-(indol-3-yl) glycerol 3-phosphate^{2-}(aq)."
6,954,2,1,98KIS/TEW,1,"Kishore et al. calculated ΔrH°(T = 298.15 K, I = 0) = -46.9 kJ mol-1 for the reference reaction: indole^{0}(aq) + D-glyceraldehyde 3-phosphate^{2-}(aq) = 1-(indol-3-yl) glycerol 3-phosphate^{2-}(aq)."
6,954,2,2,98KIS/TEW,1,"Kishore et al. calculated ΔrH°(T = 298.15 K, I = 0) = -74.3 kJ mol-1 for the reference reaction: indole^{0}(aq) + L-serine^{±}(aq) = L-tryptophan^{±}(aq) + H2O(l)."
6,954,2,3,85WIE/HIN,1,"Wiesinger and Hinz reported ΔrH(cal) = -13.4 kJ mol-1 for this biochemical reaction. However, the reported value included a correction for the hydration of the aldehyde form of D-glyceraldehyde 3-phosphate to its diol form. In the absence of these corrections, the value of ΔrH(cal) for this reaction is -34 kJ mol-1 (H. Wiesinger, personal communication cited in Kishore et al. [98KIS/TEW]). This entry supersedes the entry made in Goldberg and Tewari's [95GOL/TEW] earlier review."
6,955,1,1,98KIS/TEW,1,"Kishore et al. calculated ΔrH°(T = 298.15 K, I = 0) = -27.1 kJ mol-1 for the reference reaction: L-serine^{±}(aq) + 1-(indol-3-yl)glycerol 3-phosphate^{2-}(aq) = L-tryptophan^{±}(aq) + D-glyceraldehyde 3-phosphate^{2-}(aq) + H2O(l)."
6,955,1,2,98KIS/TEW,1,"Kishore et al. calculated ΔrH°(T = 298.15 K, I = 0) = -12.2 kJ mol-1 for the reference reaction: L-serine^{±}(aq) = pyruvate^{-}(aq) + NH4^{+}(aq)."
6,955,1,3,99KIS/HOL,1,"Kishore et al. calculated ΔrH°(T = 298.15 K, I = 0) = -126 kJ mol-1 for the reference reaction: prephenate^{2-}(aq) = phenylpyruvate^{-}(aq) + HCO3^{-}(aq)."
6,955,2,1,91AND/KAT,1,This reaction was catalyzed by the PabB subunit of 4-aminobenzoate synthase.
6,955,2,2,93SHI/CHE,1,-
6,955,2,3,60MAX/ROB,1,-
6,956,1,1,70TSA/HOL,1,-
6,956,1,2,80FUK/OBO,1,-
6,956,1,3,96PRO/GRO,1,-
6,956,1,4,92KRA,1,-
6,956,1,5,97CON/DEL,1,"We calculate ΔrH'°(T = 343.15 K, pH = 7.0) = 16.9 kJ mol-1 from the temperature dependency of the apparent equilibrium constant."
6,956,2,1,97STA/SUA,1,-
6,956,2,2,96OES/SCH,1,Also see data given under phosphomannomutase (EC 5.4.2.8) [95GOL/TEW].
6,956,2,3,96OES/SCH,1,Also see data given under \beta-phosphoglucomutase (EC 5.4.2.6) [95GOL/TEW].
6,957,1,1,96OES/SCH,1,-
6,957,1,2,97KAS/TEW,1,"Kast et al. also calculated ΔrH°(T = 298.15 K, I = 0) = -55.4 kJ mol-1 for the reference reaction: chorismate^{2-}(aq) = prephenate^{2-}(aq). This study was complemented by a quantum mechanical calculation of ΔrH° for this reference reaction."
6,957,1,3,90LIU,1,The value K' = 0.56 was also obtained from kinetic data and by using the Haldane relationship. The same results are also given in Liu's thesis [90LIU].
6,957,2,1,95KOZ/TOM,1,The temperature was assumed to be 298.15 K.
6,957,2,2,95KOZ/TOM,1,The temperature was assumed to be 298.15 K.
7,1351,1,1,07TEW/LIE,1,"Here ""sln"" is n-hexane."
7,1351,2,1,07TEW/LIE,1,"Here ""sln"" is n-hexane."
7,1351,2,2,05TEW/SCH,1,"Here ""sln"" is n-hexane, toluene, methyl tert-butyl ether, or supercritical carbon dioxide. Tewari et al. (2005) calculated ΔrG° = 0.44 kJ mol-1, ΔrH° = -1.2 kJ mol-1, and ΔrS° = -5.5 J K-1 mol-1 for this reaction carried out in n-hexane at T = 298.15 K."
7,1351,2,3,06TEW/PHI,1,"Here ""sln"" is n-hexane, n-pentane, or supercritical carbon dioxide. Tewari et al. (2006) calculated ΔrG° = 0.670 kJ mol-1, ΔrH° = -1.09 kJ mol-1, and ΔrS° = -5.9 J K-1 mol-1 for this reaction carried out in n-hexane at T = 298.15 K."
7,1352,1,1,06TEW/PHI,1,"Here ""sln"" is n-hexane or n-pentane."
7,1352,1,2,06TEW/PHI,1,"Here ""sln"" is n-hexane, n-pentane, or supercritical carbon dioxide. Tewari et al. (2006) calculated ΔrG° = -6.82 kJ mol-1, ΔrH° = -4.6 kJ mol-1, and ΔrS° = 7.4 J K-1 mol-1 for this reaction carried out in n-hexane at T = 298.15 K."
7,1352,1,3,06TEW/PHI,1,"Here ""sln"" is n-hexane or n-pentane."
7,1352,2,1,06TEW/PHI,1,"Here ""sln"" is n-hexane, n-pentane, or supercritical carbon dioxide."
7,1352,2,2,05TEW/SCH,1,"Here ""sln"" is n-hexane. The reported value K = 0.338 has been multiplied by 0.95 to account for the presence of a mole fraction x = 0.05 of the (R)-2-heptanol in the reaction mixture."
7,1352,2,3,05TEW/SCH,1,"Here ""sln"" is n-hexane."
7,1353,1,1,07TEW/LIE,1,"Here ""sln"" is n-hexane. Tewari et al. (2007) calculated ΔrG° = -1.87 kJ mol-1, ΔrH° = -6.56 kJ mol-1, and ΔrS° = -15.7 J K-1 mol-1 for this reaction at T = 298.15 K."
7,1353,1,2,07TEW/LIE,1,"Here ""sln"" is n-hexane. Tewari et al. (2007) calculated ΔrG° = -5.87 kJ mol-1, ΔrH° = -2.54 kJ mol-1, and ΔrS° = 11.2 J K-1 mol-1 for this reaction at T = 298.15 K."
7,1353,1,3,05TEW/SCH,1,"Here ""sln"" is n-hexane or supercritical carbon dioxide."
7,1353,2,1,05TEW/SCH,1,"Here ""sln"" is either n-hexane or n-pentane."
7,1353,2,2,07TEW/LIE,1,"Here ""sln"" is n-hexane."
7,1353,2,3,07TEW/LIE,1,"Here ""sln"" is n-hexane."
7,1354,1,1,06TEW/KIS,1,"Here ""sln"" is either n-hexane or n-pentane. Tewari et al. (2006) calculated ΔrG° = 3.78 kJ mol-1, ΔrH° = 4.53 kJ mol-1, and ΔrS° = 2.5 J K-1 mol-1 at T = 298.15 K for the above reaction carried out in n-hexane."
7,1354,1,2,06TEW/KIS,1,"Here ""sln"" is either n-hexane or n-pentane."
7,1354,1,3,06TEW/KIS,1,"Here ""sln"" is either n-hexane or n-pentane."
7,1354,2,1,06TEW/KIS,1,"Here ""sln"" is either n-hexane or n-pentane."
7,1354,2,2,06TEW/KIS,1,"Here ""sln"" is either n-hexane or n-pentane."
7,1354,2,3,03KIN,1,"King (2003) used his results to calculate K = 5.98E-10, ΔrG° = 52.65 kJ mol-1, ΔrH° = 38.9 kJ mol-1 and ΔrS° = -46.1 J K-1 mol-1 for the chemical reference reaction [2-propanol(aq) + NADP^{3-}(ox)(aq) = acetone(aq) + NADP^{4-}(red)(aq) + H^{+}(aq)] at T = 298.15 K and I = 0."
7,1355,2,1,92WED/LEY,1,The same result was also given by Wedler and Ley (1993).
7,1355,2,2,64ZAN/BAC,1,Zancan and Bacila reported [K'c(H+)]^{-1} = 2.2E7 at pH = 7.4 and [K'c(H+)]^{-1} = 1.0E8 at pH = 8.0. The values of K' given here were calculated from these results. The temperature was not reported but is assumed to be 298.15 K.
7,1355,2,3,81KIS/NIE,1,Kiser and Niehaus reported K'c(H+) = 7.9E-10 at T = 298.15 K and pH = 9.0. The value of K' given here was calculated from this result.
7,1356,1,1,02ISO/KOI,1,This result is based on kinetic data (Haldane relation) and is approximate.
7,1356,1,2,02ISO/KOI,1,This result is based on kinetic data (Haldane relation) and is approximate.
7,1356,1,3,98URB/BRA,1,Urbauer et al. reported K'c(H+)/c° = 6.3E-14 at pH = 8.0. The value of the apparent equilibrium constant given here was calculated from this result.
7,1356,1,4,98URB/BRA,1,Urbauer et al. reported K'c(H+)/c° = 5.36E-11 at pH = 8.0. The value of the apparent equilibrium constant given here was calculated from this result.
7,1356,2,1,98URB/BRA,1,Urbauer et al. reported K'c(H+)/c° = 6.65E-13 at pH = 8.0. The value of the apparent equilibrium constant given here was calculated from this result.
7,1356,2,2,88GUI/SNE,1,Guirard and Snell reported [K'c(H+)]^{-1} = 2.6E11 at pH = 9.0 and [K'c(H+)]^{-1} = 1.4E11 at pH = 6.0. The values of the apparent equilibrium constants given here were calculated from these values.
7,1357,1,1,07LIN/ALG,1,"A value of K' = 0.68 (T = 298.15 K, pH = 7.5) was obtained by using the Haldane relation."
7,1357,1,2,99GRA/NID,1,Graninger et al. reported [K'/c(H+)] = 3.6E13 at pH = 9.0. The value of the apparent equilibrium constant given here was calculated from this value.
7,1357,1,3,99GRA/NID,1,"Graninger et al. reported [K'/c(H+)] = 4.5E11 at pH = 9.0. The value of the apparent equilibrium constant given here was calculated from this value. The enzyme dTDP-4-dehydrorhamnose 3,5-epimerase (EC 5.1.3.13) was also present."
7,1357,2,1,00ZHE/BLA,1,The value K' = 0.00102 at T = 298.15 K and pH = 7.5 was obtained by using the Haldane relation.
7,1357,2,2,87MIL/EST,1,Miller et al. reported K'c(H+) = 5.6E-13 at T = 298.15 K and over the pH range of 9.2 -- 9.6. The values of K' given here were calculated from this result.
7,1357,2,3,98LIA/WAN,1,-
7,1358,1,1,85HEA/CHU,1,Hearl and Churchich reported [K'/c(H+)] = 5.8E7 for pH = 7.2. The apparent equilibrium constant given here was calculated from this value.
7,1358,1,2,76CRA/WAI,1,The reaction was carried out from only the forward direction of reaction. The temperature is assumed to be 298.15 K. The value of K' here was converted from the reported value K' = 2700 based on millimolar concentrations.
7,1358,1,3,87FIE/JOH,1,Fierke et al. reported [K'c(H+)]^{-1} = 1.3E11 for the range pH = 8.0 -- 9.8. The apparent equilibrium constants given here were calculated from this value.
7,1358,2,1,95PEL/MAC,1,-
7,1358,2,2,06XU/WES,1,"A value of K' = 2.9E-7 (T = 298.15 K, pH = 7.0) was obtained by using the Haldane relation."
7,1358,2,3,77VEE/KRU,1,-
7,1359,1,1,03TEW/GOL,1,"Tewari and Goldberg also calculated K = 6.5E-11, ΔrG° = 58.1 kJ mol-1, ΔrH° = 6.9 kJ mol-1, and ΔrS° = -172 J K-1 mol-1 for the chemical reference reaction [2 glutathione(red)^{-}(aq) + NADP(ox)^{3-}(aq) = glutathione(ox)^{2-}(aq) + NADP(ox)^{4-}(aq) + H^{+}(aq)] at T = 298.15 K and I = 0."
7,1359,1,2,03TEW/GOL,1,"In the table given here, ""F,"" ""EA,"" and ""SA"" refer to the three types of equilibrium measurements performed by Tewari and Goldberg: ""F"" is the measurement from the forward direction of reaction, ""EA"" is the experiment involving the addition of enzyme (glutathione reductase) to the reaction mixture, and ""SA"" is the experiment involving the addition of the additional substrate [glutathione(red) + NADP(ox)] to the reaction mixture. Tewari and Goldberg also calculated K = 6.5E-11, ΔrG° = 58.1 kJ mol-1, ΔrH° = 6.9 kJ mol-1, and ΔrS° = -172 J K-1 mol-1 for the chemical reference reaction [2 glutathione(red)^{-}(aq) + NADP(ox)^{3-}(aq) = glutathione(ox)^{2-} (aq) + NADP(red)^{4-}(aq) +H^{+}(aq)] at T = 298.15 K and I = 0."
7,1359,2,1,98LIA/QU,1,"Liang et al. used the autoxidation of 1,2,3-benzenetriol (pyrogallol) to produce oxygen radicals. These results were also reported in a later publication by Liang et al. (2000)."
7,1359,2,2,78ERB/BUR,1,The values of K' given here are based on kinetic data (Haldane relation). The K' values given here were taken from Erbes and Burris' Fig. 7. Note that the standard state for this equilibrium constant uses atmospheres.
7,1360,1,1,87HSU/WED,1,-
7,1360,1,2,93AND/BUL,1,The values given here (see Table III of Anderson et al.) were obtained from measurement of K' from the forward reaction direction. Measurements from the reverse reaction direction gave values ranging from K' = 0.009 to K' = 0.066 at T = 296.15K and pH = 7.40. The discrepancy in the forward and reverse equilibrium data may be due to thermal instability of UDP-3-O-(3-hydroxytetradecanoy])-N-acetyl-D-glucosamine which has a half-life of 28 h at T = 303.15 K and pH = 6.0.
7,1360,2,1,06TAN/SUR,1,The value of K' is very approximate.
7,1360,2,2,50FRI,1,-
7,1360,2,3,47KAL,1,The value of K' given here is based on the results shown in Kalckar's Fig. 3.
7,1360,2,4,83VIT/HUA,1,The value of K' was obtained by using the Haldane relation.
7,1361,1,1,66HOR/HEN,1,-
7,1361,1,2,97XU/EAD,1,The value of K' given here is approximate. The value K' ~= 1.6E5 at T = 303.15 K and pH = 7.4 was also obtained by using the Haldane relation.
7,1361,1,3,90BHA/VIN,1,-
7,1361,2,1,93VIN/GRU,1,-
7,1361,2,2,86RAG/CAR,1,-
7,1361,2,3,72DUF/NEL,1,-
7,1361,2,4,79VAN/DEB,1,This result is based on kinetic data (Haldane relation).
7,1362,1,1,85VAN/SCH,1,The apparent equilibrium constant was obtained by using the Haldane relation.
7,1362,1,2,02KIM/BAK,1,This approximate result is based on kinetic data (Haldane relation).
7,1362,1,3,00TEW/GOL,1,"Tewari et al. also calculated K = 4.85, ΔrG° = -3.91 kJ mol-1, ΔrH° = 6.0 kJ mol-1, and ΔrS° = 33.2 J K-1 mol-1 for the chemical reference reaction [L-leucine^{\pm}(aq) + 2-oxoglutarate^{2-}(aq) = 2-oxoisocaproate^{-}(aq) +L-glutamate^{-}(aq)] at T = 298.15 K and I = 0."
7,1362,2,1,00TEW/GOL,1,"Tewari et al. also calculated K = 4.85, ΔrG° = -3.91 kJ mol-1, ΔrH° = 6.0 kJ mol-1, and ΔrS° = 33.2 J K-1 mol-1 for the chemical reference reaction [L-leucine^{\pm}(aq) + 2-oxoglutarate^{2-}(aq) = 2-oxoisocaproate^{-}(aq) +L-glutamate^{-}(aq)] at T = 298.15 K and I = 0."
7,1362,2,2,00TEW/GOL,1,"Tewari et al. also calculated K = 12.1, ΔrG° = -6.18 kJ mol-1, ΔrH° = 4.9 kJ mol-1, and ΔrS° = 37.2 J K-1 mol-1 for the chemical reference reaction [L-tert-leucine^{\pm}(aq) + 2-oxoglutarate^{2-}(aq) = 3,3-dimethyl-2-oxobutanoate^{-}(aq) +L-glutamate^{-}(aq)] at T = 298.15 K and I = 0."
7,1362,2,3,00TEW/GOL,1,"Tewari et al. also calculated K = 12.1, ΔrG° = -6.18 kJ mol-1, ΔrH° = 4.9 kJ mol-1, and ΔrS° = 37.2 J K-1 mol-1 for the chemical reference reaction [L-tert-leucine^{\pm}(aq) + 2-oxoglutarate^{2-}(aq) = 3,3-dimethyl-2-oxobutanoate^{-}(aq) +L-glutamate^{-}(aq)] at T = 298.15 K and I = 0."
7,1363,1,1,00TEW/GOL,1,"Tewari et al. also calculated K = 3.33, ΔrG° = -2.98 kJ mol-1, ΔrH° = 5.7 kJ mol-1, and ΔrS° = 29.1 J K-1 mol-1 for the chemical reference reaction [L-valine^{\pm}(aq) + 2-oxoglutarate{2-}(aq) = 2-oxoisovalerate^{-}(aq) + L-glutamate^{-}(aq)] at T = 298.15 K and I = 0."
7,1363,1,2,00TEW/GOL,1,"Tewari et al. also calculated K = 3.33, ΔrG° = -2.98 kJ mol-1, ΔrH° = 5.7 kJ mol-1, and ΔrS° = 29.1 J K-1 mol-1 for the chemical reference reaction [L-valine^{\pm}(aq) + 2-oxoglutarate{2-}(aq) = 2-oxoisovalerate^{-}(aq) + L-glutamate^{-}(aq)] at T = 298.15 K and I = 0."
7,1363,2,1,99BAS/MAR,1,"This result is based on kinetic data (Haldane relation). The kinetic measurements were performed at temperatures ranging from T = 298.15 K to T = 311.15 K and at pH = 7.5 and pH = 8.1. However, the actual temperature and pH to which the measured value of K' refers were not specified. We have assumed that the value of K' refers to the respective averages of the aforementioned temperatures and pHs."
7,1363,2,2,03BIA,1,"The values of ΔrH(cal) given here were read from Bianconi's Figs. 2 and 5. Two different isozymes of glucokinase (Hxk1 and Hxk2) were used. Interestingly, the results differed. Since a true catalyst cannot change the position of equilibrium or the standard molar enthalpy of reaction, some experimental factor must have caused the differences in the values of ΔrH(cal)."
7,1364,1,1,92QAM/YOO,1,Serpeptide is Leu-Arg-Arg-Ala-Ser-Leu-Gly. The values of K' given here are the respective averages of the values obtained by using two different methods as well as the Haldane relation.
7,1364,1,2,90KWI/HUA,1,Syntide 2 is Pro-Leu-Ala-Arg-Thr-Leu-Ser-Val-Ala-Gly-Leu-Pro-Gly-Lys-Lys. This approximate value of K' is based on kinetic data (Haldane relation).
7,1364,1,3,02DOB/HIT,1,"Except for the first two values, the K' values given here were obtained from Figs. 1 and 2 of Dobson et al. Dobson et al. also calculated K = 9.17E-12, ΔrG° = 63.0 kJ mol-1 , ΔrH° = 6.43 kJ mol-1, and ΔrS° = -190 J K-1 mol-1 at T = 298.15 K and I = 0 for the chemical reference reaction [ATP^{4-}(aq) + pyruvate^{-}(aq) = phosphoenolpyruvate^{3-}(aq) + ADP^{3-}(aq) + H^{+}(aq)]."
7,1364,2,1,84BER/COO,1,The apparent equilibrium constant was measured both by using NMR and by using the Haldane relation. The values obtained by using these respective methods were K' = 0.007 and K' = 0.005. The average of these two results is given here.
7,1365,1,1,85GEU/MAY,1,Geuss et al. also obtained the value K' ~= 70 by using the Haldane relation.
7,1365,1,2,92KEL/SCH,1,-
7,1365,1,3,92KEL/SCH,1,-
7,1365,1,4,92KEL/SCH,1,-
7,1365,2,1,92KEL/SCH,1,-
7,1365,2,2,92KEL/SCH,1,-
7,1365,2,3,92KEL/SCH,1,-
7,1365,2,4,92KEL/SCH,1,-
7,1366,1,1,92KEL/SCH,1,-
7,1366,1,2,92KEL/SCH,1,The values of K' given here were read from Keller and Schlumbohm's Fig. 5. Keller and Schlumbohm also calculated ΔrH'° = -15.5 kJ mol-1 from the temperature dependence of K'.
7,1366,1,3,92KEL/SCH,1,-
7,1366,2,1,92KEL/SCH,1,-
7,1366,2,2,00LIA/HUA,1,-
7,1366,2,3,00LIA/HUA,1,-
7,1366,2,4,99TEA/DOB,1,"Teague and Dobson also calculated ΔrG° = 45.01 kJ mol-1, ΔrH° = 16.10 kJ mol-1, and ΔrS° = -97.6 J K-1 mol-1 for the chemical reference reaction [ATP^{4-}(aq) + L-arginine(aq) = ADP^{3-}(aq) + N-phospho-L-arginine^{2-}(aq) + H^{+}(aq)] at T = 298.15 K and I = 0.25 mol dm-3 ."
7,1367,1,1,76FAR/CRY,1,Farley et al. also used the Haldane relation to obtain K' ~= 2E-8 at T = 303.15 K and pH = 8.0.
7,1367,1,2,75MCC/JOV,1,"The substance poly[d-(A-T)] is an alternating purine-pyrimidine polydeoxyribonucleotide of adenine and thymine. The value of K' is based on the measured ratio [c(pyrophosphate) / c(deoxynucleoside triphosphate)]. Thus, the value of K' assumes that c[poly(d-A-T)_(n+1)] / c[poly(d-A-T)_(n)] = 1. McClure and Jovin also used kinetic data and the Haldane relation to obtain K' ~= 2000 under the conditions given here."
7,1367,2,1,06MCC/ARA,1,-
7,1367,2,2,99SAK/UTS,1,The value of K' given here was calculated from the concentrations of the reactants and products reported by Sakuraba et al. Note that they included the concentration of water in their calculation of K'c.
7,1368,1,1,04TEW/IHA,1,"This reaction was carried out in supercritical carbon dioxide (P = 10.0 MPa). Tewari et al. also calculated ΔrG° = 3.56 kJ mol-1, ΔrH° = 2.1 kJ mol-1, and ΔrS° = -4.9 J K-1 mol-1 at T = 298.15 K for this reaction."
7,1368,1,2,03TEW/VAN,1,"Here ""sln"" refers to the several organic solvents used in this study. Tewari et al. calculated ΔrG° = 2.86 kJ mol-1, ΔrH° = 0.6 kJ mol-1, and ΔrS° = -7.6 J K-1 mol-1 for this reaction carried out in n-hexane at T = 298.15 K."
7,1368,1,3,03KOB/FUR,1,The values of K given here are shown in Figs. 3 and 4 of Kobayashi et al. The quantity x is the mole fraction of a given substance in the solvent. The numerical values are from a private communication from Adachi (2006).
7,1368,2,1,01TEW/BUN,1,-
7,1368,2,2,01TEW/BUN,1,-
7,1368,2,3,01TEW/BUN,1,-
7,1369,1,1,01TEW/BUN,1,-
7,1369,1,2,01TEW/BUN,1,-
7,1369,1,3,98TEW,1,-
7,1369,1,4,02FLO/HAL,1,"Here ""sln"" is 2-methl 2-butanol."
7,1369,2,1,99TEW/SCH,1,"Here ""sln"" refers to the several organic solvents used in this study."
7,1369,2,2,00TEW,1,"Tewari also calculated K = 0.353, ΔrG° = 2.58 kJ mol-1, ΔrH° = 1.5 kJ mol-1, and ΔrS° = -4 J K-1 mol-1 for this reaction carried out in 2,2,4-trimethylpentane; K = 0.412, ΔrG° = 2.20 kJ mol-1, ΔrH° = 4.0 kJ mol-1, and ΔrS = 6 J K-1 mol-1 for this reaction carried out in n-heptane; and K = 0.361, ΔrG° = 2.53 kJ mol-1 , ΔrH° = 0.2 kJ mol-1 , and ΔrS° = -8 J K-1 mol-1 for this reaction carried out in toluene. In all cases, T = 298.15 K."
7,1370,1,1,01TEW/BUN,1,-
7,1370,1,2,01TEW/BUN,1,-
7,1370,1,3,00FLO/SEW,1,"Here ""sln"" is 1-butanol."
7,1370,1,4,03TEW/VAN,1,"Here ""sln"" refers to n-hexane."
7,1370,2,1,03TEW/VAN,1,"Here ""sln"" refers to the several organic solvents used in this study. Tewari et al. calculated ΔrG° = 5.45 kJ mol-1, ΔrH° = 2.3 kJ mol-1, and ΔrS° = -11 J K-1 mol-1 for this reaction carried out in n-hexane at T = 298.15 K."
7,1370,2,2,03TEW/VAN,1,"Here ""sln"" refers to n-hexane."
7,1370,2,3,01TEW/BUN,1,-
7,1371,1,1,01TEW/BUN,1,-
7,1371,1,2,01TEW/BUN,1,-
7,1371,1,3,01TEW/BUN,1,-
7,1371,1,4,01TEW/BUN,1,-
7,1371,2,1,80GER/GUT,1,Gerlt et al. applied corrections for protonation of the buffer to obtain the value of ΔrH'° given here. An unclassified phosphorylase (EC 3.1.4.a) was also present.
7,1371,2,2,80GER/GUT,1,Gerlt et al. applied corrections for protonation of the buffer to obtain the value of ΔrH'° given here.
7,1371,2,3,80GER/GUT,1,Gerlt et al. applied corrections for protonation of the buffer to obtain the value of ΔrH'° given here.
7,1372,1,1,80GER/GUT,1,Gerlt et al. applied corrections for protonation of the buffer to obtain the value of ΔrH'° given here.
7,1372,1,2,80GER/GUT,1,Gerlt et al. applied corrections for protonation of the buffer to obtain the value of ΔrH'° given here.
7,1372,1,3,03GOL/TEW,1,Goldberg and Tewari also calculated ΔrH° = -29.8 kJ mol-1 at T = 298.15 K and I = 0 for the chemical reference reaction [phosphoenolpyruvate^{3-}(aq) + H2O(l) = pyruvate^{-}(aq) + HPO4^{2-}(aq)].
7,1372,2,1,03GOL/TEW,1,Goldberg and Tewari also calculated ΔrH° = -47.8 kJ mol-1 at T = 298.15 K and I = 0 for the chemical reference reaction [adenosine 3':5'-(cyclic)phosphate^{-}(aq) + H2O (l) = AMP^{-}(aq)].
7,1372,2,2,89HAG/ROS,1,-
7,1372,2,3,00ROD/BAR,1,-
7,1373,1,1,94REK/SCH,1,-
7,1373,1,2,99HUT/OEH,1,-
7,1373,1,3,91PAR/HOR,1,-
7,1373,1,4,05SIR/HUT,1,The quantity \phi(acetonitrile) is the volume fraction of acetonitrile in the reaction mixture.
7,1373,2,1,94WIL/TOO,1,-
7,1373,2,2,94WIL/TOO,1,-
7,1373,2,3,00KIS/TEW,1,Kishore et al. calculated ΔrH° = -26.17 kJ mol-1 for the chemical reference reaction [L-asparagine(aq) + H2O(l) = L-aspartate^{-}(aq) + NH4^{+}(aq)] at T = 298.15 K and I = 0.
7,1373,2,4,00KIS/TEW,1,Kishore et al. calculated ΔrH° = -25.16 kJ mol-1 for the chemical reference reaction [L-glutamine^{\pm}(aq) + H2O(l) = L-glutamate^{-}(aq) + NH4^{+}(aq)] at T = 298.15 K and I = 0.
7,1374,1,1,98DIE/STR,1,The values of K' given here are shown in Fig. 2 of Diender et al. (1998). The numerical values are based on a private communication from Straathof (2006). The same results are given by Diender et al. (1998) and by Diender (2000).
7,1374,1,2,99NIE/SCH,1,"With the exception of the first two values given here, the values of K' were read from Fig. 5 of Nierstrsz et al. (1999). Also, note that we have converted the reported values of K', given in units of mM, to a standard state of 1 mol dm-3."
7,1374,2,1,94WIL/TOO,1,-
7,1374,2,2,94WIL/TOO,1,-
7,1374,2,3,94WIL/TOO,1,-
7,1374,2,4,94WIL/TOO,1,-
7,1375,1,1,94WIL/TOO,1,-
7,1375,1,2,94WIL/TOO,1,-
7,1375,1,3,94WIL/TOO,1,-
7,1375,1,4,99KAT/UED,1,Katayama et al. reported ratios of c(arachidonic acid)/c(anandamode) with c(ethanolamine) fixed at 0.250 mol dm-3. The values of K' given here were calculated by using these ratios and c(ethanolamine). Note that Katayama et al. also included c(H2O) = 55.5 mol dm-3 in their reported values of K'.
7,1375,2,1,99KAT/UED,1,Katayama et al. reported the ratio of c(palmitic acid)/c(palmitoylethanolamide) with c(ethanolamine) fixed at 0.250 mol dm-3 . The value of K' given here was calculated by using these ratios and c(ethanolamine). Note that Katayama et al. also included c(H2O) = 55.5 mol dm-3 in their reported value of K'.
7,1375,2,2,07TEW/KIS,1,"Tewari et al. also calculated K = 2.3E-6 at T = 298.15 K and I = 0 for the chemical reference reaction [5,6-dihydrouracil(aq) + H2O(l) = 3-ureidopropanoic acid^{-}(aq) + H^{+}(aq)]."
7,1375,2,3,07TEW/KIS,1,"Tewari et al. also calculated ΔrH° = 5.9 kJ mol-1 at T = 298.15 K and I = 0 for the chemical reference reaction [5,6-dihydrouracil(aq) + H2O(l) = 3-ureidopropanoic acid^{-}(aq) + H^{+}(aq)]."
7,1376,1,1,07TEW/KIS,1,Tewari et al. also calculated K = 5.5E-6 at T = 298.15 K and I = 0 for the chemical reference reaction [hydantoin(aq) + H2O(l) = ureidoacetic acid^{-}(aq) + H^{+}(aq)].
7,1376,1,2,07TEW/KIS,1,Tewari et al. also calculated ΔrH° = 1.7 kJ mol-1 at T = 298.15 K and I = 0 for the chemical reference reaction [hydantoin(aq) + H2O(l) = ureidopropanoic acid^{-}(aq) + H^{+}(aq)].
7,1376,1,3,07TEW/KIS,1,Tewari et al. also calculated ΔrH° = 8.7 kJ mol-1 at T = 298.15 K and I = 0 for the chemical reference reaction [5-(4-hydroxyphenyl)hydantoin(aq) + H2O(l) = 5-(4-hydroxyphenyl)D-carbamoylate(aq) + H^{+}(aq)].
7,1376,2,1,07TEW/KIS,1,Tewari et al. also calculated ΔrH° = -29.7 kJ mol-1 at T = 298.15 K and I = 0 for the chemical reference reaction [5-(4-hydroxyphenyl)hydantoin(aq) + 3 H2O(l) = D-(4-hydroxyphenyl)glycine(aq) + HCO3^{-}(aq) + NH4^{+}(aq)].
7,1376,2,2,07TEW/KIS,1,Tewari et al. also calculated K = 3.8E-7 at T = 298.15 K and I = 0 for the chemical reference reaction [5-phenylhydantoin(aq) + H2O(l) = 5-phenyl D-carbamoylate^{-}(aq) + H^{+}(aq)].
7,1376,2,3,07TEW/KIS,1,Tewari et al. also calculated ΔrH° = 10.8 kJ mol-1 at T = 298.15 K and I = 0 for the chemical reference reaction [5-phenylhydantoin(aq) + H2O(l) = 5-phenyl D-carbamoylate^{-}(aq) + H^{+}(aq)].
7,1377,1,1,07TEW/KIS,1,Tewari et al. also calculated ΔrH° = -35.4 kJ mol-1 at T = 298.15 K and I = 0 for the chemical reference reaction [5-phenylhydantoin(aq) + 3 H2O(l) = D-phenylglycine(aq) + HCO3^{-}(aq) + NH4^{+}(aq)].
7,1377,1,2,99BRA/FIS,1,The enzyme used is a mutant of GTP cyclohydrolase I. The value of K' is approximate.
7,1377,1,3,05TEW/GOL,1,Tewari and Goldberg calculated ΔrH° = -76.7 kJ mol-1 for the chemical reference reaction [benzonitrile^{0}(aq) + 2 H2O(l) = benzoate^{-}(aq) + NH4^{+}(aq)] at T = 298.15 K and I = 0.
7,1377,2,1,05TEW/GOL,1,Tewari and Goldberg calculated ΔrH° = -89.0 kJ mol-1 for the chemical reference reaction [benzyl cyanide^{0}(aq) + 2 H2O(l) = benzeneacetate^{-}(aq) + NH4^{+}(aq)] at T = 298.15 K and I = 0.
7,1377,2,2,05TEW/GOL,1,Tewari and Goldberg calculated ΔrH° = -99.0 kJ mol-1 for the chemical reference reaction [3-indoleacetonitrile^{0}(aq) + 2 H2O(l) = indole-3-acetate^{-}(aq) + NH4^{+}(aq)] at T = 298.15 K and I = 0.
7,1377,2,3,05TEW/GOL,1,Tewari and Goldberg calculated ΔrH° = -83.3 kJ mol-1 for the chemical reference reaction [\alpha-methylbenzylcyanide^{0}(aq) + 2 H2O(l) = \alpha-methylbenzeneacetate^{-}(aq) + NH4^{+}(aq)] at T = 298.15 K and I = 0.
7,1378,1,1,05TEW/GOL,1,Tewari and Goldberg calculated ΔrH° = -82.0 kJ mol-1 for the chemical reference reaction [4-phenylbutyronitrile^{0}(aq) + 2 H2O(l) = 4-phenylbutyrate^{-}(aq) + NH4^{+}(aq)] at T = 298.15 K and I = 0.
7,1378,1,2,05TEW/GOL,1,Tewari and Goldberg calculated ΔrH° = -91.3 kJ mol-1 for the chemical reference reaction [3-phenylpropionitrile^{0}(aq) + 2 H2O(l) = 3-phenylpropanoate^{-}(aq) + NH4^{+}(aq)] at T = 298.15 K and I = 0.
7,1378,1,3,04DAS/BOM,1,da-Silva et al. also performed calorimetric measurements in which a membrane-bound inorganic pyrophosphatase was used.
7,1378,2,1,04LI/LI,1,-
7,1378,2,2,79VAN,1,-
7,1378,2,3,82NG/WON,1,The value of K'c given here was calculated from the concentrations of the reactants and products reported by Ng et al.
7,1379,1,1,06POD/BEL,1,"ΔrH(cal) for this reaction is exothermic [Kotra (2007, ref. 146)]."
7,1379,1,2,00FRA/KOS,1,-
7,1379,1,3,00FRA/KOS,1,-
7,1379,1,4,01TIS/IHL,1,Few experimental details are given in this patent. The temperature is assumed to be 298.15 K.
7,1379,2,1,01TIS/IHL,1,Few experimental details are given in this patent. The temperature is assumed to be 298.15 K. The pH was not reported.
7,1379,2,2,01TEW/KIS,1,Tewari et al. also calculated ΔrH° = -70.0 kJ mol-1 at T = 298.15 K and I = 0 for the chemical reference reaction [phosphoenolpyruvate^{3-}(aq) + D-erythrose 4-phosphate^{2-}(aq) + H2O(l) = 2-dehydro-3-deoxy-D-arabino-heptonate 7-phosphate^{3-}(aq) + HPO4^{2-}(aq)].
7,1379,2,3,99ELS,1,-
7,1380,1,1,03RAN/VAN,1,The equilibrium constant was calculated by using the Haldane relation. Experiments were conducted both at microgravity (~0 g_n) and at standard gravity (1 g_n). The value of K' given here is the average of these two results.
7,1380,1,2,00BYR/GOL,1,Byrnes et al. also calculated K = 20.3 and ΔrH° = -10.5 kJ mol-1 at T = 298.15 K and I = 0 for the chemical reference reaction [chorismate^{2-}(aq) + NH4^{+}(aq) = 2-amino-2-deoxyisochorismate^{-}(aq) + H2O(l)]).
7,1380,1,3,00BYR/GOL,1,Byrnes et al. also calculated ΔrH° = -116.3 kJ mol-1 at T = 298.15 K and I = 0 for the chemical reference reaction [chorismate^{2-}(aq) + NH4^{+}(aq) = anthranilate^{-}(aq) + pyruvate^{-}(aq) + H2O(l) + H^{+}(aq)]).
7,1380,2,1,02TEW/HAW,1,-
7,1380,2,2,00WU/FEN,1,Wu et al. also estimated K' ~= 1E-3 for the reaction [(3R)-hydroxybutanoyl-CoA(aq) = cis-but-2-enoyl-coenzyme A(aq) + H2O(l)] at T = 298.15 K and pH = 7.4.
7,1380,2,3,89JUN/JUN,1,-
7,1381,1,1,02TEW/HAW,1,-
7,1381,1,2,02TEW/HAW,1,The quantity pMn = -lg[m(Mn2+)].
7,1381,1,3,84WAS/DAU,1,The value of K' was obtained by using the Haldane relation. The value of this equilibrium constant must equal unity.
7,1381,1,4,85BAD/WAL,1,The value of this equilibrium constant must equal 1.0.
7,1381,2,1,03WAT/YAM,1,The value of K' was obtained by using the Haldane relation. The value of this equilibrium constant must equal unity.
7,1381,2,2,06ONO/YAN,1,The value of this equilibrium constant must equal unity.
7,1381,2,3,83PIL/HAN,1,The temperature is assumed to be that used for their enzyme assays. The pH at which the equilibrium measurements were performed was not reported by Piller et al.
7,1382,1,1,83PIL/HAN,1,The temperature is assumed to be that used for their enzyme assays. The pH at which the equilibrium measurements were performed was not reported by Piller et al.
7,1382,1,2,99MUN/LOP,1,-
7,1382,1,3,02VUO/PAS,1,The values of K' given here were calculated from the concentrations reported by Vuolanto et al. Both the D- and L-forms of arabinose and ribose were used as starting material.
7,1382,2,1,02VUO/PAS,1,The values of K' given here were calculated from the concentrations reported by Vuolanto et al. Both the D- and L-forms of arabinose were used as starting material.
7,1382,2,2,02VUO/PAS,1,The values of K' given here were calculated from the concentrations reported by Vuolanto et al. Both the D- and L-forms of erythrose were used as starting material. We calculate ΔrH'° = -1.8 kJ mol-1 at T = 298.15 K for this reaction from the temperature dependence of the K' values.
7,1382,2,3,02VUO/PAS,1,The values of K' given here were calculated from the concentrations reported by Vuolanto et al. Both the D- and L-forms of erythrose and threose were used as starting material.
7,1383,1,1,98CON/DEL,1,The results were obtained from the analysis of kinetic data (Haldane relation). The K' values given here were obtained from Fig. 2 of Converti and Del Borghi. We calculate ΔrH'° = 16.6 kJ mol-1 at T = 298.15 K for this reaction from the temperature dependence of the K' values.
7,1383,1,2,02VUO/PAS,1,The value of K' given here was calculated from the concentrations reported by Vuolanto et al. Both the D- and L-forms of glucose were used as starting material.
7,1383,1,3,02VUO/PAS,1,The value of K' given here was calculated from the concentrations reported by Vuolanto et al. Both the D- and L-forms of glucose and mannose were used as starting material.
7,1383,2,1,04STO/SCH,1,-
7,1383,2,2,04STO/SCH,1,"The values for ΔrH(cal) at T = 293.4 K and at T = 298.4 K are the averages of the values of ΔrH(cal) reported in Table 4 of Stödeman and Schwarz (2004, ref. 130)."
7,1383,2,3,03MER/WOO,1,The authors also used the Haldane relation to calculate K' = 0.35.
7,1384,1,1,02NES/ZHO,1,This result is based on kinetic data (Haldane relation).
7,1384,1,2,71BRI/CLA,1,"This result by Britton and Clarke (1971, ref. 36) is cited as unpublished data by Britton et al. (1971, ref. 35). The temperature is assumed to be 298.15 K. Clarke et al. (1974, ref. 37) later reported a detailed study of the apparent equilibrium constant for this reaction."
7,1384,1,3,78ROS/DUB,1,-
7,1384,2,1,88GAU,1,This approximate result is the average of the results obtained with two different varieties of this enzyme and is based on kinetic data (Haldane relation). The conditions of measurement were not reported. The temperature is assumed to be ~ 298.15 K.
7,1384,2,2,96KIM/DUN,1,Kim and Dunaway-Mariano also obtained a value of K' = 2E-4 from kinetic data (Haldane relation).
7,1384,2,3,00TEW/DAV,1,"Tewari et al. calculated K = 0.84, ΔrG° = 0.43 kJ mol-1, ΔrH° = -0.81 kJ mol-1, and ΔrS° = -4.2 J K-1 mol-1 for the chemical reference reaction [chorismate^{2-}(aq) = isochorismate^{2-}(aq)] at T = 298.15 K and I = 0."
7,1385,1,1,00TEW/DAV,1,"Tewari et al. calculated K = 0.84, ΔrG0 = 0.43 kJ mol-1, ΔrH0 = -0.81 kJ mol-1, and ΔrS0 = -4.2 J K-1 mol-1 for the chemical reference reaction [chorismate^{2-}(aq) = isochorismate^{2-}(aq)] at T = 298.15 K and I = 0."
7,1385,1,2,06AIR2,1,-
7,1385,2,1,60LEA/GLA,1,-
7,1385,2,2,06AIR2,1,-
7,1385,2,3,06AIR2,1,-
7,1386,1,1,06AIR2,1,-
7,1386,2,1,06AIR,1,"The K' values given here are shown in Fig. 6 of Airas (2006, ref. 136). The numerical values are based on a private communication from Airas (2006, ref. 137)."
7,1386,2,2,06AIR2,1,-
7,1387,1,1,06AIR2,1,-
7,1387,2,1,01DIC/BUR,1,-
