part,page,col l/r,table from top,entry nr,reaction,reference,temperature,ionic_strength,p_h,p_mg,K_prime,enthalpy (kJ/mol),additional data
1,522,1,1,1,benzyl alcohol(aq) + NAD(aq) = benzaldehyde(aq) + NADH(aq),80COO/BLA,298.15,,7.5,,9.80E-4,,
1,522,1,1,2,benzyl alcohol(aq) + NAD(aq) = benzaldehyde(aq) + NADH(aq),80COO/BLA,298.15,,8,,3.10E-3,,
1,522,1,1,3,benzyl alcohol(aq) + NAD(aq) = benzaldehyde(aq) + NADH(aq),80COO/BLA,298.15,,8.5,,9.80E-3,,
1,522,1,1,4,benzyl alcohol(aq) + NAD(aq) = benzaldehyde(aq) + NADH(aq),80COO/BLA,298.15,,9,,3.10E-2,,
1,522,1,1,5,benzyl alcohol(aq) + NAD(aq) = benzaldehyde(aq) + NADH(aq),80COO/BLA,298.15,,9.5,,9.80E-2,,
1,522,1,2,1,1-butanol(aq) + NAD(aq) = butanal(aq) + NADH(aq),68ERI,298.15,,8.3,,1.80E-3,,
1,522,2,1,1,1-butanol(aq) + NAD(aq) = butanal(aq) + NADH(aq),83BRA,298.15,,8.8,,,59.4,
1,522,2,2,1,cyclohexanol(aq) + NAD(aq) = cyclohexanone(aq) + NADH(aq),59MER/TOM,298.15,,7.2,,9.00E-2,,
1,522,2,2,2,cyclohexanol(aq) + NAD(aq) = cyclohexanone(aq) + NADH(aq),59MER/TOM,298.15,,7.5,,1.58E-1,,
1,522,2,2,3,cyclohexanol(aq) + NAD(aq) = cyclohexanone(aq) + NADH(aq),59MER/TOM,298.15,,9.5,,1.90E1,,
1,522,2,3,1,cyclohexanol(aq) + NAD(aq) = cyclohexanone(aq) + NADH(aq),80COO/BLA,298.15,,8,,2.00E-1,,
1,523,1,1,1,ethanol(aq) + NAD(aq) = acetaldehyde(aq) + NADH(aq),36EUL/ADL,298.15,,6.4,,1.30E-5,,
1,523,1,1,2,ethanol(aq) + NAD(aq) = acetaldehyde(aq) + NADH(aq),36EUL/ADL,298.15,,7,,5.30E-5,,
1,523,1,1,3,ethanol(aq) + NAD(aq) = acetaldehyde(aq) + NADH(aq),36EUL/ADL,298.15,,7.7,,1.30E-4,,
1,523,1,2,1,ethanol(aq) + NAD(aq) = acetaldehyde(aq) + NADH(aq),37ADL/SRE,298.15,,6.05,,6.00E-6,,
1,523,1,2,2,ethanol(aq) + NAD(aq) = acetaldehyde(aq) + NADH(aq),37ADL/SRE,298.15,,7.25,,7.70E-5,,
1,523,1,2,3,ethanol(aq) + NAD(aq) = acetaldehyde(aq) + NADH(aq),37ADL/SRE,298.15,,8,,1.20E-5,,
1,523,1,3,1,ethanol(aq) + NAD(aq) = acetaldehyde(aq) + NADH(aq),37NEG/WUL,293.15,,7.9,,7.41E-4,,
1,523,1,4,1,ethanol(aq) + NAD(aq) = acetaldehyde(aq) + NADH(aq),38SCH/HEL,298.15,,6.3,,2.60E-5,,
1,523,1,4,2,ethanol(aq) + NAD(aq) = acetaldehyde(aq) + NADH(aq),38SCH/HEL,298.15,,6.85,,8.80E-5,,
1,523,1,4,3,ethanol(aq) + NAD(aq) = acetaldehyde(aq) + NADH(aq),38SCH/HEL,298.15,,7.15,,1.90E-4,,
1,523,1,4,4,ethanol(aq) + NAD(aq) = acetaldehyde(aq) + NADH(aq),38SCH/HEL,298.15,,7.34,,3.00E-4,,
1,523,1,4,5,ethanol(aq) + NAD(aq) = acetaldehyde(aq) + NADH(aq),38SCH/HEL,298.15,,7.61,,5.10E-4,,
1,523,1,4,6,ethanol(aq) + NAD(aq) = acetaldehyde(aq) + NADH(aq),38SCH/HEL,298.15,,7.77,,8.00E-4,,
1,523,1,4,7,ethanol(aq) + NAD(aq) = acetaldehyde(aq) + NADH(aq),38SCH/HEL,298.15,,8.17,,2.20E-3,,
1,523,2,1,1,ethanol(aq) + NAD(aq) = acetaldehyde(aq) + NADH(aq),50RAC,298.15,,7.5,,3.64E-4,,
1,523,2,1,2,ethanol(aq) + NAD(aq) = acetaldehyde(aq) + NADH(aq),50RAC,298.15,,8,,1.15E-3,,
1,523,2,1,3,ethanol(aq) + NAD(aq) = acetaldehyde(aq) + NADH(aq),50RAC,298.15,,8.5,,3.64E-3,,
1,523,2,1,4,ethanol(aq) + NAD(aq) = acetaldehyde(aq) + NADH(aq),50RAC,298.15,,9,,1.15E-2,,
1,523,2,1,5,ethanol(aq) + NAD(aq) = acetaldehyde(aq) + NADH(aq),50RAC,298.15,,9.5,,3.64E-2,,
1,523,2,2,1,ethanol(aq) + NAD(aq) = acetaldehyde(aq) + NADH(aq),51THE/BON,293.15,,7,,1.10E-4,,
1,523,2,2,2,ethanol(aq) + NAD(aq) = acetaldehyde(aq) + NADH(aq),51THE/BON,293.15,,8,,7.10E-4,,
1,523,2,2,3,ethanol(aq) + NAD(aq) = acetaldehyde(aq) + NADH(aq),51THE/BON,293.15,,9,,1.05E-2,,
1,523,2,2,4,ethanol(aq) + NAD(aq) = acetaldehyde(aq) + NADH(aq),51THE/BON,293.15,,10,,9.00E-2,,
1,523,2,3,1,ethanol(aq) + NAD(aq) = acetaldehyde(aq) + NADH(aq),56KAP/CIO,303.15,,7,,1.60E-4,,
1,523,2,3,2,ethanol(aq) + NAD(aq) = acetaldehyde(aq) + NADH(aq),56KAP/CIO,303.15,,8,,1.60E-3,,
1,524,1,1,1,ethanol(aq) + NAD(aq) = acetaldehyde(aq) + NADH(aq),58BAC,293.15,0.1,7,,7.95E-5,,c(NaCl) = 0 M
1,524,1,1,2,ethanol(aq) + NAD(aq) = acetaldehyde(aq) + NADH(aq),58BAC,293.15,0.1,8,,8.40E-4,,c(NaCl) = 0 M
1,524,1,1,3,ethanol(aq) + NAD(aq) = acetaldehyde(aq) + NADH(aq),58BAC,293.15,0.1,9,,8.07E-3,,c(NaCl) = 0 M
1,524,1,1,4,ethanol(aq) + NAD(aq) = acetaldehyde(aq) + NADH(aq),58BAC,293.15,0.1,10,,7.95E-2,,c(NaCl) = 0 M
1,524,1,1,5,ethanol(aq) + NAD(aq) = acetaldehyde(aq) + NADH(aq),58BAC,293.15,0.05,7,,7.36E-5,,c(NaCl) = 0 M
1,524,1,1,6,ethanol(aq) + NAD(aq) = acetaldehyde(aq) + NADH(aq),58BAC,293.15,0.096,7,,8.07E-5,,c(NaCl) = 0 M
1,524,1,1,7,ethanol(aq) + NAD(aq) = acetaldehyde(aq) + NADH(aq),58BAC,293.15,0.189,7,,9.27E-5,,c(NaCl) = 0 M
1,524,1,1,8,ethanol(aq) + NAD(aq) = acetaldehyde(aq) + NADH(aq),58BAC,293.15,0.259,7,,9.25E-5,,c(NaCl) = 0 M
1,524,1,1,9,ethanol(aq) + NAD(aq) = acetaldehyde(aq) + NADH(aq),58BAC,293.15,0.376,7,,9.97E-5,,c(NaCl) = 0.167 M
1,524,1,1,10,ethanol(aq) + NAD(aq) = acetaldehyde(aq) + NADH(aq),58BAC,293.15,0.423,7,,1.05E-4,,c(NaCl) = 0.333 M
1,524,1,1,11,ethanol(aq) + NAD(aq) = acetaldehyde(aq) + NADH(aq),58BAC,293.15,0.749,7,,1.18E-4,,c(NaCl) = 0.667 M
1,524,1,1,12,ethanol(aq) + NAD(aq) = acetaldehyde(aq) + NADH(aq),58BAC,288.15,0.1,7,,6.46E-5,,c(NaCl) = 0 M
1,524,1,1,13,ethanol(aq) + NAD(aq) = acetaldehyde(aq) + NADH(aq),58BAC,293.15,0.1,7,,8.00E-5,,c(NaCl) = 0 M
1,524,1,1,14,ethanol(aq) + NAD(aq) = acetaldehyde(aq) + NADH(aq),58BAC,298.15,0.1,7,,9.77E-5,,c(NaCl) = 0 M
1,524,1,1,15,ethanol(aq) + NAD(aq) = acetaldehyde(aq) + NADH(aq),58BAC,303.15,0.1,7,,1.20E-4,,c(NaCl) = 0 M
1,524,1,1,16,ethanol(aq) + NAD(aq) = acetaldehyde(aq) + NADH(aq),58BAC,308.15,0.1,7,,1.45E-4,,c(NaCl) = 0 M
1,524,1,1,17,ethanol(aq) + NAD(aq) = acetaldehyde(aq) + NADH(aq),58BAC,288.15,0.1,8,,6.42E-4,,c(NaCl) = 0 M
1,524,1,1,18,ethanol(aq) + NAD(aq) = acetaldehyde(aq) + NADH(aq),58BAC,293.15,0.1,8,,7.95E-4,,c(NaCl) = 0 M
1,524,1,1,19,ethanol(aq) + NAD(aq) = acetaldehyde(aq) + NADH(aq),58BAC,298.15,0.1,8,,9.66E-4,,c(NaCl) = 0 M
1,524,1,1,20,ethanol(aq) + NAD(aq) = acetaldehyde(aq) + NADH(aq),58BAC,303.15,0.1,8,,1.18E-3,,c(NaCl) = 0 M
1,524,1,1,21,ethanol(aq) + NAD(aq) = acetaldehyde(aq) + NADH(aq),58BAC,308.15,0.1,8,,1.41E-3,,c(NaCl) = 0 M
1,524,1,1,22,ethanol(aq) + NAD(aq) = acetaldehyde(aq) + NADH(aq),58BAC,288.15,0.1,9,,6.35E-3,,c(NaCl) = 0 M
1,524,1,1,23,ethanol(aq) + NAD(aq) = acetaldehyde(aq) + NADH(aq),58BAC,293.15,0.1,9,,7.94E-3,,c(NaCl) = 0 M
1,524,1,1,24,ethanol(aq) + NAD(aq) = acetaldehyde(aq) + NADH(aq),58BAC,298.15,0.1,9,,9.72E-3,,c(NaCl) = 0 M
1,524,1,1,25,ethanol(aq) + NAD(aq) = acetaldehyde(aq) + NADH(aq),58BAC,303.15,0.1,9,,1.20E-2,,c(NaCl) = 0 M
1,524,1,1,26,ethanol(aq) + NAD(aq) = acetaldehyde(aq) + NADH(aq),58BAC,308.15,0.1,9,,1.45E-2,,c(NaCl) = 0 M
,,,,,,,,,,,,,
1,524,2,1,1,ethanol(aq) + NAD(aq) = acetaldehyde(aq) + NADH(aq),74BUR,283.75,,7.691,,1.44E-4,,
1,524,2,1,2,ethanol(aq) + NAD(aq) = acetaldehyde(aq) + NADH(aq),74BUR,283.75,,7.68,,1.28E-4,,
1,524,2,1,3,ethanol(aq) + NAD(aq) = acetaldehyde(aq) + NADH(aq),74BUR,283.75,,7.673,,1.19E-4,,
1,524,2,1,4,ethanol(aq) + NAD(aq) = acetaldehyde(aq) + NADH(aq),74BUR,290.5,,7.658,,1.87E-4,,
1,524,2,1,5,ethanol(aq) + NAD(aq) = acetaldehyde(aq) + NADH(aq),74BUR,290.5,,7.646,,1.74E-4,,
1,524,2,1,6,ethanol(aq) + NAD(aq) = acetaldehyde(aq) + NADH(aq),74BUR,293.4,,7.635,,2.13E-4,,
1,524,2,1,7,ethanol(aq) + NAD(aq) = acetaldehyde(aq) + NADH(aq),74BUR,307.75,,7.605,,5.42E-4,,
1,524,2,1,8,ethanol(aq) + NAD(aq) = acetaldehyde(aq) + NADH(aq),74BUR,307.75,,7.584,,4.87E-4,,
1,524,2,1,9,ethanol(aq) + NAD(aq) = acetaldehyde(aq) + NADH(aq),74BUR,307.75,,7.571,,4.38E-4,,
1,524,2,1,10,ethanol(aq) + NAD(aq) = acetaldehyde(aq) + NADH(aq),74BUR,315.95,,7.568,,7.34E-4,,
1,524,2,1,11,ethanol(aq) + NAD(aq) = acetaldehyde(aq) + NADH(aq),74BUR,315.95,,7.545,,6.80E-4,,
1,524,2,1,12,ethanol(aq) + NAD(aq) = acetaldehyde(aq) + NADH(aq),74BUR,315.95,,7.528,,6.63E-4,,
1,524,2,2,1,ethanol(aq) + NAD(aq) = acetaldehyde(aq) + NADH(aq),79COR/CRO,311.15,0.25,7,,1.94E-4,,
1,524,2,3,1,ethanol(aq) + NAD(aq) = acetaldehyde(aq) + NADH(aq),80COO/BLA,298.15,,9,,2.90E-3,,
1,525,1,1,1,ethanol(aq) + NAD(aq) = acetaldehyde(aq) + NADH(aq),83CRA/BOS,310.15,,7.3,,3.70E-4,,
1,525,1,2,1,ethanol(aq) + NAD(aq) = acetaldehyde(aq) + NADH(aq),87BED/TES,298.15,,7.4,,2.40E-4,,
1,525,1,3,1,ethanol(aq) + NAD(aq) = acetaldehyde(aq) + NADH(aq),83BRA,298.15,,8.9,,,49.8,
1,525,2,1,1,ethanol(aq) + AP-NAD(aq) = acetaldehyde(aq) + AP-NADH(aq),56KAP/CIO,303.15,,7,,3.00E-2,,"[TODO: check in primary literature; this is probably a typo; temperature actually given as ""303."" in pdf]"
1,525,2,1,2,ethanol(aq) + AP-NAD(aq) = acetaldehyde(aq) + AP-NADH(aq),56KAP/CIO,303.15,,8,,3.00E-1,,"[TODO: check in primary literature; this is probably a typo; temperature actually given as ""303."" in pdf]"
1,525,2,2,1,ethanol(aq) + desamino NAD(aq) = acetaldehyde(aq) + desamino NADH(aq),38SCH/HEL,298.15,,6.39,,9.10E-6,,
1,525,2,2,2,ethanol(aq) + desamino NAD(aq) = acetaldehyde(aq) + desamino NADH(aq),38SCH/HEL,298.15,,6.6,,3.00E-5,,
1,525,2,2,3,ethanol(aq) + desamino NAD(aq) = acetaldehyde(aq) + desamino NADH(aq),38SCH/HEL,298.15,,6.85,,5.10E-5,,
1,525,2,2,4,ethanol(aq) + desamino NAD(aq) = acetaldehyde(aq) + desamino NADH(aq),38SCH/HEL,298.15,,7.18,,1.50E-4,,
1,525,2,2,5,ethanol(aq) + desamino NAD(aq) = acetaldehyde(aq) + desamino NADH(aq),38SCH/HEL,298.15,,7.31,,2.30E-4,,
1,525,2,2,6,ethanol(aq) + desamino NAD(aq) = acetaldehyde(aq) + desamino NADH(aq),38SCH/HEL,298.15,,7.69,,5.60E-4,,
1,525,2,2,7,ethanol(aq) + desamino NAD(aq) = acetaldehyde(aq) + desamino NADH(aq),38SCH/HEL,298.15,,8.06,,1.10E-3,,
1,525,2,3,1,1-hexanol(aq) + NAD(aq) = hexanal(aq) + NADH(aq),68ERI,298.15,,8.3,,2.87E-3,,
1,526,1,1,1,cis-3-hexen-1-ol(aq) + NAD(aq) = cis-3-hexenal(aq) + NADH(aq),68ERI,298.15,,8.3,,7.20E-4,,
1,526,1,2,1,trans-2-hexen-1-ol(aq) + NAD(aq) = trans-2-hexenal(aq) + NADH(aq),68ERI,298.15,,8.3,,2.83E-1,,
1,526,1,3,1,1-nonanol(aq) + NAD(aq) = nonanal(aq) + NADH(aq),68ERI,298.15,,8.3,,3.05E-2,,
1,526,2,1,1,1-octanol(aq) + NAD(aq) = octanal(aq) + NADH(aq),68ERI,298.15,,8.3,,1.10E-3,,
1,526,2,2,1,1-propanol(aq) + NAD(aq) = propanal(aq) + NADH(aq),83BRA,298.15,,8.8,,,47.7,
1,526,2,3,1,2-propanol(aq) + NAD(aq) = acetone(aq) + NADH(aq),52BUR,298.15,,7,,7.30E-2,,
1,527,1,1,1,2-propanol(aq) + NAD(aq) = acetone(aq) + NADH(aq),53BUR/WIL,298.15,,8.78,,4.36E0,,
1,527,1,1,2,2-propanol(aq) + NAD(aq) = acetone(aq) + NADH(aq),53BUR/WIL,298.15,,8.83,,4.71E0,,
1,527,1,1,3,2-propanol(aq) + NAD(aq) = acetone(aq) + NADH(aq),53BUR/WIL,298.15,,8.82,,5.32E0,,
1,527,1,1,4,2-propanol(aq) + NAD(aq) = acetone(aq) + NADH(aq),53BUR/WIL,298.15,,8.71,,5.76E0,,
1,527,1,1,5,2-propanol(aq) + NAD(aq) = acetone(aq) + NADH(aq),53BUR/WIL,298.15,,8.82,,5.91E0,,
1,527,1,1,6,2-propanol(aq) + NAD(aq) = acetone(aq) + NADH(aq),53BUR/WIL,298.15,,7.51,,2.23E-1,,
1,527,1,1,7,2-propanol(aq) + NAD(aq) = acetone(aq) + NADH(aq),53BUR/WIL,298.15,,7.51,,2.38E-1,,
1,527,1,1,8,2-propanol(aq) + NAD(aq) = acetone(aq) + NADH(aq),53BUR/WIL,298.15,,7.56,,2.68E-1,,
1,527,1,1,9,2-propanol(aq) + NAD(aq) = acetone(aq) + NADH(aq),53BUR/WIL,298.15,,7.52,,2.63E-1,,
1,527,1,1,10,2-propanol(aq) + NAD(aq) = acetone(aq) + NADH(aq),53BUR/WIL,298.15,,7.52,,2.82E-1,,
1,527,1,1,11,2-propanol(aq) + NAD(aq) = acetone(aq) + NADH(aq),53BUR/WIL,298.15,,7.68,,3.28E-1,,
1,527,1,1,12,2-propanol(aq) + NAD(aq) = acetone(aq) + NADH(aq),53BUR/WIL,298.15,,7.68,,3.30E-1,,
1,527,1,1,13,2-propanol(aq) + NAD(aq) = acetone(aq) + NADH(aq),53BUR/WIL,298.15,,7.64,,2.91E-1,,
1,527,1,1,14,2-propanol(aq) + NAD(aq) = acetone(aq) + NADH(aq),53BUR/WIL,298.15,,7.64,,3.08E-1,,
1,527,1,1,15,2-propanol(aq) + NAD(aq) = acetone(aq) + NADH(aq),53BUR/WIL,298.15,,7.63,,2.51E-1,,
1,527,1,1,16,2-propanol(aq) + NAD(aq) = acetone(aq) + NADH(aq),53BUR/WIL,298.15,,7.63,,2.70E-1,,
1,527,1,1,17,2-propanol(aq) + NAD(aq) = acetone(aq) + NADH(aq),53BUR/WIL,298.15,,7.52,,2.25E-1,,
1,527,1,1,18,2-propanol(aq) + NAD(aq) = acetone(aq) + NADH(aq),53BUR/WIL,298.15,,7.52,,2.30E-1,,
1,527,1,1,19,2-propanol(aq) + NAD(aq) = acetone(aq) + NADH(aq),53BUR/WIL,298.15,,7.68,,3.61E-1,,
1,527,1,1,20,2-propanol(aq) + NAD(aq) = acetone(aq) + NADH(aq),53BUR/WIL,298.15,,7.68,,3.37E-1,,
1,527,1,1,21,2-propanol(aq) + NAD(aq) = acetone(aq) + NADH(aq),53BUR/WIL,298.15,,7.28,,1.36E-1,,
1,527,1,1,22,2-propanol(aq) + NAD(aq) = acetone(aq) + NADH(aq),53BUR/WIL,298.15,,7.28,,1.36E-1,,
1,527,1,1,23,2-propanol(aq) + NAD(aq) = acetone(aq) + NADH(aq),53BUR/WIL,298.15,,7.28,,1.34E-1,,
1,527,1,1,24,2-propanol(aq) + NAD(aq) = acetone(aq) + NADH(aq),53BUR/WIL,298.15,,7.3,,1.29E-1,,
1,527,1,1,25,2-propanol(aq) + NAD(aq) = acetone(aq) + NADH(aq),53BUR/WIL,298.15,,7.03,,7.58E-2,,
1,527,1,1,26,2-propanol(aq) + NAD(aq) = acetone(aq) + NADH(aq),53BUR/WIL,298.15,,7.18,,1.09E-1,,
,,,,,,,,,,,,,
1,527,1,2,1,2-propanol(aq) + NAD(aq) = acetone(aq) + NADH(aq),74BUR,282.45,,7.65,,1.31E-1,,
1,527,1,2,2,2-propanol(aq) + NAD(aq) = acetone(aq) + NADH(aq),74BUR,282.55,,7.621,,1.28E-1,,
1,527,1,2,3,2-propanol(aq) + NAD(aq) = acetone(aq) + NADH(aq),74BUR,282.65,,7.621,,1.31E-1,,
1,527,1,2,4,2-propanol(aq) + NAD(aq) = acetone(aq) + NADH(aq),74BUR,285.55,,7.653,,1.57E-1,,
1,527,1,2,5,2-propanol(aq) + NAD(aq) = acetone(aq) + NADH(aq),74BUR,285.65,,7.653,,1.62E-1,,
1,527,1,2,6,2-propanol(aq) + NAD(aq) = acetone(aq) + NADH(aq),74BUR,285.85,,7.653,,1.58E-1,,
1,527,1,2,7,2-propanol(aq) + NAD(aq) = acetone(aq) + NADH(aq),74BUR,286.1,,7.663,,1.71E-1,,
1,527,1,2,8,2-propanol(aq) + NAD(aq) = acetone(aq) + NADH(aq),74BUR,298.75,,7.581,,3.18E-1,,
1,527,1,2,9,2-propanol(aq) + NAD(aq) = acetone(aq) + NADH(aq),74BUR,309.95,,7.548,,4.98E-1,,
1,527,1,2,10,2-propanol(aq) + NAD(aq) = acetone(aq) + NADH(aq),74BUR,310.15,,7.552,,5.49E-1,,
1,527,1,2,11,2-propanol(aq) + NAD(aq) = acetone(aq) + NADH(aq),74BUR,310.35,,7.547,,5.16E-1,,
1,527,1,2,12,2-propanol(aq) + NAD(aq) = acetone(aq) + NADH(aq),74BUR,311.35,,7.546,,5.56E-1,,
1,527,1,2,13,2-propanol(aq) + NAD(aq) = acetone(aq) + NADH(aq),74BUR,313.75,,7.516,,5.91E-1,,
1,527,1,2,14,2-propanol(aq) + NAD(aq) = acetone(aq) + NADH(aq),74BUR,314.85,,7.565,,7.13E-1,,
1,527,2,1,1,2-propanol(aq) + NAD(aq) = acetone(aq) + NADH(aq),80COO/BLA,298.15,,8,,5.30E-1,,
1,527,2,2,1,2-propanol(aq) + NAD(aq) = acetone(aq) + NADH(aq),83BRA,298.15,,8.9,,,44.2,
1,528,1,1,1,vitamin A alcohol(aq) + NAD(aq) = vitamin A aldehyde(aq) + NADH(aq),51BLI,310.15,,7,,3.30E-2,,
1,528,1,1,2,vitamin A alcohol(aq) + NAD(aq) = vitamin A aldehyde(aq) + NADH(aq),51BLI,310.15,,8,,3.30E-1,,
1,528,1,1,3,vitamin A alcohol(aq) + NAD(aq) = vitamin A aldehyde(aq) + NADH(aq),51BLI,310.15,,9,,3.30E0,,
1,528,1,2,1,L-homoserine(aq) + NAD(aq) = L-aspartate 4-semialdehyde(aq) + NADH(aq),55BLA/WRI3,298.15,,7.9,,8.80E-3,,
1,528,1,3,1,L-homoserine(aq) + NADP(aq) = L-aspartate 4-semialdehyde(aq) + NADPH(aq),55BLA/WRI3,298.15,,7.9,,6.30E-4,,
1,528,2,1,1,"(R,R)-2,3-butanediol(aq) + NAD(aq) = (R)-acetoin(aq) + NADH(aq)",54STR/HAR,300.15,,7.4,,7.23E-3,,
1,528,2,1,2,"(R,R)-2,3-butanediol(aq) + NAD(aq) = (R)-acetoin(aq) + NADH(aq)",54STR/HAR,300.15,,8.4,,6.68E-2,,
1,528,2,2,1,glycerol(aq) + NAD(aq) = dihydroxyacetone(aq) + NADH(aq),55BUR2,298.15,,7.1,,6.40E-5,,
1,528,2,3,1,glycerol(aq) + NAD(aq) = dihydroxyacetone(aq) + NADH(aq),69BAR,298.15,,9,,1.40E-2,,
1,529,1,1,1,glycerol(aq) + NAD(aq) = dihydroxyacetone(aq) + NADH(aq),74MCG/PHI,300.15,,5.3,,4.75E-7,,
1,529,1,1,2,glycerol(aq) + NAD(aq) = dihydroxyacetone(aq) + NADH(aq),74MCG/PHI,300.15,,6,,2.38E-6,,
1,529,1,1,3,glycerol(aq) + NAD(aq) = dihydroxyacetone(aq) + NADH(aq),74MCG/PHI,300.15,,6.5,,7.53E-6,,
1,529,1,1,4,glycerol(aq) + NAD(aq) = dihydroxyacetone(aq) + NADH(aq),74MCG/PHI,300.15,,7,,2.38E-5,,
1,529,1,1,5,glycerol(aq) + NAD(aq) = dihydroxyacetone(aq) + NADH(aq),74MCG/PHI,300.15,,7.5,,7.53E-5,,
1,529,1,1,6,glycerol(aq) + NAD(aq) = dihydroxyacetone(aq) + NADH(aq),74MCG/PHI,300.15,,8,,2.38E-4,,
1,529,1,1,7,glycerol(aq) + NAD(aq) = dihydroxyacetone(aq) + NADH(aq),74MCG/PHI,300.15,,8.25,,4.23E-4,,
1,529,1,2,1,sn-glycerol 3-phosphate(aq) + NAD(aq) = dihydroxyacetone phosphate(aq) + NADH(aq),37EUL/ADL2,298.15,,6.9,,1.60E-5,,
1,529,1,2,2,sn-glycerol 3-phosphate(aq) + NAD(aq) = dihydroxyacetone phosphate(aq) + NADH(aq),37EUL/ADL2,298.15,,7.6,,3.00E-4,,
1,529,1,2,3,sn-glycerol 3-phosphate(aq) + NAD(aq) = dihydroxyacetone phosphate(aq) + NADH(aq),37EUL/ADL2,298.15,,8.1,,5.90E-4,,
1,529,1,3,1,sn-glycerol 3-phosphate(aq) + NAD(aq) = dihydroxyacetone phosphate(aq) + NADH(aq),49BAR,295.15,,7,,7.10E-5,,
1,529,2,1,1,sn-glycerol 3-phosphate(aq) + NAD(aq) = dihydroxyacetone phosphate(aq) + NADH(aq),53BUR/WIL,298.15,,7.5,,1.74E-4,,
1,529,2,1,2,sn-glycerol 3-phosphate(aq) + NAD(aq) = dihydroxyacetone phosphate(aq) + NADH(aq),53BUR/WIL,298.15,,8,,5.50E-4,,
1,529,2,1,3,sn-glycerol 3-phosphate(aq) + NAD(aq) = dihydroxyacetone phosphate(aq) + NADH(aq),53BUR/WIL,298.15,,8.5,,1.74E-3,,
1,529,2,1,4,sn-glycerol 3-phosphate(aq) + NAD(aq) = dihydroxyacetone phosphate(aq) + NADH(aq),53BUR/WIL,298.15,,9,,5.50E-3,,
1,529,2,2,1,sn-glycerol 3-phosphate + NAD(aq) = dihydroxyacetone phosphate(aq) + NADH(aq),58YOU/PAC,282.95,,7,,9.62E-5,,
1,529,2,2,2,sn-glycerol 3-phosphate + NAD(aq) = dihydroxyacetone phosphate(aq) + NADH(aq),58YOU/PAC,294.58,,7,,7.15E-5,,
1,529,2,2,3,sn-glycerol 3-phosphate + NAD(aq) = dihydroxyacetone phosphate(aq) + NADH(aq),58YOU/PAC,295.26,,7,,6.64E-5,,
1,529,2,2,4,sn-glycerol 3-phosphate + NAD(aq) = dihydroxyacetone phosphate(aq) + NADH(aq),58YOU/PAC,297.65,,7,,5.80E-5,,
1,529,2,2,5,sn-glycerol 3-phosphate + NAD(aq) = dihydroxyacetone phosphate(aq) + NADH(aq),58YOU/PAC,298.28,,7,,5.59E-5,,
1,529,2,2,6,sn-glycerol 3-phosphate + NAD(aq) = dihydroxyacetone phosphate(aq) + NADH(aq),58YOU/PAC,301.06,,7,,5.34E-5,,
1,529,2,2,7,sn-glycerol 3-phosphate + NAD(aq) = dihydroxyacetone phosphate(aq) + NADH(aq),58YOU/PAC,309.7,,7,,3.07E-5,,
1,530,1,1,1,allitol(aq) + NAD(aq) = D-psicose(aq) + NADH(aq),59HOL,298.15,,7,,1.44E-4,,
1,530,1,1,2,allitol(aq) + NAD(aq) = D-psicose(aq) + NADH(aq),59HOL,298.15,,8,,1.44E-3,,
1,530,1,2,1,D-glycero-D-glucoheptitol(aq) + NAD(aq) = D-sedoheptulose(aq) + NADH(aq),59HOL,298.15,,7,,5.54E-4,,
1,530,1,2,2,D-glycero-D-glucoheptitol(aq) + NAD(aq) = D-sedoheptulose(aq) + NADH(aq),59HOL,298.15,,8,,5.54E-3,,
1,530,1,3,1,L-iditol(aq) + NAD(aq) = L-sorbose(aq) + NADH(aq),59HOL,298.15,,7,,4.23E-3,,
1,530,1,3,2,L-iditol(aq) + NAD(aq) = L-sorbose(aq) + NADH(aq),59HOL,298.15,,8,,4.23E-2,,
1,530,2,1,1,ribitol(aq) + NAD(aq) = D-ribulose(aq) + NADH(aq),59HOL,298.15,,7,,1.75E-4,,
1,530,2,1,2,ribitol(aq) + NAD(aq) = D-ribulose(aq) + NADH(aq),59HOL,298.15,,8,,1.75E-3,,
1,530,2,2,1,D-sorbitol(aq) + NAD(aq) = D-fructose(aq) + NADH(aq),59HOL,298.15,,7,,4.19E-3,,
1,530,2,2,2,D-sorbitol(aq) + NAD(aq) = D-fructose(aq) + NADH(aq),59HOL,298.15,,8,,4.19E-2,,
1,530,2,3,1,L-threitol(aq) + NAD(aq) = L-erythrulose(aq) + NADH(aq),59HOL,298.15,,7,,6.91E-5,,
1,530,2,3,2,L-threitol(aq) + NAD(aq) = L-erythrulose(aq) + NADH(aq),59HOL,298.15,,8,,6.91E-4,,
1,531,1,1,1,xylitol(aq) + NAD(aq) = D-xylulose(aq) + NADH(aq),59HOL,298.15,,7,,4.18E-4,,
1,531,1,1,2,xylitol(aq) + NAD(aq) = D-xylulose(aq) + NADH(aq),59HOL,298.15,,8,,4.18E-3,,
1,531,1,2,1,xylitol(aq) + NAD(aq) = D-xylulose(aq) + NADH(aq),81SUG/VEI,298.15,,9.5,,6.00E-2,,
1,531,1,3,1,xylitol(aq) + NAD(aq) = D-xylulose(aq) + NADH(aq),84DIT/KUB2,298.15,,7,,4.30E-4,,
1,531,1,4,1,xylitol(aq) + NAD(aq) = D-xylulose(aq) + NADH(aq),89RIZ/HAR,298.15,,7,,6.90E-4,,
1,531,2,1,1,xylitol(aq) + NADP(aq) = L-xylulose(aq) + NADPH(aq),57HOL/TOU,298.15,,7,,8.58E-4,,
1,531,2,1,2,xylitol(aq) + NADP(aq) = L-xylulose(aq) + NADPH(aq),57HOL/TOU,298.15,,8,,8.58E-3,,
1,531,2,2,1,xylitol(aq) + NADP(aq) = L-xylulose(aq) + NADPH(aq),59HOL,298.15,,7,,2.97E-4,,
1,531,2,2,2,xylitol(aq) + NADP(aq) = L-xylulose(aq) + NADPH(aq),59HOL,298.15,,8,,2.97E-3,,
1,531,2,2,3,xylitol(aq) + NADP(aq) = L-xylulose(aq) + NADPH(aq),59HOL,298.15,,8.24,,5.16E-3,,
1,532,1,1,1,galactitol(aq) + NAD(aq) = D-tagatose(aq) + NADH(aq),91SCH/GIF,298.15,,7,,1.30E-2,,
1,532,1,2,1,D-glucitol(aq) + NAD(aq) = D-fructose(aq) + NADH(aq),91SCH/GIF,298.15,,7,,3.20E-2,,
1,532,1,3,1,D-mannitol(aq) + NAD(aq) = D-fructose(aq) + NADH(aq),62CHA/VEI,296.15,,8.6,,1.43E0,,
1,532,1,4,1,ribitol(aq) + NAD(aq) = D-ribulose(aq) + NADH(aq),62CHA/VEI,296.15,,8.6,,1.79E-2,,
1,532,2,1,1,D-sorbitol(aq) + NAD(aq) = D-fructose(aq) + NADH(aq),51BLA,293.15,,8.6,,2.40E-1,,
1,532,2,2,1,D-sorbitol(aq) + NAD(aq) = D-fructose(aq) + NADH(aq),54WIL/BAN,298.15,,7,,2.05E-2,,
1,532,2,3,1,D-sorbitol(aq) + NAD(aq) = D-fructose(aq) + NADH(aq),62CHA/VEI,296.15,,8.6,,4.54E-1,,
1,533,1,1,1,xylitol(aq) + NAD(aq) = D-xylulose(aq) + NADH(aq),62CHA/VEI,296.15,,8.6,,2.10E-2,,
1,533,1,2,1,D-mannitol 1-phosphate(aq) + NAD(aq) = D-fructose 6-phosphate(aq) + NADH(aq),55WOL/KAP,298.15,,7,,5.00E-3,,
1,533,1,3,1,D-mannitol 1-phosphate(aq) + NAD(aq) = D-fructose 6-phosphate(aq) + NADH(aq),56WOL/KAP,296.15,,7,,4.90E-3,,
1,533,2,1,1,myo-inositol(aq) + NAD(aq) = 2-oxo-myo-inositol(aq) + NADH(aq),56LAR/JAC,303.15,,8.92,,2.70E-3,,
1,533,2,1,2,myo-inositol(aq) + NAD(aq) = 2-oxo-myo-inositol(aq) + NADH(aq),56LAR/JAC,303.15,,8.75,,1.30E-3,,
1,533,2,1,3,myo-inositol(aq) + NAD(aq) = 2-oxo-myo-inositol(aq) + NADH(aq),56LAR/JAC,303.15,,8.67,,1.30E-3,,
1,533,2,1,4,myo-inositol(aq) + NAD(aq) = 2-oxo-myo-inositol(aq) + NADH(aq),56LAR/JAC,303.15,,8.12,,3.70E-4,,
1,533,2,1,5,myo-inositol(aq) + NAD(aq) = 2-oxo-myo-inositol(aq) + NADH(aq),56LAR/JAC,303.15,,8.11,,6.70E-4,,
1,533,2,2,1,myo-inositol(aq) + NAD(aq) = 2-oxo-myo-inositol(aq) + NADH(aq),73VID/UDE,298.15,,8.3,,1.10E-3,,
1,533,2,2,2,myo-inositol(aq) + NAD(aq) = 2-oxo-myo-inositol(aq) + NADH(aq),73VID/UDE,298.15,,8.5,,1.70E-3,,
1,533,2,2,3,myo-inositol(aq) + NAD(aq) = 2-oxo-myo-inositol(aq) + NADH(aq),73VID/UDE,298.15,,9,,5.30E-3,,
1,533,2,2,4,myo-inositol(aq) + NAD(aq) = 2-oxo-myo-inositol(aq) + NADH(aq),73VID/UDE,298.15,,9.5,,1.70E-2,,
1,533,2,2,5,myo-inositol(aq) + NAD(aq) = 2-oxo-myo-inositol(aq) + NADH(aq),73VID/UDE,298.15,,9.8,,3.30E-2,,
1,533,2,3,1,xylitol(aq) + NADP(aq) = D-xylose(aq) + NADPH(aq),66SCH/HOR,298.15,,7.8,,2.10E-2,,
1,534,1,1,1,xylitol(aq) + NADP(aq) = D-xylose(aq) + NADPH(aq),84DIT/KUB1,298.15,,7.5,,3.20E-3,,
1,534,1,2,1,quinate(aq) + NAD(aq) = 5-dehydroquinate(aq) + NADH(aq),55DAV/GIL,305.15,,7.2,,4.61E-3,,
1,534,1,3,1,shikimate(aq) + NADP(aq) = 5-dehydroshikimate(aq) + NADPH(aq),55DAV/GIL,303.15,,7,,3.60E-2,,
1,534,1,3,2,shikimate(aq) + NADP(aq) = 5-dehydroshikimate(aq) + NADPH(aq),55DAV/GIL,303.15,,7.8,,1.80E-1,,
1,534,2,1,1,shikimate(aq) + NADP(aq) = 5-dehydroshikimate(aq) + NADPH(aq),55YAN/GIL,303.15,,7,,3.61E-2,,
1,534,2,1,2,shikimate(aq) + NADP(aq) = 5-dehydroshikimate(aq) + NADPH(aq),55YAN/GIL,303.15,,7.9,,1.75E-1,,
1,534,2,2,1,shikimate(aq) + NADP(aq) = 5-dehydroshikimate(aq) + NADPH(aq),70BAL/DEN,298.15,,7.6,,9.70E-2,,
1,534,2,3,1,(R)-glycerate(aq) + NAD(aq) = hydroxypyruvate(aq) + NADH(aq),55ZEL,298.15,,7,,2.71E-6,,
1,534,2,3,2,(R)-glycerate(aq) + NAD(aq) = hydroxypyruvate(aq) + NADH(aq),55ZEL,298.15,,7.5,,1.31E-5,,
1,534,2,3,3,(R)-glycerate(aq) + NAD(aq) = hydroxypyruvate(aq) + NADH(aq),55ZEL,298.15,,8,,3.24E-5,,
1,534,2,3,4,(R)-glycerate(aq) + NAD(aq) = hydroxypyruvate(aq) + NADH(aq),55ZEL,298.15,,8.1,,5.60E-5,,
1,534,2,3,5,(R)-glycerate(aq) + NAD(aq) = hydroxypyruvate(aq) + NADH(aq),55ZEL,298.15,,8.85,,2.55E-4,,
1,534,2,3,6,(R)-glycerate(aq) + NAD(aq) = hydroxypyruvate(aq) + NADH(aq),55ZEL,298.15,,9.2,,4.81E-4,,
1,535,1,1,1,(R)-glycerate(aq) + NAD(aq) = hydroxypyruvate(aq) + NADH(aq),68KOH/JAK2,298.15,,8.03,,7.20E-5,,
1,535,1,1,2,(R)-glycerate(aq) + NAD(aq) = hydroxypyruvate(aq) + NADH(aq),68KOH/JAK2,298.15,,8.85,,7.00E-4,,
1,535,1,1,3,(R)-glycerate(aq) + NAD(aq) = hydroxypyruvate(aq) + NADH(aq),68KOH/JAK2,298.15,,9.08,,1.20E-3,,
1,535,1,2,1,(R)-glycerate(aq) + NAD(aq) = hydroxypyruvate(aq) + NADH(aq),68KOH/WAR,298.15,,8.83,,4.00E-4,,buffer=Tris+HCl
1,535,1,2,2,(R)-glycerate(aq) + NAD(aq) = hydroxypyruvate(aq) + NADH(aq),68KOH/WAR,298.15,,8.5,,2.30E-4,,buffer=Tris+HCl
1,535,1,2,3,(R)-glycerate(aq) + NAD(aq) = hydroxypyruvate(aq) + NADH(aq),68KOH/WAR,298.15,,8.15,,7.40E-5,,buffer=Tris+HCl
1,535,1,2,4,(R)-glycerate(aq) + NAD(aq) = hydroxypyruvate(aq) + NADH(aq),68KOH/WAR,298.15,,8.5,,2.30E-4,,buffer=phosphate
1,535,1,3,1,glycolate(aq) + NAD(aq) = glyoxylate(aq) + NADH(aq),55ZEL,298.15,,7.82,,1.03E-7,,
1,535,1,3,2,glycolate(aq) + NAD(aq) = glyoxylate(aq) + NADH(aq),55ZEL,298.15,,7.83,,9.29E-8,,
1,535,1,3,3,glycolate(aq) + NAD(aq) = glyoxylate(aq) + NADH(aq),55ZEL,298.15,,7.85,,1.20E-7,,
1,535,1,3,4,glycolate(aq) + NAD(aq) = glyoxylate(aq) + NADH(aq),55ZEL,298.15,,8,,2.92E-7,,
1,535,1,3,5,glycolate(aq) + NAD(aq) = glyoxylate(aq) + NADH(aq),55ZEL,298.15,,8.1,,2.33E-7,,
1,535,1,3,6,glycolate(aq) + NAD(aq) = glyoxylate(aq) + NADH(aq),55ZEL,298.15,,8.3,,3.30E-7,,
1,535,1,3,7,glycolate(aq) + NAD(aq) = glyoxylate(aq) + NADH(aq),55ZEL,298.15,,8.4,,3.05E-7,,
1,535,2,1,1,glycolate(aq) + NAD(aq) = glyoxylate(aq) + NADH(aq),66CAR/HUL,298.15,,8,,7.60E-10,,
1,535,2,1,2,glycolate(aq) + NAD(aq) = glyoxylate(aq) + NADH(aq),66CAR/HUL,298.15,,8.05,,6.40E-10,,
1,535,2,1,3,glycolate(aq) + NAD(aq) = glyoxylate(aq) + NADH(aq),66CAR/HUL,298.15,,8.07,,5.20E-10,,
1,535,2,1,4,glycolate(aq) + NAD(aq) = glyoxylate(aq) + NADH(aq),66CAR/HUL,298.15,,8.09,,5.20E-10,,
1,535,2,1,5,glycolate(aq) + NAD(aq) = glyoxylate(aq) + NADH(aq),66CAR/HUL,298.15,,8.12,,1.08E-9,,
1,535,2,2,1,glycolate(aq) + NAD(aq) = glyoxylate(aq) + NADH(aq),68KOH/JAK2,298.15,,8,,2.40E-7,,
1,535,2,3,1,glycolate(aq) + NAD(aq) = glyoxylate(aq) + NADH(aq),70KOH/WAR,298.15,,8.83,,1.80E-6,,buffer=Tris+HCl
1,535,2,3,2,glycolate(aq) + NAD(aq) = glyoxylate(aq) + NADH(aq),70KOH/WAR,298.15,,8.5,,7.30E-7,,buffer=Tris+HCl
1,535,2,3,3,glycolate(aq) + NAD(aq) = glyoxylate(aq) + NADH(aq),70KOH/WAR,298.15,,8.5,,9.30E-7,,buffer=phosphate
1,536,1,1,1,glycolate(aq) + NAD(aq) = glyoxylate(aq) + NADH(aq),69LAN/DEK,298.65,,8,,1.00E-1,,
1,536,1,1,2,glycolate(aq) + NAD(aq) = glyoxylate(aq) + NADH(aq),69LAN/DEK,298.65,,9,,1.00E0,,
1,536,1,2,1,2-hydroxybutanoate(aq) + NAD(aq) = 2-oxobutanoate(aq) + NADH(aq),69LAN/DEK,298.65,,8,,3.00E-3,,
1,536,1,2,2,2-hydroxybutanoate(aq) + NAD(aq) = 2-oxobutanoate(aq) + NADH(aq),69LAN/DEK,298.65,,8,,3.00E-2,,[TODO: check in primary literature; this is probably a typo; pH should probably be 9.0?]
1,536,1,3,1,"2,4-dihydroxybutanoate(aq) + NAD(aq) = 2-oxo-4-hydroxybutanoate(aq) + NADH(aq)",69LAN/DEK,298.65,,8,,1.20E-2,,
1,536,1,3,2,"2,4-dihydroxybutanoate(aq) + NAD(aq) = 2-oxo-4-hydroxybutanoate(aq) + NADH(aq)",69LAN/DEK,298.65,,9,,1.20E-1,,
1,536,2,1,1,(S)-lactate(aq) + NAD(aq) = pyruvate(aq) + NADH(aq),37EUL/ADL,298.15,,7.58,,7.70E-5,,
1,536,2,1,2,(S)-lactate(aq) + NAD(aq) = pyruvate(aq) + NADH(aq),37EUL/ADL,298.15,,7.61,,8.30E-5,,
1,536,2,1,3,(S)-lactate(aq) + NAD(aq) = pyruvate(aq) + NADH(aq),37EUL/ADL,298.15,,8.38,,1.10E-3,,
1,536,2,1,4,(S)-lactate(aq) + NAD(aq) = pyruvate(aq) + NADH(aq),37EUL/ADL,298.15,,8.51,,1.40E-3,,
1,536,2,1,5,(S)-lactate(aq) + NAD(aq) = pyruvate(aq) + NADH(aq),37EUL/ADL,298.15,,8.82,,2.00E-3,,
1,536,2,1,6,(S)-lactate(aq) + NAD(aq) = pyruvate(aq) + NADH(aq),37EUL/ADL,298.15,,8.83,,2.50E-3,,
1,536,2,2,1,(S)-lactate(aq) + NAD(aq) = pyruvate(aq) + NADH(aq),37EUL/ADL3,298.15,,7.4,,9.60E-6,,
1,536,2,2,2,(S)-lactate(aq) + NAD(aq) = pyruvate(aq) + NADH(aq),37EUL/ADL3,298.15,,7.4,,7.10E-6,,
1,536,2,2,3,(S)-lactate(aq) + NAD(aq) = pyruvate(aq) + NADH(aq),37EUL/ADL3,298.15,,7.9,,3.10E-5,,
1,536,2,2,4,(S)-lactate(aq) + NAD(aq) = pyruvate(aq) + NADH(aq),37EUL/ADL3,298.15,,8.1,,5.00E-5,,
1,536,2,2,5,(S)-lactate(aq) + NAD(aq) = pyruvate(aq) + NADH(aq),37EUL/ADL3,298.15,,8.2,,2.00E-4,,
1,536,2,2,6,(S)-lactate(aq) + NAD(aq) = pyruvate(aq) + NADH(aq),37EUL/ADL3,298.15,,8.3,,2.90E-4,,
1,536,2,2,7,(S)-lactate(aq) + NAD(aq) = pyruvate(aq) + NADH(aq),37EUL/ADL3,298.15,,8.35,,2.90E-4,,
1,536,2,2,8,(S)-lactate(aq) + NAD(aq) = pyruvate(aq) + NADH(aq),37EUL/ADL3,298.15,,8.7,,1.50E-4,,
1,536,2,2,9,(S)-lactate(aq) + NAD(aq) = pyruvate(aq) + NADH(aq),37EUL/ADL3,298.15,,8.9,,3.30E-4,,
1,536,2,3,1,(S)-lactate(aq) + NAD(aq) = pyruvate(aq) + NADH(aq),43KUB/OTT,295.15,,7.4,,6.00E-5,,
1,537,1,1,1,(S)-lactate(aq) + NAD(aq) = pyruvate(aq) + NADH(aq),50RAC,298.15,,7.5,,1.39E-4,,
1,537,1,1,2,(S)-lactate(aq) + NAD(aq) = pyruvate(aq) + NADH(aq),50RAC,298.15,,8,,4.40E-4,,
1,537,1,1,3,(S)-lactate(aq) + NAD(aq) = pyruvate(aq) + NADH(aq),50RAC,298.15,,8.5,,1.39E-3,,
1,537,1,1,4,(S)-lactate(aq) + NAD(aq) = pyruvate(aq) + NADH(aq),50RAC,298.15,,9,,4.40E-3,,
1,537,1,2,1,(S)-lactate(aq) + NAD(aq) = pyruvate(aq) + NADH(aq),52NEI,298.15,,7,,2.30E-5,,
1,537,1,2,2,(S)-lactate(aq) + NAD(aq) = pyruvate(aq) + NADH(aq),52NEI,298.15,,8,,3.30E-4,,
1,537,1,2,3,(S)-lactate(aq) + NAD(aq) = pyruvate(aq) + NADH(aq),52NEI,298.15,,9,,3.00E-3,,
1,537,1,2,4,(S)-lactate(aq) + NAD(aq) = pyruvate(aq) + NADH(aq),52NEI,298.15,,10,,4.40E-2,,
1,537,1,3,1,(S)-lactate(aq) + NAD(aq) = pyruvate(aq) + NADH(aq),56HAK/GLA,289.15,,6.8,,9.78E-6,,
1,537,1,3,2,(S)-lactate(aq) + NAD(aq) = pyruvate(aq) + NADH(aq),56HAK/GLA,298.15,,6.8,,1.74E-5,,
1,537,1,3,3,(S)-lactate(aq) + NAD(aq) = pyruvate(aq) + NADH(aq),56HAK/GLA,308.15,,6.8,,3.24E-5,,
1,537,2,1,1,(S)-lactate(aq) + NAD(aq) = pyruvate(aq) + NADH(aq),56KAP/CIO,303.15,,9,,1.20E-3,,
1,537,2,2,1,(S)-lactate(aq) + NAD(aq) = pyruvate(aq) + NADH(aq),57HOH,298.15,,9.5,,1.73E-2,,
1,537,2,3,1,(S)-lactate(aq) + NAD(aq) = pyruvate(aq) + NADH(aq),65DAW/DIC,298.15,,9,,2.40E-3,,
1,537,2,4,1,(S)-lactate(aq) + NAD(aq) = pyruvate(aq) + NADH(aq),67WIL/LUN,311.15,0.258,7,,1.11E-4,,
1,537,2,4,2,(S)-lactate(aq) + NAD(aq) = pyruvate(aq) + NADH(aq),67WIL/LUN,311.15,0.138,7,,1.02E-4,,
1,537,2,4,3,(S)-lactate(aq) + NAD(aq) = pyruvate(aq) + NADH(aq),67WIL/LUN,311.15,0.077,7,,9.67E-5,,
1,537,2,4,4,(S)-lactate(aq) + NAD(aq) = pyruvate(aq) + NADH(aq),67WIL/LUN,311.15,0.045,7,,9.36E-5,,
1,538,1,1,1,(S)-lactate(aq) + NAD(aq) = pyruvate(aq) + NADH(aq),69LAN/DEK,298.65,,8,,4.80E-4,,
1,538,1,1,2,(S)-lactate(aq) + NAD(aq) = pyruvate(aq) + NADH(aq),69LAN/DEK,298.65,,9,,4.80E-3,,
1,538,1,2,1,(S)-lactate(aq) + NAD(aq) = pyruvate(aq) + NADH(aq),75DON/BAR,298.15,,7.5,,,61.9,
1,538,1,3,1,(S)-lactate(aq) + NAD(aq) = pyruvate(aq) + NADH(aq),79SCH/HIN,283.15,,7,,,56.56,
1,538,1,3,2,(S)-lactate(aq) + NAD(aq) = pyruvate(aq) + NADH(aq),79SCH/HIN,298.15,,7,,,54.58,
1,538,1,3,3,(S)-lactate(aq) + NAD(aq) = pyruvate(aq) + NADH(aq),79SCH/HIN,308.15,,7,,,56.27,
1,538,1,4,1,(S)-lactate(aq) + NAD(aq) = pyruvate(aq) + NADH(aq),80COO/BLA,298.15,,8,,4.50E-4,,
1,538,2,1,1,(S)-lactate(aq) + AP-NAD(aq) = pyruvate(aq) + AP-NADH(aq),56KAP/CIO,303.15,,9,,2.70E-1,,
1,538,2,2,1,(R)-lactate(aq) + NAD(aq) = pyruvate(aq) + NADH(aq),55KAT,298.15,,7.3,,,44.4,
1,538,2,3,1,(R)-lactate(aq) + NAD(aq) = pyruvate(aq) + NADH(aq),86MEI/GAD,298.15,,7,,1.40E-5,,
1,539,1,1,1,(R)-glycerate(aq) + NAD(aq) = hydroxypyruvate(aq) + NADH(aq),57HOL/HOL,296.15,,7,,3.70E-6,,c(MgCl2) = 0 M
1,539,1,1,2,(R)-glycerate(aq) + NAD(aq) = hydroxypyruvate(aq) + NADH(aq),57HOL/HOL,296.15,,7.4,,8.57E-6,,c(MgCl2) = 0 M
1,539,1,1,3,(R)-glycerate(aq) + NAD(aq) = hydroxypyruvate(aq) + NADH(aq),57HOL/HOL,296.15,,7.8,,2.49E-5,,c(MgCl2) = 0 M
1,539,1,1,4,(R)-glycerate(aq) + NAD(aq) = hydroxypyruvate(aq) + NADH(aq),57HOL/HOL,296.15,,8,,2.73E-5,,c(MgCl2) = 0 M
1,539,1,1,5,(R)-glycerate(aq) + NAD(aq) = hydroxypyruvate(aq) + NADH(aq),57HOL/HOL,296.15,,8.4,,9.34E-5,,c(MgCl2) = 0 M
1,539,1,1,6,(R)-glycerate(aq) + NAD(aq) = hydroxypyruvate(aq) + NADH(aq),57HOL/HOL,296.15,,8.8,,1.63E-4,,c(MgCl2) = 0 M
1,539,1,1,7,(R)-glycerate(aq) + NAD(aq) = hydroxypyruvate(aq) + NADH(aq),57HOL/HOL,296.15,,9,,4.65E-4,,c(MgCl2) = 0 M
1,539,1,1,8,(R)-glycerate(aq) + NAD(aq) = hydroxypyruvate(aq) + NADH(aq),57HOL/HOL,296.15,,9.4,,7.10E-4,,c(MgCl2) = 0 M
1,539,1,2,1,(R)-glycerate(aq) + NAD(aq) = hydroxypyruvate(aq) + NADH(aq),65DAW/DIC,298.15,,9,,6.10E-5,,c(MgCl2) = 0 M
1,539,2,1,1,(R)-glycerate(aq) + NAD(aq) = hydroxypyruvate(aq) + NADH(aq),82GUY,298.15,0.25,6.41,,1.09E-6,,c(MgCl2) = 0 M
1,539,2,1,2,(R)-glycerate(aq) + NAD(aq) = hydroxypyruvate(aq) + NADH(aq),82GUY,298.15,0.25,6.99,,3.79E-6,,c(MgCl2) = 0 M
1,539,2,1,3,(R)-glycerate(aq) + NAD(aq) = hydroxypyruvate(aq) + NADH(aq),82GUY,298.15,0.25,6.96,,3.36E-6,,c(MgCl2) = 0 M
1,539,2,1,4,(R)-glycerate(aq) + NAD(aq) = hydroxypyruvate(aq) + NADH(aq),82GUY,298.15,0.25,7.22,,6.91E-6,,c(MgCl2) = 0 M
1,539,2,1,5,(R)-glycerate(aq) + NAD(aq) = hydroxypyruvate(aq) + NADH(aq),82GUY,298.15,0.25,7.72,,2.22E-5,,c(MgCl2) = 0 M
1,539,2,1,6,(R)-glycerate(aq) + NAD(aq) = hydroxypyruvate(aq) + NADH(aq),82GUY,298.15,0.25,7.72,,2.17E-5,,c(MgCl2) = 0 M
1,539,2,1,7,(R)-glycerate(aq) + NAD(aq) = hydroxypyruvate(aq) + NADH(aq),82GUY,298.15,0.25,7.8,,3.28E-5,,c(MgCl2) = 0 M
1,539,2,1,8,(R)-glycerate(aq) + NAD(aq) = hydroxypyruvate(aq) + NADH(aq),82GUY,298.15,0.25,6.41,,1.15E-6,,c(MgCl2) = 0 M
1,539,2,1,9,(R)-glycerate(aq) + NAD(aq) = hydroxypyruvate(aq) + NADH(aq),82GUY,298.15,0.25,6.49,,9.49E-7,,c(MgCl2) = 0 M
1,539,2,1,10,(R)-glycerate(aq) + NAD(aq) = hydroxypyruvate(aq) + NADH(aq),82GUY,298.15,0.25,7.03,,4.54E-6,,c(MgCl2) = 0 M
1,539,2,1,11,(R)-glycerate(aq) + NAD(aq) = hydroxypyruvate(aq) + NADH(aq),82GUY,298.15,0.25,7.03,,4.36E-6,,c(MgCl2) = 0 M
1,539,2,1,12,(R)-glycerate(aq) + NAD(aq) = hydroxypyruvate(aq) + NADH(aq),82GUY,298.15,0.25,6.98,,5.44E-6,,c(MgCl2) = 0 M
1,539,2,1,13,(R)-glycerate(aq) + NAD(aq) = hydroxypyruvate(aq) + NADH(aq),82GUY,298.15,0.25,6.98,,5.53E-6,,c(MgCl2) = 0 M
1,539,2,1,14,(R)-glycerate(aq) + NAD(aq) = hydroxypyruvate(aq) + NADH(aq),82GUY,298.15,0.25,8.05,,6.10E-5,,c(MgCl2) = 0 M
1,539,2,1,15,(R)-glycerate(aq) + NAD(aq) = hydroxypyruvate(aq) + NADH(aq),82GUY,298.15,0.25,6.98,,4.11E-6,,c(MgCl2) = 0 M
1,539,2,1,16,(R)-glycerate(aq) + NAD(aq) = hydroxypyruvate(aq) + NADH(aq),82GUY,298.15,0.25,6.98,,3.82E-6,,c(MgCl2) = 0 M
1,539,2,1,17,(R)-glycerate(aq) + NAD(aq) = hydroxypyruvate(aq) + NADH(aq),82GUY,298.15,0.25,6.98,,3.84E-6,,c(MgCl2) = 0 M
1,539,2,1,18,(R)-glycerate(aq) + NAD(aq) = hydroxypyruvate(aq) + NADH(aq),82GUY,298.15,0.25,6.96,,3.72E-6,,c(MgCl2) = 0 M
1,539,2,1,19,(R)-glycerate(aq) + NAD(aq) = hydroxypyruvate(aq) + NADH(aq),82GUY,298.15,0.25,6.98,,3.77E-6,,c(MgCl2) = 0 M
1,539,2,1,20,(R)-glycerate(aq) + NAD(aq) = hydroxypyruvate(aq) + NADH(aq),82GUY,298.15,0.25,6.98,,4.19E-6,,c(MgCl2) = 0 M
1,539,2,1,21,(R)-glycerate(aq) + NAD(aq) = hydroxypyruvate(aq) + NADH(aq),82GUY,298.15,0.25,6.98,,4.22E-6,,c(MgCl2) = 0 M
1,539,2,1,22,(R)-glycerate(aq) + NAD(aq) = hydroxypyruvate(aq) + NADH(aq),82GUY,298.15,0.25,6.97,,4.13E-6,,c(MgCl2) = 0 M
1,539,2,1,23,(R)-glycerate(aq) + NAD(aq) = hydroxypyruvate(aq) + NADH(aq),82GUY,311.15,0.0595,7,,3.80E-6,,c(MgCl2) = 0 M
1,539,2,1,24,(R)-glycerate(aq) + NAD(aq) = hydroxypyruvate(aq) + NADH(aq),82GUY,311.15,0.5,7,,4.52E-6,,c(MgCl2) = 0 M
1,539,2,1,25,(R)-glycerate(aq) + NAD(aq) = hydroxypyruvate(aq) + NADH(aq),82GUY,311.15,1,7,,5.40E-6,,c(MgCl2) = 0 M
1,539,2,1,26,(R)-glycerate(aq) + NAD(aq) = hydroxypyruvate(aq) + NADH(aq),82GUY,311.15,0.25,7,2.52,4.19E-6,,c(MgCl2) = 0.0030 M
1,539,2,1,27,(R)-glycerate(aq) + NAD(aq) = hydroxypyruvate(aq) + NADH(aq),82GUY,311.15,0.25,7,2,4.36E-6,,c(MgCl2) = 0.010 M
1,539,2,1,28,(R)-glycerate(aq) + NAD(aq) = hydroxypyruvate(aq) + NADH(aq),82GUY,303.15,0.25,7,,2.64E-6,,c(MgCl2) = 0 M
1,539,2,1,29,(R)-glycerate(aq) + NAD(aq) = hydroxypyruvate(aq) + NADH(aq),82GUY,298.15,0.25,7,,1.98E-6,,c(MgCl2) = 0 M
,,,,,,,,,,,,,
1,539,2,2,1,(R)-3-hydroxybutanoate(aq) + NAD(aq) = 3-oxobutanoate(aq) + NADH(aq),53LYN/OCH,298.15,,7,,1.90E-3,,
1,540,1,1,1,(R)-3-hydroxybutanoate(aq) + NAD(aq) = 3-oxobutanoate(aq) + NADH(aq),61DOU/MER,305.15,,8,,1.30E-1,,
1,540,1,2,1,(R)-3-hydroxybutanoate(aq) + NAD(aq) = 3-oxobutanoate(aq) + NADH(aq),62KRE/MEL,298.15,,8.7,,6.09E-1,,buffer=Tris
1,540,1,2,2,(R)-3-hydroxybutanoate(aq) + NAD(aq) = 3-oxobutanoate(aq) + NADH(aq),62KRE/MEL,298.15,,8.55,,4.17E-1,,buffer=Tris
1,540,1,2,3,(R)-3-hydroxybutanoate(aq) + NAD(aq) = 3-oxobutanoate(aq) + NADH(aq),62KRE/MEL,298.15,,8.1,,1.93E-1,,buffer=Tris
1,540,1,2,4,(R)-3-hydroxybutanoate(aq) + NAD(aq) = 3-oxobutanoate(aq) + NADH(aq),62KRE/MEL,298.15,,7.7,,7.72E-2,,buffer=Tris
1,540,1,2,5,(R)-3-hydroxybutanoate(aq) + NAD(aq) = 3-oxobutanoate(aq) + NADH(aq),62KRE/MEL,298.15,,7.6,,5.20E-2,,buffer=Tris
1,540,1,2,6,(R)-3-hydroxybutanoate(aq) + NAD(aq) = 3-oxobutanoate(aq) + NADH(aq),62KRE/MEL,298.15,,7.4,,3.35E-2,,buffer=Tris
1,540,1,2,7,(R)-3-hydroxybutanoate(aq) + NAD(aq) = 3-oxobutanoate(aq) + NADH(aq),62KRE/MEL,298.15,,7.05,,1.94E-2,,buffer=phosphate
1,540,1,2,8,(R)-3-hydroxybutanoate(aq) + NAD(aq) = 3-oxobutanoate(aq) + NADH(aq),62KRE/MEL,298.15,,7,,1.46E-2,,buffer=phosphate
1,540,1,3,1,(R)-3-hydroxybutanoate(aq) + NAD(aq) = 3-oxobutanoate(aq) + NADH(aq),62SHU/DOU,305.15,,8,,1.30E-1,,
1,540,2,1,1,(R)-3-hydroxybutanoate(aq) + NAD(aq) = 3-oxobutanoate(aq) + NADH(aq),67WIL/LUN,311.15,0.255,7,,4.94E-2,,
1,540,2,1,2,(R)-3-hydroxybutanoate(aq) + NAD(aq) = 3-oxobutanoate(aq) + NADH(aq),67WIL/LUN,311.15,0.134,7.04,,5.26E-2,,
1,540,2,1,3,(R)-3-hydroxybutanoate(aq) + NAD(aq) = 3-oxobutanoate(aq) + NADH(aq),67WIL/LUN,311.15,0.073,7.09,,5.61E-2,,
1,540,2,1,4,(R)-3-hydroxybutanoate(aq) + NAD(aq) = 3-oxobutanoate(aq) + NADH(aq),67WIL/LUN,311.15,0.042,7.1,,4.82E-2,,
1,540,2,2,1,(R)-3-hydroxybutanoate(aq) + NAD(aq) = 3-oxobutanoate(aq) + NADH(aq),86KON/POL,298.15,,9.15,,1.66E0,,
1,540,2,3,1,3-hydroxy-2-methylpropanoate(aq) + NAD(aq) = 2-methyl-3-oxopropanoate(aq) + NADH(aq),57ROB/COO,298.15,,8,,3.10E-3,,
1,540,2,3,2,3-hydroxy-2-methylpropanoate(aq) + NAD(aq) = 2-methyl-3-oxopropanoate(aq) + NADH(aq),57ROB/COO,298.15,,9,,3.60E-2,,
1,540,2,3,3,3-hydroxy-2-methylpropanoate(aq) + NAD(aq) = 2-methyl-3-oxopropanoate(aq) + NADH(aq),57ROB/COO,298.15,,10,,1.20E-1,,
1,541,1,1,1,(S)-3-hydroxybutanoyl-CoA(aq) + NAD(aq) = 3-oxobutanoyl-CoA(aq) + NADH(aq),54WAK/GRE,298.15,,7,,6.30E-4,,
1,541,1,1,2,(S)-3-hydroxybutanoyl-CoA(aq) + NAD(aq) = 3-oxobutanoyl-CoA(aq) + NADH(aq),54WAK/GRE,298.15,,8,,6.30E-3,,
1,541,1,1,3,(S)-3-hydroxybutanoyl-CoA(aq) + NAD(aq) = 3-oxobutanoyl-CoA(aq) + NADH(aq),54WAK/GRE,298.15,,9,,6.30E-2,,
1,541,1,1,4,(S)-3-hydroxybutanoyl-CoA(aq) + NAD(aq) = 3-oxobutanoyl-CoA(aq) + NADH(aq),54WAK/GRE,298.15,,10,,6.30E-1,,
1,541,1,2,1,(S)-3-hydroxybutanoyl-CoA(aq) + NAD(aq) = 3-oxobutanoyl-CoA(aq) + NADH(aq),55LYN/WIE,298.15,,7.8,,1.20E-2,,
1,541,1,3,1,(S)-3-hydroxybutanoyl-CoA(aq) + NAD(aq) = 3-oxobutanoyl-CoA(aq) + NADH(aq),57STE,298.15,,9.6,,8.60E-1,,
1,541,2,1,1,(S)-3-hydroxyhexanoyl-CoA(aq) + NAD(aq) = 3-oxohexanoyl-CoA(aq) + NADH(aq),54WAK/GRE,298.15,,7,,2.50E-4,,
1,541,2,1,2,(S)-3-hydroxyhexanoyl-CoA(aq) + NAD(aq) = 3-oxohexanoyl-CoA(aq) + NADH(aq),54WAK/GRE,298.15,,8,,2.50E-3,,
1,541,2,1,3,(S)-3-hydroxyhexanoyl-CoA(aq) + NAD(aq) = 3-oxohexanoyl-CoA(aq) + NADH(aq),54WAK/GRE,298.15,,9,,2.50E-2,,
1,541,2,1,4,(S)-3-hydroxyhexanoyl-CoA(aq) + NAD(aq) = 3-oxohexanoyl-CoA(aq) + NADH(aq),54WAK/GRE,298.15,,10,,2.50E-1,,
1,541,2,2,1,(S)-malate(aq) + NAD(aq) = oxaloacetate(aq) + NADH(aq),37EUL/ADL,298.15,,7.46,,2.30E-5,,
1,541,2,2,2,(S)-malate(aq) + NAD(aq) = oxaloacetate(aq) + NADH(aq),37EUL/ADL,298.15,,7.54,,3.50E-5,,
1,541,2,2,3,(S)-malate(aq) + NAD(aq) = oxaloacetate(aq) + NADH(aq),37EUL/ADL,298.15,,7.71,,5.00E-5,,
1,541,2,2,4,(S)-malate(aq) + NAD(aq) = oxaloacetate(aq) + NADH(aq),37EUL/ADL,298.15,,7.85,,1.10E-4,,
1,541,2,2,5,(S)-malate(aq) + NAD(aq) = oxaloacetate(aq) + NADH(aq),37EUL/ADL,298.15,,8.33,,2.00E-4,,
1,541,2,2,6,(S)-malate(aq) + NAD(aq) = oxaloacetate(aq) + NADH(aq),37EUL/ADL,298.15,,8.44,,5.00E-4,,
1,541,2,2,7,(S)-malate(aq) + NAD(aq) = oxaloacetate(aq) + NADH(aq),37EUL/ADL,298.15,,8.49,,6.30E-4,,
1,541,2,3,1,(S)-malate(aq) + NAD(aq) = oxaloacetate(aq) + NADH(aq),52STE/OCH,295.15,,6.05,,1.34E-6,,
1,541,2,3,2,(S)-malate(aq) + NAD(aq) = oxaloacetate(aq) + NADH(aq),52STE/OCH,295.15,,6.55,,5.55E-6,,
1,541,2,3,3,(S)-malate(aq) + NAD(aq) = oxaloacetate(aq) + NADH(aq),52STE/OCH,295.15,,7.2,,2.33E-5,,
1,541,2,3,4,(S)-malate(aq) + NAD(aq) = oxaloacetate(aq) + NADH(aq),52STE/OCH,295.15,,7.75,,6.94E-5,,
1,541,2,3,5,(S)-malate(aq) + NAD(aq) = oxaloacetate(aq) + NADH(aq),52STE/OCH,295.15,,8.3,,2.08E-4,,
1,541,2,3,6,(S)-malate(aq) + NAD(aq) = oxaloacetate(aq) + NADH(aq),52STE/OCH,295.15,,9.95,,6.76E-3,,
1,542,1,1,1,(S)-malate(aq) + NAD(aq) = oxaloacetate(aq) + NADH(aq),53BUR/WIL,298.15,,8.83,,5.31E-4,,
1,542,1,1,2,(S)-malate(aq) + NAD(aq) = oxaloacetate(aq) + NADH(aq),53BUR/WIL,298.15,,8.87,,5.30E-4,,
1,542,1,1,3,(S)-malate(aq) + NAD(aq) = oxaloacetate(aq) + NADH(aq),53BUR/WIL,298.15,,8.95,,6.92E-4,,
1,542,1,1,4,(S)-malate(aq) + NAD(aq) = oxaloacetate(aq) + NADH(aq),53BUR/WIL,298.15,,8.63,,3.60E-4,,
1,542,1,1,5,(S)-malate(aq) + NAD(aq) = oxaloacetate(aq) + NADH(aq),53BUR/WIL,298.15,,8.85,,6.37E-4,,
1,542,1,1,6,(S)-malate(aq) + NAD(aq) = oxaloacetate(aq) + NADH(aq),53BUR/WIL,298.15,,8.87,,5.17E-4,,
1,542,1,1,7,(S)-malate(aq) + NAD(aq) = oxaloacetate(aq) + NADH(aq),53BUR/WIL,298.15,,8.89,,5.23E-4,,
1,542,1,1,8,(S)-malate(aq) + NAD(aq) = oxaloacetate(aq) + NADH(aq),53BUR/WIL,298.15,,8.86,,5.23E-4,,
1,542,1,1,9,(S)-malate(aq) + NAD(aq) = oxaloacetate(aq) + NADH(aq),53BUR/WIL,298.15,,8.81,,4.66E-4,,
1,542,1,1,10,(S)-malate(aq) + NAD(aq) = oxaloacetate(aq) + NADH(aq),53BUR/WIL,298.15,,8.78,,4.35E-4,,
1,542,1,1,11,(S)-malate(aq) + NAD(aq) = oxaloacetate(aq) + NADH(aq),53BUR/WIL,298.15,,8.75,,4.46E-4,,
1,542,1,1,12,(S)-malate(aq) + NAD(aq) = oxaloacetate(aq) + NADH(aq),53BUR/WIL,298.15,,8.83,,5.04E-4,,
1,542,1,1,13,(S)-malate(aq) + NAD(aq) = oxaloacetate(aq) + NADH(aq),53BUR/WIL,298.15,,8.19,,1.06E-4,,
1,542,1,1,14,(S)-malate(aq) + NAD(aq) = oxaloacetate(aq) + NADH(aq),53BUR/WIL,298.15,,8.08,,8.18E-5,,
1,542,1,1,15,(S)-malate(aq) + NAD(aq) = oxaloacetate(aq) + NADH(aq),53BUR/WIL,298.15,,7.55,,2.75E-5,,
1,542,1,2,1,(S)-malate(aq) + NAD(aq) = oxaloacetate(aq) + NADH(aq),62RAV/WOL,298.15,,8,,1.03E-4,,
1,542,1,3,1,(S)-malate(aq) + NAD(aq) = oxaloacetate(aq) + NADH(aq),62RAV/WOL2,298.15,,8,,1.04E-4,,
1,542,2,1,1,(S)-malate(aq) + NAD(aq) = oxaloacetate(aq) + NADH(aq),65YOS,298.15,,8.06,,9.76E-4,,
1,542,2,1,2,(S)-malate(aq) + NAD(aq) = oxaloacetate(aq) + NADH(aq),65YOS,298.15,,8.7,,3.67E-3,,
1,542,2,2,1,(S)-malate(aq) + NAD(aq) = oxaloacetate(aq) + NADH(aq),66BER/MOE,298.15,,7.37,,2.43E-5,,
1,542,2,2,2,(S)-malate(aq) + NAD(aq) = oxaloacetate(aq) + NADH(aq),66BER/MOE,298.15,,7.54,,3.49E-5,,
1,542,2,2,3,(S)-malate(aq) + NAD(aq) = oxaloacetate(aq) + NADH(aq),66BER/MOE,298.15,,7.68,,4.74E-5,,
1,542,2,2,4,(S)-malate(aq) + NAD(aq) = oxaloacetate(aq) + NADH(aq),66BER/MOE,298.15,,7.76,,6.19E-5,,
1,542,2,2,5,(S)-malate(aq) + NAD(aq) = oxaloacetate(aq) + NADH(aq),66BER/MOE,298.15,,7.87,,7.67E-5,,
1,542,2,2,6,(S)-malate(aq) + NAD(aq) = oxaloacetate(aq) + NADH(aq),66BER/MOE,298.15,,7.99,,1.01E-4,,
1,542,2,2,7,(S)-malate(aq) + NAD(aq) = oxaloacetate(aq) + NADH(aq),66BER/MOE,298.15,,8.09,,1.29E-4,,
1,542,2,2,8,(S)-malate(aq) + NAD(aq) = oxaloacetate(aq) + NADH(aq),66BER/MOE,298.15,,8.19,,1.62E-4,,
1,543,1,1,1,(S)-malate(aq) + NAD(aq) = oxaloacetate(aq) + NADH(aq),67WIL/LUN,311.15,0.25,7,,2.78E-5,,
1,543,1,2,1,(S)-malate(aq) + NAD(aq) = oxaloacetate(aq) + NADH(aq),68KOH/JAK,298.15,,8.2,,2.09E-4,,
1,543,1,2,2,(S)-malate(aq) + NAD(aq) = oxaloacetate(aq) + NADH(aq),68KOH/JAK,298.15,,9.2,,2.04E-3,,
1,543,1,2,3,(S)-malate(aq) + NAD(aq) = oxaloacetate(aq) + NADH(aq),68KOH/JAK,298.15,,9.6,,4.87E-3,,
1,543,1,3,1,(S)-malate(aq) + NAD(aq) = oxaloacetate(aq) + NADH(aq),68VEE,311.15,0.25,7.15,,3.90E-5,,
1,543,1,3,2,(S)-malate(aq) + NAD(aq) = oxaloacetate(aq) + NADH(aq),68VEE,311.15,0.25,8.02,,2.57E-4,,
1,543,1,3,3,(S)-malate(aq) + NAD(aq) = oxaloacetate(aq) + NADH(aq),68VEE,311.15,0.25,8.15,,2.00E-4,,
1,543,2,1,1,(S)-malate(aq) + NAD(aq) = oxaloacetate(aq) + NADH(aq),73GUY/GEL,298.15,0.25,7.06,,1.13E-5,,c(Mg2+) = 0 M
1,543,2,1,2,(S)-malate(aq) + NAD(aq) = oxaloacetate(aq) + NADH(aq),73GUY/GEL,298.15,0.25,7.08,,1.04E-5,,c(Mg2+) = 0 M
1,543,2,1,3,(S)-malate(aq) + NAD(aq) = oxaloacetate(aq) + NADH(aq),73GUY/GEL,298.15,0.25,7.06,,1.20E-5,,c(Mg2+) = 0 M
1,543,2,1,4,(S)-malate(aq) + NAD(aq) = oxaloacetate(aq) + NADH(aq),73GUY/GEL,298.15,0.25,7.08,,1.08E-5,,c(Mg2+) = 0 M
1,543,2,1,5,(S)-malate(aq) + NAD(aq) = oxaloacetate(aq) + NADH(aq),73GUY/GEL,298.15,0.25,7.11,,1.23E-5,,c(Mg2+) = 0 M
1,543,2,1,6,(S)-malate(aq) + NAD(aq) = oxaloacetate(aq) + NADH(aq),73GUY/GEL,298.15,0.25,7.08,,1.27E-5,,c(Mg2+) = 0 M
1,543,2,1,7,(S)-malate(aq) + NAD(aq) = oxaloacetate(aq) + NADH(aq),73GUY/GEL,311.15,0.25,7.07,,3.41E-5,,c(Mg2+) = 0 M
1,543,2,1,8,(S)-malate(aq) + NAD(aq) = oxaloacetate(aq) + NADH(aq),73GUY/GEL,311.15,0.25,7.08,,3.59E-5,,c(Mg2+) = 0 M
1,543,2,1,9,(S)-malate(aq) + NAD(aq) = oxaloacetate(aq) + NADH(aq),73GUY/GEL,311.15,0.25,7.14,,3.96E-5,,c(Mg2+) = 0 M
1,543,2,1,10,(S)-malate(aq) + NAD(aq) = oxaloacetate(aq) + NADH(aq),73GUY/GEL,311.15,0.25,7.17,,1.79E-5,,c(Mg2+) = 0 M
1,543,2,1,11,(S)-malate(aq) + NAD(aq) = oxaloacetate(aq) + NADH(aq),73GUY/GEL,311.15,0.25,7.11,,8.98E-6,,c(Mg2+) = 0 M
1,543,2,1,12,(S)-malate(aq) + NAD(aq) = oxaloacetate(aq) + NADH(aq),73GUY/GEL,311.15,0.25,7.13,,1.78E-5,,c(Mg2+) = 0 M
1,543,2,1,13,(S)-malate(aq) + NAD(aq) = oxaloacetate(aq) + NADH(aq),73GUY/GEL,311.15,0.25,7.07,2.95,3.19E-5,,c(Mg2+) = 0.00111 M
1,543,2,1,14,(S)-malate(aq) + NAD(aq) = oxaloacetate(aq) + NADH(aq),73GUY/GEL,311.15,0.25,7.06,2.95,3.39E-5,,c(Mg2+) = 0.00111 M
1,543,2,1,15,(S)-malate(aq) + NAD(aq) = oxaloacetate(aq) + NADH(aq),73GUY/GEL,311.15,0.25,7.09,2.95,3.76E-5,,c(Mg2+) = 0.00111 M
1,543,2,1,16,(S)-malate(aq) + NAD(aq) = oxaloacetate(aq) + NADH(aq),73GUY/GEL,311.15,0.25,7.11,2.95,3.94E-5,,c(Mg2+) = 0.00111 M
1,543,2,1,17,(S)-malate(aq) + NAD(aq) = oxaloacetate(aq) + NADH(aq),73GUY/GEL,311.15,0.25,7.09,2.95,3.29E-5,,c(Mg2+) = 0.00111 M
1,543,2,1,18,(S)-malate(aq) + NAD(aq) = oxaloacetate(aq) + NADH(aq),73GUY/GEL,311.15,0.25,7.05,2.95,3.45E-5,,c(Mg2+) = 0.00111 M
1,543,2,2,1,(S)-malate(aq) + NAD(aq) = oxaloacetate(aq) + NADH(aq),75SCH/RIF,298.15,,9.3,,1.17E-3,,
1,543,2,3,1,(S)-malate(aq) + NAD(aq) = oxaloacetate(aq) + NADH(aq),76JES,298.15,,7.4,,,89.5,
1,544,1,1,1,(S)-malate(aq) + NAD(aq) = oxaloacetate(aq) + NADH(aq),80COO/BLA,298.15,,9,,7.10E-4,,
1,544,1,2,1,(S)-malate(aq) + NAD(aq) = oxaloacetate(aq) + NADH(aq),85ANS/PRI,311.15,,7.6,,3.60E-5,,no added protein
1,544,1,2,2,(S)-malate(aq) + NAD(aq) = oxaloacetate(aq) + NADH(aq),85ANS/PRI,311.15,,7.6,,6.40E-5,,added BSA
1,544,1,2,3,(S)-malate(aq) + NAD(aq) = oxaloacetate(aq) + NADH(aq),85ANS/PRI,311.15,,7.6,,2.40E-5,,added ovalbumin
1,544,1,3,1,meso-tartrate(aq) + NAD(aq) = (E)-dihydroxyfumarate(aq) + NADH(aq),68KOH/JAK,298.15,,7.54,,5.30E-5,,
1,544,1,3,2,meso-tartrate(aq) + NAD(aq) = (E)-dihydroxyfumarate(aq) + NADH(aq),68KOH/JAK,298.15,,8.13,,3.40E-4,,
1,544,2,1,1,meso-tartrate(aq) + NAD(aq) = 2-oxo-3-hydroxysuccinate(aq) + NADH(aq),79KIM/PET,298.15,,8,,1.25E-6,,
1,544,2,2,1,L-glutamate(aq) + (S)-malate(aq) + NAD(aq) = L-aspartate(aq) + 2-oxoglutarate(aq) + NADH(aq),80PET/AMI,298.15,,7.4,,4.10E-5,,"[same data is shown in part 2, page 570, col 1, table 4; this occurence here in part 1 is considered the authoritative one]"
1,544,2,3,1,(S)-malate(aq) + acetyl-CoA(aq) + NAD(aq) + H2O(l) = citrate(aq) + CoA(aq) + NADH(aq),52STE/OCH,295.15,,6.25,,4.80E-1,,
1,544,2,3,2,(S)-malate(aq) + acetyl-CoA(aq) + NAD(aq) + H2O(l) = citrate(aq) + CoA(aq) + NADH(aq),52STE/OCH,295.15,,7.2,,1.08E1,,
1,544,2,3,3,(S)-malate(aq) + acetyl-CoA(aq) + NAD(aq) + H2O(l) = citrate(aq) + CoA(aq) + NADH(aq),52STE/OCH,295.15,,7.6,,1.01E2,,
1,544,2,3,4,(S)-malate(aq) + acetyl-CoA(aq) + NAD(aq) + H2O(l) = citrate(aq) + CoA(aq) + NADH(aq),52STE/OCH,295.15,,8.2,,5.99E2,,
1,544,2,3,5,(S)-malate(aq) + acetyl-CoA(aq) + NAD(aq) + H2O(l) = citrate(aq) + CoA(aq) + NADH(aq),52STE/OCH,295.15,,8.7,,5.61E3,,
1,545,1,1,1,(S)-malate(aq) + NAD(aq) + H2O(l) = pyruvate(aq) + NADH(aq) + carbon dioxide(aq),83WED/BLA,298.15,,6.5,,1.10E-3,,
1,545,1,2,1,(S)-malate(aq) + NADP(aq) + H2O(l) = pyruvate(aq) + NADPH(aq) + carbon dioxide(aq),53HAR/KOR,297,,7.4,,5.10E-2,,
1,545,1,3,1,(S)-malate(aq) + NADP(aq) + H2O(l) = pyruvate(aq) + NADPH(aq) + carbon dioxide(aq),68VEE,311.15,0.03,7,,5.58E-2,,
1,545,1,3,2,(S)-malate(aq) + NADP(aq) + H2O(l) = pyruvate(aq) + NADPH(aq) + carbon dioxide(aq),68VEE,311.15,0.25,7,,3.44E-2,,
1,545,2,1,1,(S)-malate(aq) + NADP(aq) + H2O(l) = pyruvate(aq) + NADPH(aq) + carbon dioxide(aq),69VEE/EGG,311.15,0.25,7,,3.44E-2,,
1,545,2,2,1,(S)-malate(aq) + NADP(aq) + H2O(l) = pyruvate(aq) + NADPH(aq) + carbon dioxide(aq),75SCH/RIF,298.15,,7.1,,3.00E-2,,
1,545,2,3,1,(S)-malate(aq) + NADP(aq) + H2O(l) = pyruvate(aq) + NADPH(aq) + carbon dioxide(aq),77SCH/CLE,298.15,,7.1,,2.90E-2,,
1,546,1,1,1,isocitrate(aq) + NADP(aq) + H2O(l) = 2-oxoglutarate(aq) + NADPH(aq) + carbon dioxide(aq),48OCH,295.15,,6.95,,7.60E-1,,
1,546,1,2,1,isocitrate(aq) + NADP(aq) + H2O(l) = 2-oxoglutarate(aq) + NADPH(aq) + carbon dioxide(aq),68LON/DAL,298.15,0.017,7.2,,9.30E-1,,
1,546,1,2,2,isocitrate(aq) + NADP(aq) + H2O(l) = 2-oxoglutarate(aq) + NADPH(aq) + carbon dioxide(aq),68LON/DAL,298.15,0.054,6.6,,9.00E-1,,
1,546,1,2,3,isocitrate(aq) + NADP(aq) + H2O(l) = 2-oxoglutarate(aq) + NADPH(aq) + carbon dioxide(aq),68LON/DAL,298.15,0.404,7.05,,8.60E-1,,[corrects https://w3id.org/related-to/doi.org/10.5281/zenodo.3978439/files/TECRDB.csv#entry2446]
1,546,1,2,4,isocitrate(aq) + NADP(aq) + H2O(l) = 2-oxoglutarate(aq) + NADPH(aq) + carbon dioxide(aq),68LON/DAL,298.15,0.254,6.9,,7.20E-1,,
1,546,1,2,5,isocitrate(aq) + NADP(aq) + H2O(l) = 2-oxoglutarate(aq) + NADPH(aq) + carbon dioxide(aq),68LON/DAL,298.15,0.404,6.9,,6.20E-1,,
,,,,,,,,,,,,,
1,546,1,3,1,isocitrate(aq) + NADP(aq) + H2O(l) = 2-oxoglutarate(aq) + NADPH(aq) + carbon dioxide(aq),68VEE,311.15,0.25,7,,9.10E-1,,
1,546,2,1,1,isocitrate(aq) + NADP(aq) + H2O(l) = 2-oxoglutarate(aq) + NADPH(aq) + carbon dioxide(aq),73SHE/GUL,293.15,0.404,7.4,,7.60E-2,,c(MnCl2) = 3.3E-3 M
1,546,2,1,2,isocitrate(aq) + NADP(aq) + H2O(l) = 2-oxoglutarate(aq) + NADPH(aq) + carbon dioxide(aq),73SHE/GUL,293.15,0.404,7.4,,8.10E-1,,c(MnCl2) = 2.0E-4 M
1,546,2,2,1,isocitrate(aq) + NADP(aq) + H2O(l) = 2-oxoglutarate(aq) + NADPH(aq) + carbon dioxide(aq),80COO/BLA,298.15,,8,,1.00E0,,
1,546,2,3,1,6-phospho-D-gluconate(aq) + NADP(aq) = D-ribulose 5-phosphate(aq) + NADPH(aq) + carbon dioxide(aq),69VIL/DAL,298.15,0.036,6.45,,7.40E-2,,
1,546,2,3,2,6-phospho-D-gluconate(aq) + NADP(aq) = D-ribulose 5-phosphate(aq) + NADPH(aq) + carbon dioxide(aq),69VIL/DAL,298.15,0.048,7.3,,7.90E-2,,
1,546,2,3,3,6-phospho-D-gluconate(aq) + NADP(aq) = D-ribulose 5-phosphate(aq) + NADPH(aq) + carbon dioxide(aq),69VIL/DAL,298.15,0.084,6.8,,8.30E-2,,
1,546,2,3,4,6-phospho-D-gluconate(aq) + NADP(aq) = D-ribulose 5-phosphate(aq) + NADPH(aq) + carbon dioxide(aq),69VIL/DAL,298.15,0.096,6.9,,8.10E-2,,
1,546,2,3,5,6-phospho-D-gluconate(aq) + NADP(aq) = D-ribulose 5-phosphate(aq) + NADPH(aq) + carbon dioxide(aq),69VIL/DAL,298.15,0.12,6.95,,8.00E-2,,
1,546,2,3,6,6-phospho-D-gluconate(aq) + NADP(aq) = D-ribulose 5-phosphate(aq) + NADPH(aq) + carbon dioxide(aq),69VIL/DAL,298.15,0.12,7.7,,7.40E-2,,
1,546,2,3,7,6-phospho-D-gluconate(aq) + NADP(aq) = D-ribulose 5-phosphate(aq) + NADPH(aq) + carbon dioxide(aq),69VIL/DAL,298.15,0.25,6.95,,7.60E-2,,
1,546,2,3,8,6-phospho-D-gluconate(aq) + NADP(aq) = D-ribulose 5-phosphate(aq) + NADPH(aq) + carbon dioxide(aq),69VIL/DAL,298.15,0.35,6.95,,7.50E-2,,
1,546,2,3,9,6-phospho-D-gluconate(aq) + NADP(aq) = D-ribulose 5-phosphate(aq) + NADPH(aq) + carbon dioxide(aq),69VIL/DAL,298.15,0.45,6.95,,6.90E-2,,
1,547,1,1,1,"{\beta}-D-glucose(aq) + NAD(aq) = D-glucono-1,5-lactone(aq) + NADH(aq)",52STR/KOR,303.15,,6.7,,1.50E1,,
1,547,1,2,1,"{\beta}-D-glucose(aq) + NAD(aq) = D-glucono-1,5-lactone(aq) + NADH(aq)",53BRI,294.15,,7,,3.10E0,,
1,547,1,3,1,"D-galactose(aq) + NAD(aq) = D-galactono-1,4-lactone(aq) + NADH(aq)",62DOU,303.15,,6.7,,5.70E2,,
1,547,2,1,1,"D-galactose(aq) + NAD(aq) = D-galactono-1,4-lactone(aq) + NADH(aq)",74UEB/BLA,298.15,,6.8,,3.90E2,,
1,547,2,1,2,"D-galactose(aq) + NAD(aq) = D-galactono-1,4-lactone(aq) + NADH(aq)",74UEB/BLA,303.15,,6.8,,4.00E2,,
1,547,2,1,3,"D-galactose(aq) + NAD(aq) = D-galactono-1,4-lactone(aq) + NADH(aq)",74UEB/BLA,303.15,,8.6,,2.50E4,,"[TODO: check in primary literature; in pdf: temperature given as 203.15K, but that must be a mistake; already corrected here to 303.15K]"
1,547,2,2,1,"D-glucose 6-phosphate(aq) + NADP(aq) = D-glucono-1,5-lactone 6-phosphate(aq) + NADPH(aq)",55GLA/BRO,301.15,,6.4,,1.50E0,,
1,547,2,3,1,"D-glucose 6-phosphate(aq) + NADP(aq) = D-glucono-1,5-lactone 6-phosphate(aq) + NADPH(aq)",70WUR/HES,298.15,,6.4,,1.30E0,,
1,547,2,3,2,"D-glucose 6-phosphate(aq) + NADP(aq) = D-glucono-1,5-lactone 6-phosphate(aq) + NADPH(aq)",70WUR/HES,298.15,,7.6,,5.20E1,,
1,548,1,1,1,"D-glucose 6-phosphate(aq) + NADP(aq) = D-glucono-1,5-lactone 6-phosphate(aq) + NADPH(aq)",73WUR/HES,298.15,,7.6,,2.00E1,,
1,548,1,2,1,D-glucose 6-phosphate(aq) + NADP(aq) + H2O(l) = 6-phospho-D-gluconate(aq) + NADPH(aq),86CAS/VEE,311.15,,6.03,,1.50E3,,"[the same data is presented in part 3, page 1041, col 1, table 1; this occurence in part 1 is considered the authoritative one]"
1,548,1,2,2,D-glucose 6-phosphate(aq) + NADP(aq) + H2O(l) = 6-phospho-D-gluconate(aq) + NADPH(aq),86CAS/VEE,311.15,,6.47,,8.90E3,,"[the same data is presented in part 3, page 1041, col 1, table 1; this occurence in part 1 is considered the authoritative one]"
1,548,1,2,3,D-glucose 6-phosphate(aq) + NADP(aq) + H2O(l) = 6-phospho-D-gluconate(aq) + NADPH(aq),86CAS/VEE,311.15,,7.03,,8.30E4,,"[the same data is presented in part 3, page 1041, col 1, table 1; this occurence in part 1 is considered the authoritative one]"
1,548,1,3,1,"5{\alpha}-androstane-3{\alpha}-ol-17-one(aq) + NAD(aq) = 5{\alpha}-androstane-3,17-dione(aq) + NADH(aq)",56TAL/MAR,298.15,,6,,5.80E-3,,
1,548,1,3,2,"5{\alpha}-androstane-3{\alpha}-ol-17-one(aq) + NAD(aq) = 5{\alpha}-androstane-3,17-dione(aq) + NADH(aq)",56TAL/MAR,298.15,,7,,5.80E-2,,
1,548,1,3,3,"5{\alpha}-androstane-3{\alpha}-ol-17-one(aq) + NAD(aq) = 5{\alpha}-androstane-3,17-dione(aq) + NADH(aq)",56TAL/MAR,298.15,,8,,5.80E-1,,
1,548,1,3,4,"5{\alpha}-androstane-3{\alpha}-ol-17-one(aq) + NAD(aq) = 5{\alpha}-androstane-3,17-dione(aq) + NADH(aq)",56TAL/MAR,298.15,,9,,5.80E0,,
1,548,2,1,1,"5{\alpha}-androstane-3{\alpha}-ol-17-one(aq) + NAD(aq) = 5{\alpha}-androstane-3,17-dione(aq) + NADH(aq)",57TAL,298.15,,7,,7.42E-2,,
1,548,2,2,1,"5{\alpha}-androstane-3{\alpha}-ol-17-one(aq) + NAD(aq) = 5{\alpha}-androstane-3,17-dione(aq) + NADH(aq)",65BOY/BAR,298.15,,7,,9.20E-2,,
1,548,2,2,2,"5{\alpha}-androstane-3{\alpha}-ol-17-one(aq) + NAD(aq) = 5{\alpha}-androstane-3,17-dione(aq) + NADH(aq)",65BOY/BAR,298.15,,8,,9.20E-1,,
1,548,2,2,3,"5{\alpha}-androstane-3{\alpha}-ol-17-one(aq) + NAD(aq) = 5{\alpha}-androstane-3,17-dione(aq) + NADH(aq)",65BOY/BAR,298.15,,9,,9.20E0,,
1,548,2,3,1,"5{\alpha}-androstane-3{\alpha},17{\beta}-diol(aq) + NAD(aq) = 5{\alpha}-androstane-17{\beta}-ol-3-one(aq) + NADH(aq)",57TAL,298.15,,7,,6.68E-2,,
1,549,1,1,1,"5{\alpha}-androstane-3{\alpha}-ol-17-one(aq) + TNAD(aq) = 5{\alpha}-androstane-3,17-dione(aq) + TNADH(aq)",65BOY/BAR,298.15,,7,,6.00E-1,,
1,549,1,1,2,"5{\alpha}-androstane-3{\alpha}-ol-17-one(aq) + TNAD(aq) = 5{\alpha}-androstane-3,17-dione(aq) + TNADH(aq)",65BOY/BAR,298.15,,8,,6.00E0,,
1,549,1,1,3,"5{\alpha}-androstane-3{\alpha}-ol-17-one(aq) + TNAD(aq) = 5{\alpha}-androstane-3,17-dione(aq) + TNADH(aq)",65BOY/BAR,298.15,,9,,6.00E1,,
1,549,1,2,1,"5{\beta}-androstane-3{\alpha}-ol-17-one(aq) + NAD(aq) = 5{\beta}-androstane-3,17-dione(aq) + NADH(aq)",57TAL,298.15,,7,,1.57E-2,,
1,549,1,3,1,"5{\alpha}-pregnane-3{\alpha},17{\alpha},21-triol-20-one(aq) + NAD(aq) = 5{\alpha}-pregnane-17{\alpha},21-diol-3,20-dione(aq) + NADH(aq)",59TAL/LEV,298.15,,7,,1.13E-2,,
1,549,1,3,2,"5{\alpha}-pregnane-3{\alpha},17{\alpha},21-triol-20-one(aq) + NAD(aq) = 5{\alpha}-pregnane-17{\alpha},21-diol-3,20-dione(aq) + NADH(aq)",59TAL/LEV,298.15,,8,,1.13E-1,,
1,549,1,3,3,"5{\alpha}-pregnane-3{\alpha},17{\alpha},21-triol-20-one(aq) + NAD(aq) = 5{\alpha}-pregnane-17{\alpha},21-diol-3,20-dione(aq) + NADH(aq)",59TAL/LEV,298.15,,9,,1.13E0,,
1,549,2,1,1,"5{\beta}-pregnane-3{\alpha},17{\alpha},21-triol-20-one(aq) + NAD(aq) = 5{\beta}-pregnane-17{\alpha},21-diol-3,20-dione(aq) + NADH(aq)",59TAL/LEV,298.15,,7,,2.13E-2,,
1,549,2,1,2,"5{\beta}-pregnane-3{\alpha},17{\alpha},21-triol-20-one(aq) + NAD(aq) = 5{\beta}-pregnane-17{\alpha},21-diol-3,20-dione(aq) + NADH(aq)",59TAL/LEV,298.15,,8,,2.13E-1,,
1,549,2,1,3,"5{\beta}-pregnane-3{\alpha},17{\alpha},21-triol-20-one(aq) + NAD(aq) = 5{\beta}-pregnane-17{\alpha},21-diol-3,20-dione(aq) + NADH(aq)",59TAL/LEV,298.15,,9,,2.13E0,,
1,549,2,2,1,"5{\beta}-pregnane-3{\alpha},17{\alpha},21-triol-11,20-dione(aq) + NAD(aq) = 5{\beta}-pregnane-17{\alpha},21-diol-3,11,20-trione(aq) + NADH(aq)",56TOM,298.15,,7,,8.90E-1,,
1,549,2,2,2,"5{\beta}-pregnane-3{\alpha},17{\alpha},21-triol-11,20-dione(aq) + NAD(aq) = 5{\beta}-pregnane-17{\alpha},21-diol-3,11,20-trione(aq) + NADH(aq)",56TOM,298.15,,7.8,,5.80E0,,
1,549,2,3,1,"5{\beta}-pregnane-3{\alpha},17{\alpha},21-triol-11,20-dione(aq) + NAD(aq) = 5{\beta}-pregnane-17{\alpha},21-diol-3,11,20-trione(aq) + NADH(aq)",57TAL,298.15,,7,,1.07E-2,,
1,550,1,1,1,"5{\beta}-pregnane-3{\alpha},17{\alpha},21-triol-11,20-dione(aq) + NAD(aq) = 5{\beta}-pregnane-17{\alpha},21-diol-3,11,20-trione(aq) + NADH(aq)",59TAL/LEV,298.15,,7,,1.07E-2,,
1,550,1,1,2,"5{\beta}-pregnane-3{\alpha},17{\alpha},21-triol-11,20-dione(aq) + NAD(aq) = 5{\beta}-pregnane-17{\alpha},21-diol-3,11,20-trione(aq) + NADH(aq)",59TAL/LEV,298.15,,8,,1.07E-1,,
1,550,1,1,3,"5{\beta}-pregnane-3{\alpha},17{\alpha},21-triol-11,20-dione(aq) + NAD(aq) = 5{\beta}-pregnane-17{\alpha},21-diol-3,11,20-trione(aq) + NADH(aq)",59TAL/LEV,298.15,,9,,1.07E0,,
1,550,1,2,1,"5{\alpha}-androstane-3{\beta},17{\alpha}-diol(aq) + NAD(aq) = 5{\alpha}-androstane-17{\alpha}-ol-3-one(aq) + NADH(aq)",57TAL,298.15,,7,,2.11E-2,,
1,550,1,3,1,"4-androstene-17{\beta}-ol-3-one(aq) + NAD(aq) = 4-androstene-3,17-dione(aq) + NADH(aq)",53TAL/DOB,298.65,,6.1,,3.20E-2,,
1,550,1,3,2,"4-androstene-17{\beta}-ol-3-one(aq) + NAD(aq) = 4-androstene-3,17-dione(aq) + NADH(aq)",53TAL/DOB,298.65,,7.6,,1.40E0,,
1,550,1,3,3,"4-androstene-17{\beta}-ol-3-one(aq) + NAD(aq) = 4-androstene-3,17-dione(aq) + NADH(aq)",53TAL/DOB,298.65,,8.1,,4.00E0,,
1,550,1,3,4,"4-androstene-17{\beta}-ol-3-one(aq) + NAD(aq) = 4-androstene-3,17-dione(aq) + NADH(aq)",53TAL/DOB,298.65,,9.2,,8.90E1,,
1,550,2,1,1,"4-androstene-17{\beta}-ol-3-one(aq) + NAD(aq) = 4-androstene-3,17-dione(aq) + NADH(aq)",56TAL/MAR,298.15,,6,,2.60E-2,,
1,550,2,1,2,"4-androstene-17{\beta}-ol-3-one(aq) + NAD(aq) = 4-androstene-3,17-dione(aq) + NADH(aq)",56TAL/MAR,298.15,,7,,2.60E-1,,
1,550,2,1,3,"4-androstene-17{\beta}-ol-3-one(aq) + NAD(aq) = 4-androstene-3,17-dione(aq) + NADH(aq)",56TAL/MAR,298.15,,8,,2.60E0,,
1,550,2,1,4,"4-androstene-17{\beta}-ol-3-one(aq) + NAD(aq) = 4-androstene-3,17-dione(aq) + NADH(aq)",56TAL/MAR,298.15,,9,,2.60E1,,
1,550,2,2,1,"4-androstene-17{\beta}-ol-3-one(aq) + NAD(aq) = 4-androstene-3,17-dione(aq) + NADH(aq)",57TAL,298.15,,7,,3.70E-1,,
1,550,2,3,1,"4-androstene-17{\beta}-ol-3-one(aq) + NAD(aq) = 4-androstene-3,17-dione(aq) + NADH(aq)",59TAL/LEV,298.15,,7,,3.78E-1,,
1,550,2,3,2,"4-androstene-17{\beta}-ol-3-one(aq) + NAD(aq) = 4-androstene-3,17-dione(aq) + NADH(aq)",59TAL/LEV,298.15,,8,,3.78E0,,
1,550,2,3,3,"4-androstene-17{\beta}-ol-3-one(aq) + NAD(aq) = 4-androstene-3,17-dione(aq) + NADH(aq)",59TAL/LEV,298.15,,9,,3.78E2,,
1,551,1,1,1,"5{\alpha}-pregnane-3{\beta},17{\alpha},21-triol-20-one(aq) + NAD(aq) = 5{\alpha}-pregnane-17{\alpha},21-diol-3,20-dione(aq) + NADH(aq)",59TAL/LEV,298.15,,7,,1.88E-2,,
1,551,1,1,2,"5{\alpha}-pregnane-3{\beta},17{\alpha},21-triol-20-one(aq) + NAD(aq) = 5{\alpha}-pregnane-17{\alpha},21-diol-3,20-dione(aq) + NADH(aq)",59TAL/LEV,298.15,,8,,1.88E-1,,
1,551,1,1,3,"5{\alpha}-pregnane-3{\beta},17{\alpha},21-triol-20-one(aq) + NAD(aq) = 5{\alpha}-pregnane-17{\alpha},21-diol-3,20-dione(aq) + NADH(aq)",59TAL/LEV,298.15,,9,,1.88E0,,
1,551,1,2,1,"5{\beta}-pregnane-3{\beta},17{\alpha},21-triol-20-one(aq) + NAD(aq) = 5{\beta}-pregnane-17{\alpha},21-diol-3,20-dione(aq) + NADH(aq)",59TAL/LEV,298.15,,7,,9.90E-3,,
1,551,1,2,2,"5{\beta}-pregnane-3{\beta},17{\alpha},21-triol-20-one(aq) + NAD(aq) = 5{\beta}-pregnane-17{\alpha},21-diol-3,20-dione(aq) + NADH(aq)",59TAL/LEV,298.15,,8,,9.90E-2,,
1,551,1,2,3,"5{\beta}-pregnane-3{\beta},17{\alpha},21-triol-20-one(aq) + NAD(aq) = 5{\beta}-pregnane-17{\alpha},21-diol-3,20-dione(aq) + NADH(aq)",59TAL/LEV,298.15,,9,,9.90E-1,,
1,551,1,3,1,"5{\alpha}-pregnane-3{\beta},17{\alpha},21-triol-11,20-dione(aq) + NAD(aq) = 5{\alpha}-pregnane-17{\alpha},21-diol-3,11,20-trione(aq) + NADH(aq)",57TAL,298.15,,7,,9.20E-3,,
1,551,2,1,1,"5{\alpha}-pregnane-3{\beta},17{\alpha},21-triol-11,20-dione(aq) + NAD(aq) = 5{\alpha}-pregnane-17{\alpha},21-diol-3,11,20-trione(aq) + NADH(aq)",59TAL/LEV,298.15,,7,,9.20E-3,,
1,551,2,1,2,"5{\alpha}-pregnane-3{\beta},17{\alpha},21-triol-11,20-dione(aq) + NAD(aq) = 5{\alpha}-pregnane-17{\alpha},21-diol-3,11,20-trione(aq) + NADH(aq)",59TAL/LEV,298.15,,8,,9.20E-2,,
1,551,2,1,3,"5{\alpha}-pregnane-3{\beta},17{\alpha},21-triol-11,20-dione(aq) + NAD(aq) = 5{\alpha}-pregnane-17{\alpha},21-diol-3,11,20-trione(aq) + NADH(aq)",59TAL/LEV,298.15,,9,,9.20E-1,,
1,551,2,2,1,"1,2-propanediol(aq) + NADP(aq) = L-lactaldehyde(aq) + NADPH(aq)",60GUP/ROB,298.15,,8.4,,6.00E-5,,
1,551,2,2,2,"1,2-propanediol(aq) + NADP(aq) = L-lactaldehyde(aq) + NADPH(aq)",60GUP/ROB,298.15,,9,,2.40E-4,,
1,551,2,2,3,"1,2-propanediol(aq) + NADP(aq) = L-lactaldehyde(aq) + NADPH(aq)",60GUP/ROB,298.15,,9.5,,7.59E-4,,
1,551,2,2,4,"1,2-propanediol(aq) + NADP(aq) = L-lactaldehyde(aq) + NADPH(aq)",60GUP/ROB,298.15,,10,,2.40E-3,,
1,551,2,3,1,ribitol(aq) + NAD(aq) = D-ribulose(aq) + NADH(aq),58FRO,310.15,,7.4,,3.10E-3,,Reference appears in PDF as: 58FRO
1,551,2,3,2,ribitol(aq) + NAD(aq) = D-ribulose(aq) + NADH(aq),58FRO,310.15,,8,,9.60E-3,,Reference appears in PDF as: 58FRO
1,551,2,3,3,ribitol(aq) + NAD(aq) = D-ribulose(aq) + NADH(aq),58FRO,310.15,,8.5,,7.00E-2,,Reference appears in PDF as: 58FRO
1,552,1,1,1,ribitol(aq) + NAD(aq) = D-ribulose(aq) + NADH(aq),59NOR/FRO,301.15,,8,,7.17E-3,,
1,552,1,2,1,3-hydroxypropanoate(aq) + NAD(aq) = 3-oxopropanoate(aq) + NADH(aq),59DEN/ROB,298.15,,9,,9.00E-3,,
1,552,1,3,1,(R)-glycerate(aq) + NAD(aq) = 2-hydroxy-3-oxopropanoate(aq) + NADH(aq),61GOT/KOR,296.15,,7.49,,1.90E-6,,
1,552,1,3,2,(R)-glycerate(aq) + NAD(aq) = 2-hydroxy-3-oxopropanoate(aq) + NADH(aq),61GOT/KOR,296.15,,8.49,,1.60E-5,,
1,552,2,1,1,(R)-glycerate(aq) + NAD(aq) = 2-hydroxy-3-oxopropanoate(aq) + NADH(aq),68KOH,298.15,,7.5,,5.30E-5,,
1,552,2,2,1,4-hydroxybutanoate(aq) + NAD(aq) = 4-oxobutanoate(aq) + NADH(aq),60NIR/JAK,298.15,,7.14,,3.90E0,,
1,552,2,2,2,4-hydroxybutanoate(aq) + NAD(aq) = 4-oxobutanoate(aq) + NADH(aq),60NIR/JAK,298.15,,8,,2.50E1,,
1,552,2,3,1,estradiol-17{\beta}(aq) + NAD(aq) = estrone(aq) + NADH(aq),58LAN/ENG,298.15,,7,,1.80E-1,,
1,552,2,3,2,estradiol-17{\beta}(aq) + NAD(aq) = estrone(aq) + NADH(aq),58LAN/ENG,298.15,,8,,1.80E0,,
1,552,2,3,3,estradiol-17{\beta}(aq) + NAD(aq) = estrone(aq) + NADH(aq),58LAN/ENG,298.15,,9,,1.80E1,,
1,552,2,3,4,estradiol-17{\beta}(aq) + NAD(aq) = estrone(aq) + NADH(aq),58LAN/ENG,298.15,,10,,1.80E2,,
1,553,1,1,1,D-mannitol(aq) + NAD(aq) = D-fructose(aq) + NADH(aq),63EDM/WRI,310.15,,8.05,,5.60E-2,,
1,553,1,2,1,D-mannitol(aq) + NAD(aq) = D-fructose(aq) + NADH(aq),63MAR/BAR,298.15,,7.2,,8.40E-2,,
1,553,1,3,1,D-gluconate(aq) + NADP(aq) = 5-oxo-D-gluconate(aq) + NADPH(aq),63OKA,303.15,,7.5,,1.10E-4,,
1,553,1,3,2,D-gluconate(aq) + NADP(aq) = 5-oxo-D-gluconate(aq) + NADPH(aq),63OKA,303.15,,8,,3.50E-4,,
1,553,1,3,3,D-gluconate(aq) + NADP(aq) = 5-oxo-D-gluconate(aq) + NADPH(aq),63OKA,303.15,,8.5,,1.10E-3,,
1,553,1,3,4,D-gluconate(aq) + NADP(aq) = 5-oxo-D-gluconate(aq) + NADPH(aq),63OKA,303.15,,9,,3.50E-3,,
1,553,2,1,1,glycerol(aq) + NADP(aq) = (R)-glyceraldehyde(aq) + NADPH(aq),72KOR/HUR,310.15,,7,,1.67E-6,,"[TODO: check in primary literature; randr says: Kprime is 1.67e-6, but PDF says: 1.67e1 -- the equivalent reaction with NAD instead of NADP has Kprime in the order of magnitude e-4 to e-7, so 1.67e-6 seems more plausible indeed]"
1,553,2,2,1,glycolate(aq) + NADP(aq) = glyoxylate(aq) + NADPH(aq),66CAR/HUL,298.15,,7.77,,1.40E-10,,
1,553,2,2,2,glycolate(aq) + NADP(aq) = glyoxylate(aq) + NADPH(aq),66CAR/HUL,298.15,,7.83,,1.40E-10,,
1,553,2,2,3,glycolate(aq) + NADP(aq) = glyoxylate(aq) + NADPH(aq),66CAR/HUL,298.15,,7.88,,3.60E-10,,
1,553,2,2,4,glycolate(aq) + NADP(aq) = glyoxylate(aq) + NADPH(aq),66CAR/HUL,298.15,,7.9,,3.50E-10,,
1,553,2,2,5,glycolate(aq) + NADP(aq) = glyoxylate(aq) + NADPH(aq),66CAR/HUL,298.15,,7.92,,9.00E-11,,
1,553,2,3,1,benzyl alcohol(aq) + NAD(aq) = benzaldehyde(aq) + NADH(aq),88MAC/FEW,300.15,,9.5,,9.70E-2,,
1,554,1,1,1,3-phospho-D-glycerate(aq) + NAD(aq) = 3-phosphohydroxypyruvate(aq) + NADH(aq),65WAL/SAL,298.15,,8,,1.00E-4,,
1,554,1,2,1,3-phospho-D-glycerate(aq) + NAD(aq) = 3-phosphohydroxypyruvate(aq) + NADH(aq),68SUG/PIZ,298.15,,7.5,,1.90E-3,,
1,554,1,2,2,3-phospho-D-glycerate(aq) + NAD(aq) = 3-phosphohydroxypyruvate(aq) + NADH(aq),68SUG/PIZ,310.15,,7.5,,2.20E-3,,
1,554,1,3,1,3-phospho-D-glycerate(aq) + NAD(aq) = 3-phosphohydroxypyruvate(aq) + NADH(aq),81MER/MCA,311.15,0.25,6.76,,1.53E-6,,
1,554,1,3,2,3-phospho-D-glycerate(aq) + NAD(aq) = 3-phosphohydroxypyruvate(aq) + NADH(aq),81MER/MCA,311.15,0.25,6.77,,1.64E-6,,
1,554,1,3,3,3-phospho-D-glycerate(aq) + NAD(aq) = 3-phosphohydroxypyruvate(aq) + NADH(aq),81MER/MCA,311.15,0.25,7,,3.14E-6,,
1,554,1,3,4,3-phospho-D-glycerate(aq) + NAD(aq) = 3-phosphohydroxypyruvate(aq) + NADH(aq),81MER/MCA,311.15,0.25,7.02,,3.10E-6,,
1,554,1,3,5,3-phospho-D-glycerate(aq) + NAD(aq) = 3-phosphohydroxypyruvate(aq) + NADH(aq),81MER/MCA,311.15,0.25,7.03,,3.14E-6,,
1,554,1,3,6,3-phospho-D-glycerate(aq) + NAD(aq) = 3-phosphohydroxypyruvate(aq) + NADH(aq),81MER/MCA,311.15,0.25,7.34,,1.28E-5,,
1,554,1,3,7,3-phospho-D-glycerate(aq) + NAD(aq) = 3-phosphohydroxypyruvate(aq) + NADH(aq),81MER/MCA,311.15,0.25,7.53,,1.12E-5,,
1,554,1,3,8,3-phospho-D-glycerate(aq) + NAD(aq) = 3-phosphohydroxypyruvate(aq) + NADH(aq),81MER/MCA,311.15,0.25,7.54,,1.23E-5,,
1,554,1,3,9,3-phospho-D-glycerate(aq) + NAD(aq) = 3-phosphohydroxypyruvate(aq) + NADH(aq),81MER/MCA,311.15,0.25,7.56,,1.09E-5,,
1,554,1,3,10,3-phospho-D-glycerate(aq) + NAD(aq) = 3-phosphohydroxypyruvate(aq) + NADH(aq),81MER/MCA,311.15,0.25,7.64,,1.46E-5,,
1,554,1,3,11,3-phospho-D-glycerate(aq) + NAD(aq) = 3-phosphohydroxypyruvate(aq) + NADH(aq),81MER/MCA,311.15,0.25,7.92,,2.86E-5,,
1,554,1,3,12,3-phospho-D-glycerate(aq) + NAD(aq) = 3-phosphohydroxypyruvate(aq) + NADH(aq),81MER/MCA,311.15,0.25,8.1,,3.28E-5,,
1,554,1,3,13,3-phospho-D-glycerate(aq) + NAD(aq) = 3-phosphohydroxypyruvate(aq) + NADH(aq),81MER/MCA,311.15,0.25,7.12,2.3,2.83E-6,,c(MgCl2) = 0.0050
1,554,1,3,14,3-phospho-D-glycerate(aq) + NAD(aq) = 3-phosphohydroxypyruvate(aq) + NADH(aq),81MER/MCA,311.15,0.25,7.12,1.7,2.61E-6,,c(MgCl2) = 0.020
1,554,1,3,15,3-phospho-D-glycerate(aq) + NAD(aq) = 3-phosphohydroxypyruvate(aq) + NADH(aq),81MER/MCA,311.15,0.15,7,,2.57E-6,,
1,554,1,3,16,3-phospho-D-glycerate(aq) + NAD(aq) = 3-phosphohydroxypyruvate(aq) + NADH(aq),81MER/MCA,311.15,0.75,7,,3.77E-6,,
1,554,1,3,17,3-phospho-D-glycerate(aq) + NAD(aq) = 3-phosphohydroxypyruvate(aq) + NADH(aq),81MER/MCA,298.15,0.25,7.32,,2.45E-6,,
1,554,1,3,18,3-phospho-D-glycerate(aq) + NAD(aq) = 3-phosphohydroxypyruvate(aq) + NADH(aq),81MER/MCA,298.15,0.25,7.3,,2.28E-6,,
1,554,2,1,1,"{\beta}-(3,5-diiodo-4-hydroxyphenyl)lactate(aq) + NAD(aq) = {\beta}-(3,5-diiodo-4-hydroxyphenyl)pyruvate(aq) + NADH(aq)",70NAK/TSU,298.15,,6.5,,8.20E-7,,
1,554,2,2,1,3-hydroxybenzyl alcohol(aq) + NADP(aq) = 3-hydroxybenzaldehyde(aq) + NADPH(aq),72FOR/GAU,303.15,,7.6,,1.80E-1,,
1,555,1,1,1,(3R)-3-hydroxybutanoyl-[acyl-carrier protein](aq) + NADP(aq) = 3-oxobutanoyl-[acyl-carrier protein](aq) + NADPH(aq),66TOO/WAK,298.15,,7,,2.50E-1,,
1,555,1,1,2,(3R)-3-hydroxybutanoyl-[acyl-carrier protein](aq) + NADP(aq) = 3-oxobutanoyl-[acyl-carrier protein](aq) + NADPH(aq),66TOO/WAK,298.15,,9,,1.60E1,,
1,555,1,2,1,L-carnitine(aq) + NAD(aq) = 3-dehydrocarnitine(aq) + NADH(aq),68AUR/KLE,303.15,,7,,1.30E-4,,
1,555,1,2,2,L-carnitine(aq) + NAD(aq) = 3-dehydrocarnitine(aq) + NADH(aq),68AUR/KLE,303.15,,8,,1.30E-3,,
1,555,1,2,3,L-carnitine(aq) + NAD(aq) = 3-dehydrocarnitine(aq) + NADH(aq),68AUR/KLE,303.15,,9,,1.30E-2,,
1,555,1,3,1,indole-3-lactate(aq) + NAD(aq) = indole-3-pyruvate(aq) + NADH(aq),68JEA/DEM,310.15,,7,,6.30E2,,
1,555,2,1,1,"D-glucose(aq) + NADP(aq) = D-glucono-1,5-lactone(aq) + NADPH(aq)",65LEE/DOB,298.15,,6.4,,3.40E0,,
1,555,2,2,1,"D-glucose(aq) + NADP(aq) = D-glucono-1,5-lactone(aq) + NADPH(aq)",68AVI/ALR,303.15,,6.13,,2.97E-1,,
1,555,2,2,2,"D-glucose(aq) + NADP(aq) = D-glucono-1,5-lactone(aq) + NADPH(aq)",68AVI/ALR,303.15,,6.55,,1.13E0,,
1,555,2,2,3,"D-glucose(aq) + NADP(aq) = D-glucono-1,5-lactone(aq) + NADPH(aq)",68AVI/ALR,303.15,,6.93,,3.52E0,,
1,556,1,1,1,D-fructose(aq) + NADP(aq) = 5-dehydro-D-fructose(aq) + NADPH(aq),66AVI/ENG,303.15,,6.2,,8.56E-5,,
1,556,1,1,2,D-fructose(aq) + NADP(aq) = 5-dehydro-D-fructose(aq) + NADPH(aq),66AVI/ENG,303.15,,6.55,,1.77E-4,,
1,556,1,1,3,D-fructose(aq) + NADP(aq) = 5-dehydro-D-fructose(aq) + NADPH(aq),66AVI/ENG,303.15,,6.8,,3.03E-4,,
1,556,1,1,4,D-fructose(aq) + NADP(aq) = 5-dehydro-D-fructose(aq) + NADPH(aq),66AVI/ENG,303.15,,7.1,,6.52E-4,,
1,556,1,2,1,2-deoxy-D-gluconate(aq) + NAD(aq) = 2-deoxy-3-dehydro-D-gluconate(aq) + NADH(aq),65EIC/CYN,308.15,,9,,3.40E-3,,
1,556,1,3,1,L-threonate(aq) + NAD(aq) = 3-oxo-L-threonate(aq) + NADH(aq),64ASP/JAK,298.15,,6.9,,5.53E-3,,
1,556,1,3,2,L-threonate(aq) + NAD(aq) = 3-oxo-L-threonate(aq) + NADH(aq),64ASP/JAK,298.15,,7,,3.42E-4,,
1,556,1,3,3,L-threonate(aq) + NAD(aq) = 3-oxo-L-threonate(aq) + NADH(aq),64ASP/JAK,298.15,,7.75,,1.25E-3,,
1,556,2,1,1,D-sorbitol 6-phosphate(aq) + NAD(aq) = D-fructose 6-phosphate(aq) + NADH(aq),59SHO/PRI,298.15,,9.31,,2.20E0,,
1,556,2,2,1,prostaglandin E1(aq) + NAD(aq) = 15-oxo-prostaglandin E1(aq) + NADH(aq),75BRA/JAR,298.15,,6,,6.50E-2,,
1,556,2,2,2,prostaglandin E1(aq) + NAD(aq) = 15-oxo-prostaglandin E1(aq) + NADH(aq),75BRA/JAR,298.15,,7,,6.50E-1,,
1,556,2,2,3,prostaglandin E1(aq) + NAD(aq) = 15-oxo-prostaglandin E1(aq) + NADH(aq),75BRA/JAR,298.15,,8,,6.50E0,,
1,557,1,1,1,"4-pregnene-11{\beta},17{\alpha},21-triol-3,20-dione(aq) + NAD(aq) = 4-pregnene-11{\beta},17{\alpha}-diol-3,20,21-trione(aq) + NADH(aq)",63MON/WHI,303.15,,6.9,,7.80E-8,,
1,557,1,1,2,"4-pregnene-11{\beta},17{\alpha},21-triol-3,20-dione(aq) + NAD(aq) = 4-pregnene-11{\beta},17{\alpha}-diol-3,20,21-trione(aq) + NADH(aq)",63MON/WHI,303.15,,8.5,,9.80E-4,,
1,557,1,2,1,"7,8-dihydrobiopterin(aq) + NADP(aq) = sepiapterin(aq) + NADPH(aq)",71KAT,298.15,,7.6,,1.30E-1,,
1,557,1,2,2,"7,8-dihydrobiopterin(aq) + NADP(aq) = sepiapterin(aq) + NADPH(aq)",71KAT,298.15,,7.65,,4.30E-2,,
1,557,1,2,3,"7,8-dihydrobiopterin(aq) + NADP(aq) = sepiapterin(aq) + NADPH(aq)",71KAT,298.15,,7.8,,2.10E-2,,
1,557,1,3,1,"7,8-dihydrobiopterin(aq) + NADP(aq) = sepiapterin(aq) + NADPH(aq)",82SUE/KAT,298.15,,8,,4.50E-2,,
1,557,2,1,1,"7,8-dihydrobiopterin(aq) + NADP(aq) = sepiapterin(aq) + NADPH(aq)",83KAT/SUE,298.15,,7.88,,4.50E-2,,
1,557,2,1,2,"7,8-dihydrobiopterin(aq) + NADP(aq) = sepiapterin(aq) + NADPH(aq)",83KAT/SUE,298.15,,7.93,,3.70E-2,,
1,557,2,1,3,"7,8-dihydrobiopterin(aq) + NADP(aq) = sepiapterin(aq) + NADPH(aq)",83KAT/SUE,298.15,,7.95,,3.90E-2,,
1,557,2,1,4,"7,8-dihydrobiopterin(aq) + NADP(aq) = sepiapterin(aq) + NADPH(aq)",83KAT/SUE,298.15,,8.02,,4.60E-2,,
1,557,2,1,5,"7,8-dihydrobiopterin(aq) + NADP(aq) = sepiapterin(aq) + NADPH(aq)",83KAT/SUE,298.15,,8.06,,3.80E-2,,
1,557,2,2,1,coniferyl alcohol(aq) + NADP(aq) = coniferyl aldehyde(aq) + NADPH(aq),75WYR/GRI,303.15,,7.8,,1.80E-1,,
1,557,2,2,2,coniferyl alcohol(aq) + NADP(aq) = coniferyl aldehyde(aq) + NADPH(aq),75WYR/GRI,303.15,,8,,2.80E-1,,
1,557,2,2,3,coniferyl alcohol(aq) + NADP(aq) = coniferyl aldehyde(aq) + NADPH(aq),75WYR/GRI,303.15,,8.8,,1.80E0,,
1,557,2,3,1,(R)-2-hydroxyglutarate(aq) + NAD(aq) = 2-oxoglutarate(aq) + NADH(aq),87BUC/MIL,298.15,,7,,1.47E-5,,phosphate buffer
1,557,2,3,2,(R)-2-hydroxyglutarate(aq) + NAD(aq) = 2-oxoglutarate(aq) + NADH(aq),87BUC/MIL,298.15,,7,,1.83E-5,,Tris + HCl buffer
1,558,1,1,1,D-sorbitol 6-phosphate(aq) + NADP(aq) = D-glucose 6-phosphate(aq) + NADPH(aq),81HIR,303.15,,8.66,,2.34E-1,,
1,558,1,2,1,D-gluconate(aq) + NADP(aq) = 2-oxo-D-gluconate(aq) + NADPH(aq),59DEL/DEF,293.15,,7.12,,8.20E-4,,
1,558,1,2,2,D-gluconate(aq) + NADP(aq) = 2-oxo-D-gluconate(aq) + NADPH(aq),59DEL/DEF,293.15,,7.86,,3.37E-3,,
1,558,1,2,3,D-gluconate(aq) + NADP(aq) = 2-oxo-D-gluconate(aq) + NADPH(aq),59DEL/DEF,293.15,,8.31,,1.13E-2,,
1,558,1,2,4,D-gluconate(aq) + NADP(aq) = 2-oxo-D-gluconate(aq) + NADPH(aq),59DEL/DEF,293.15,,6.98,,4.74E-4,,
1,558,1,2,5,D-gluconate(aq) + NADP(aq) = 2-oxo-D-gluconate(aq) + NADPH(aq),59DEL/DEF,293.15,,7.24,,6.37E-4,,
1,558,1,2,6,D-gluconate(aq) + NADP(aq) = 2-oxo-D-gluconate(aq) + NADPH(aq),59DEL/DEF,293.15,,7.79,,2.99E-3,,
1,558,1,2,7,D-gluconate(aq) + NADP(aq) = 2-oxo-D-gluconate(aq) + NADPH(aq),59DEL/DEF,293.15,,8.25,,1.28E-2,,
1,558,1,2,8,D-gluconate(aq) + NADP(aq) = 2-oxo-D-gluconate(aq) + NADPH(aq),59DEL/DEF,293.15,,7.03,,7.23E-4,,
1,558,1,2,9,D-gluconate(aq) + NADP(aq) = 2-oxo-D-gluconate(aq) + NADPH(aq),59DEL/DEF,293.15,,7.39,,9.22E-4,,
1,558,1,2,10,D-gluconate(aq) + NADP(aq) = 2-oxo-D-gluconate(aq) + NADPH(aq),59DEL/DEF,293.15,,7.89,,3.39E-3,,
1,558,1,2,11,D-gluconate(aq) + NADP(aq) = 2-oxo-D-gluconate(aq) + NADPH(aq),59DEL/DEF,293.15,,8.36,,1.16E-2,,
1,558,1,3,1,(S)-lactate(aq) + oxaloacetate(aq) = (S)-malate(aq) + pyruvate(aq),66ALL,303.15,,7.5,,1.80E0,,
1,558,2,1,1,(S)-lactate(aq) + oxaloacetate(aq) = (S)-malate(aq) + pyruvate(aq),69DOL,297.15,,7.8,,4.30E0,,
1,558,2,2,1,lactose(aq) + 2 cytochrome c(aq) = 3-oxolactose(aq) + 2 reduced cytochrome c(aq),68BEE/DEL,298.15,,5.92,,6.30E0,,
1,558,2,3,1,formate(aq) + NAD(aq) = carbon dioxide(aq) + NADH(aq),76RUS/MUL,298.15,,6.2,,4.20E2,,
1,559,1,1,1,formate(aq) + NAD(aq) = carbon dioxide(aq) + NADH(aq),79REK/EGO,298.15,,6.02,,,-15.19,
1,559,1,1,2,formate(aq) + NAD(aq) = carbon dioxide(aq) + NADH(aq),79REK/EGO,298.15,,6.44,,,-14.85,
1,559,1,1,3,formate(aq) + NAD(aq) = carbon dioxide(aq) + NADH(aq),79REK/EGO,298.15,,7.48,,,-14.02,
1,559,1,1,4,formate(aq) + NAD(aq) = carbon dioxide(aq) + NADH(aq),79REK/EGO,298.15,,8.01,,,-14.18,
,,,,,,,,,,,,,
,,,,,,,,,,,,,
,,,,,,,,,,,,,
,,,,,,,,,,,,,
1,559,1,2,1,acetaldehyde(aq) + CoA(aq) + NAD(aq) = acetyl-CoA(aq) + NADH(aq),53BUR/STA,298.15,,7.89,,7.20E3,,
1,559,1,2,2,acetaldehyde(aq) + CoA(aq) + NAD(aq) = acetyl-CoA(aq) + NADH(aq),53BUR/STA,298.15,,7.8,,8.20E3,,
1,559,1,2,3,acetaldehyde(aq) + CoA(aq) + NAD(aq) = acetyl-CoA(aq) + NADH(aq),53BUR/STA,298.15,,7.3,,2.00E3,,
1,559,1,3,1,acetaldehyde(aq) + CoA(aq) + NAD(aq) = acetyl-CoA(aq) + NADH(aq),55STA/BUR,298.15,,7,,1.20E3,,
1,559,2,1,1,L-aspartate 4-semialdehyde(aq) + NADP(aq) + orthophosphate(aq) = L-4-aspartyl phosphate(aq) + NADPH(aq),55BLA/WRI2,298.15,,5.7,,2.00E2,,
1,559,2,1,2,L-aspartate 4-semialdehyde(aq) + NADP(aq) + orthophosphate(aq) = L-4-aspartyl phosphate(aq) + NADPH(aq),55BLA/WRI2,298.15,,4.4,,7.40E0,,
1,559,2,2,1,L-aspartate-4-semialdehyde(aq) + NADP(aq) + orthophosphate(aq) = L-4-aspartyl phosphate(aq) + NADPH(aq),62BLA,298.15,,8,,3.30E1,,
1,559,2,3,1,D-glyceraldehyde 3-phosphate(aq) + (aminomethyl)phosphonate(aq) + NAD(aq) = (3-phospho-D-glycerol-aminomethyl)phosphonate(aq) + NADH(aq),79BYE/SHE,298.15,,8.4,,3.80E-3,,
1,560,1,1,1,D-glyceraldehyde 3-phosphate(aq) + (chloroethyl)phosphonate(aq) + NAD(aq) = (3-phospho-D-glycerol-chloroethyl)phosphonate(aq) + NADH(aq),79BYE/SHE,298.15,,8.4,,9.30E-2,,
1,560,1,2,1,D-glyceraldehyde 3-phosphate(aq) + (chloromethyl)phosphonate(aq) + NAD(aq) = (3-phospho-D-glycerol-chloromethyl)phosphonate(aq) + NADH(aq),79BYE/SHE,298.15,,8.4,,2.40E-2,,
1,560,1,3,1,D-glyceraldehyde 3-phosphate(aq) + (ethyl)phosphonate(aq) + NAD(aq) = (3-phospho-D-glycerol-ethyl)phosphonate(aq) + NADH(aq),79BYE/SHE,298.15,,8.4,,6.00E-1,,
1,560,1,4,1,D-glyceraldehyde 3-phosphate(aq) + (methoxy)phosphonate(aq) + NAD(aq) = (3-phospho-D-glycerol-methoxy)phosphonate(aq) + NADH(aq),79BYE/SHE,298.15,,8.4,,1.00E-2,,
1,560,2,1,1,D-glyceraldehyde 3-phosphate(aq) + (methyl)phosphonate(aq) + NAD(aq) = (3-phospho-D-glycerol-methyl)phosphonate(aq) + NADH(aq),79BYE/SHE,298.15,,8.4,,4.10E-1,,
1,560,2,2,1,D-glyceraldehyde 3-phosphate(aq) + orthophosphate(aq) + NAD(aq) = 3-phospho-D-glyceroyl phosphate(aq) + NADH(aq),45DRA/MEY,296.15,,7.2,,3.60E-1,,
1,560,2,2,2,D-glyceraldehyde 3-phosphate(aq) + orthophosphate(aq) + NAD(aq) = 3-phospho-D-glyceroyl phosphate(aq) + NADH(aq),45DRA/MEY,296.15,,8,,1.30E0,,
1,560,2,2,3,D-glyceraldehyde 3-phosphate(aq) + orthophosphate(aq) + NAD(aq) = 3-phospho-D-glyceroyl phosphate(aq) + NADH(aq),45DRA/MEY,296.15,,8.3,,9.20E-1,,
1,560,2,3,1,D-glyceraldehyde 3-phosphate(aq) + orthophosphate(aq) + NAD(aq) = 3-phospho-D-glyceroyl phosphate(aq) + NADH(aq),47MEY/OES,298.15,,6,,7.10E-1,,
1,560,2,3,2,D-glyceraldehyde 3-phosphate(aq) + orthophosphate(aq) + NAD(aq) = 3-phospho-D-glyceroyl phosphate(aq) + NADH(aq),47MEY/OES,298.15,,6.95,,6.90E-1,,
1,560,2,3,3,D-glyceraldehyde 3-phosphate(aq) + orthophosphate(aq) + NAD(aq) = 3-phospho-D-glyceroyl phosphate(aq) + NADH(aq),47MEY/OES,298.15,,7,,5.50E-1,,
1,560,2,3,4,D-glyceraldehyde 3-phosphate(aq) + orthophosphate(aq) + NAD(aq) = 3-phospho-D-glyceroyl phosphate(aq) + NADH(aq),47MEY/OES,298.15,,7.15,,1.40E0,,
1,560,2,3,5,D-glyceraldehyde 3-phosphate(aq) + orthophosphate(aq) + NAD(aq) = 3-phospho-D-glyceroyl phosphate(aq) + NADH(aq),47MEY/OES,298.15,,8.2,,1.70E1,,"[Kprime is given with ""approximate"" sign]"
1,561,1,1,1,D-glyceraldehyde 3-phosphate(aq) + orthophosphate(aq) + NAD(aq) = 3-phospho-D-glyceroyl phosphate(aq) + NADH(aq),50COR/VEL,298.15,,7.09,,9.84E-2,,
1,561,1,1,2,D-glyceraldehyde 3-phosphate(aq) + orthophosphate(aq) + NAD(aq) = 3-phospho-D-glyceroyl phosphate(aq) + NADH(aq),50COR/VEL,298.15,,7.08,,1.56E-1,,
1,561,1,1,3,D-glyceraldehyde 3-phosphate(aq) + orthophosphate(aq) + NAD(aq) = 3-phospho-D-glyceroyl phosphate(aq) + NADH(aq),50COR/VEL,298.15,,7.85,,1.93E-1,,
1,561,1,1,4,D-glyceraldehyde 3-phosphate(aq) + orthophosphate(aq) + NAD(aq) = 3-phospho-D-glyceroyl phosphate(aq) + NADH(aq),50COR/VEL,298.15,,8.1,,1.87E-1,,
1,561,1,2,1,D-glyceraldehyde 3-phosphate(aq) + orthophosphate(aq) + NAD(aq) = 3-phospho-D-glyceroyl phosphate(aq) + NADH(aq),79BYE/SHE,298.15,,8.4,,4.20E-2,,
1,561,2,1,1,D-glyceraldehyde 3-phosphate(aq) + orthophosphate(aq) + NAD(aq) = 3-phospho-D-glyceroyl phosphate(aq) + NADH(aq),79COR/LEA,311.15,0.25,7.05,,5.80E-1,,c(Mg2+) <= 5e-6 M
1,561,2,1,2,D-glyceraldehyde 3-phosphate(aq) + orthophosphate(aq) + NAD(aq) = 3-phospho-D-glyceroyl phosphate(aq) + NADH(aq),79COR/LEA,311.15,0.25,7.15,,6.40E-1,,c(Mg2+) <= 5e-6 M
1,561,2,1,3,D-glyceraldehyde 3-phosphate(aq) + orthophosphate(aq) + NAD(aq) = 3-phospho-D-glyceroyl phosphate(aq) + NADH(aq),79COR/LEA,311.15,0.25,7.09,,6.20E-1,,c(Mg2+) <= 5e-6 M
1,561,2,1,4,D-glyceraldehyde 3-phosphate(aq) + orthophosphate(aq) + NAD(aq) = 3-phospho-D-glyceroyl phosphate(aq) + NADH(aq),79COR/LEA,311.15,0.25,7.11,,6.20E-1,,c(Mg2+) <= 5e-6 M
1,561,2,1,5,D-glyceraldehyde 3-phosphate(aq) + orthophosphate(aq) + NAD(aq) = 3-phospho-D-glyceroyl phosphate(aq) + NADH(aq),79COR/LEA,311.15,0.25,6.93,,4.50E-1,,c(Mg2+) <= 5e-6 M
1,561,2,1,6,D-glyceraldehyde 3-phosphate(aq) + orthophosphate(aq) + NAD(aq) = 3-phospho-D-glyceroyl phosphate(aq) + NADH(aq),79COR/LEA,311.15,0.25,6.92,,4.30E-1,,c(Mg2+) <= 5e-6 M
1,561,2,1,7,D-glyceraldehyde 3-phosphate(aq) + orthophosphate(aq) + NAD(aq) = 3-phospho-D-glyceroyl phosphate(aq) + NADH(aq),79COR/LEA,311.15,0.25,6.92,,4.40E-1,,c(Mg2+) <= 5e-6 M
1,561,2,1,8,D-glyceraldehyde 3-phosphate(aq) + orthophosphate(aq) + NAD(aq) = 3-phospho-D-glyceroyl phosphate(aq) + NADH(aq),79COR/LEA,311.15,0.25,6.87,,4.10E-1,,c(Mg2+) <= 5e-6 M
1,561,2,1,9,D-glyceraldehyde 3-phosphate(aq) + orthophosphate(aq) + NAD(aq) = 3-phospho-D-glyceroyl phosphate(aq) + NADH(aq),79COR/LEA,311.15,0.25,6.52,,1.70E-1,,c(Mg2+) <= 5e-6 M
1,561,2,1,10,D-glyceraldehyde 3-phosphate(aq) + orthophosphate(aq) + NAD(aq) = 3-phospho-D-glyceroyl phosphate(aq) + NADH(aq),79COR/LEA,311.15,0.25,6.91,,4.20E-1,,c(Mg2+) <= 5e-6 M
1,561,2,1,11,D-glyceraldehyde 3-phosphate(aq) + orthophosphate(aq) + NAD(aq) = 3-phospho-D-glyceroyl phosphate(aq) + NADH(aq),79COR/LEA,311.15,0.25,6.91,2.82,4.30E-1,,c(Mg2+) = 3.1e-4
1,561,2,1,12,D-glyceraldehyde 3-phosphate(aq) + orthophosphate(aq) + NAD(aq) = 3-phospho-D-glyceroyl phosphate(aq) + NADH(aq),79COR/LEA,311.15,0.25,6.91,3.19,4.10E-1,,c(Mg2+) = 6.4e-4
1,561,2,1,13,D-glyceraldehyde 3-phosphate(aq) + orthophosphate(aq) + NAD(aq) = 3-phospho-D-glyceroyl phosphate(aq) + NADH(aq),79COR/LEA,311.15,0.25,6.91,3.04,4.20E-1,,c(Mg2+) = 9.2e-4
1,561,2,1,14,D-glyceraldehyde 3-phosphate(aq) + orthophosphate(aq) + NAD(aq) = 3-phospho-D-glyceroyl phosphate(aq) + NADH(aq),79COR/LEA,311.15,0.25,6.91,2.9,4.40E-1,,c(Mg2+) = 1.27e-3
1,561,2,1,15,D-glyceraldehyde 3-phosphate(aq) + orthophosphate(aq) + NAD(aq) = 3-phospho-D-glyceroyl phosphate(aq) + NADH(aq),79COR/LEA,311.15,0.25,6.91,3.51,4.30E-1,,c(Mg2+) = 1.51e-3
1,561,2,1,16,D-glyceraldehyde 3-phosphate(aq) + orthophosphate(aq) + NAD(aq) = 3-phospho-D-glyceroyl phosphate(aq) + NADH(aq),79COR/LEA,311.15,0.04,7.1,,2.05E-1,,c(Mg2+) <= 5e-6 M
1,561,2,1,17,D-glyceraldehyde 3-phosphate(aq) + orthophosphate(aq) + NAD(aq) = 3-phospho-D-glyceroyl phosphate(aq) + NADH(aq),79COR/LEA,311.15,0.1,7.1,,3.37E-1,,c(Mg2+) <= 5e-6 M
1,561,2,1,18,D-glyceraldehyde 3-phosphate(aq) + orthophosphate(aq) + NAD(aq) = 3-phospho-D-glyceroyl phosphate(aq) + NADH(aq),79COR/LEA,311.15,0.18,7.1,,4.33E-1,,c(Mg2+) <= 5e-6 M
1,561,2,1,19,D-glyceraldehyde 3-phosphate(aq) + orthophosphate(aq) + NAD(aq) = 3-phospho-D-glyceroyl phosphate(aq) + NADH(aq),79COR/LEA,311.15,0.21,7.1,,4.87E-1,,c(Mg2+) <= 5e-6 M
1,561,2,1,20,D-glyceraldehyde 3-phosphate(aq) + orthophosphate(aq) + NAD(aq) = 3-phospho-D-glyceroyl phosphate(aq) + NADH(aq),79COR/LEA,311.15,0.25,7.1,,6.16E-1,,c(Mg2+) <= 5e-6 M
1,561,2,1,21,D-glyceraldehyde 3-phosphate(aq) + orthophosphate(aq) + NAD(aq) = 3-phospho-D-glyceroyl phosphate(aq) + NADH(aq),79COR/LEA,311.15,0.4,7.1,,7.89E-1,,c(Mg2+) <= 5e-6 M
1,561,2,1,22,D-glyceraldehyde 3-phosphate(aq) + orthophosphate(aq) + NAD(aq) = 3-phospho-D-glyceroyl phosphate(aq) + NADH(aq),79COR/LEA,311.15,0.6,7.1,,1.015E0,,c(Mg2+) <= 5e-6 M
,,,,,,,,,,,,,
1,561,2,2,1,D-glyceraldehyde 3-phosphate(aq) + phosphonate(aq) + NAD(aq) = (3-phospho-D-glyceroyl)phosphonate(aq) + NADH(aq),79BYE/SHE,298.15,,8.4,,2.00E-2,,
1,562,1,1,1,D-glyceraldehyde 3-phosphate(aq) + ADP(aq) + NAD(aq) + orthophosphate(aq) = 3-phospho-D-glycerate(aq) + ATP(aq) + NADH(aq),68VEE,311.15,0.25,6.88,,2.80E1,,
1,562,1,1,2,D-glyceraldehyde 3-phosphate(aq) + ADP(aq) + NAD(aq) + orthophosphate(aq) = 3-phospho-D-glycerate(aq) + ATP(aq) + NADH(aq),68VEE,311.15,0.25,6.89,,4.10E1,,
1,562,1,1,3,D-glyceraldehyde 3-phosphate(aq) + ADP(aq) + NAD(aq) + orthophosphate(aq) = 3-phospho-D-glycerate(aq) + ATP(aq) + NADH(aq),68VEE,311.15,0.25,6.91,,4.50E1,,
1,562,1,1,4,D-glyceraldehyde 3-phosphate(aq) + ADP(aq) + NAD(aq) + orthophosphate(aq) = 3-phospho-D-glycerate(aq) + ATP(aq) + NADH(aq),68VEE,311.15,0.25,6.92,,3.50E1,,
1,562,1,1,5,D-glyceraldehyde 3-phosphate(aq) + ADP(aq) + NAD(aq) + orthophosphate(aq) = 3-phospho-D-glycerate(aq) + ATP(aq) + NADH(aq),68VEE,311.15,0.25,6.94,,4.10E1,,
1,562,1,1,6,D-glyceraldehyde 3-phosphate(aq) + ADP(aq) + NAD(aq) + orthophosphate(aq) = 3-phospho-D-glycerate(aq) + ATP(aq) + NADH(aq),68VEE,311.15,0.25,6.97,,6.80E1,,
1,562,1,1,7,D-glyceraldehyde 3-phosphate(aq) + ADP(aq) + NAD(aq) + orthophosphate(aq) = 3-phospho-D-glycerate(aq) + ATP(aq) + NADH(aq),68VEE,311.15,0.25,6.98,,6.10E1,,
1,562,1,1,8,D-glyceraldehyde 3-phosphate(aq) + ADP(aq) + NAD(aq) + orthophosphate(aq) = 3-phospho-D-glycerate(aq) + ATP(aq) + NADH(aq),68VEE,311.15,0.25,6.99,,5.80E1,,
1,562,1,1,9,D-glyceraldehyde 3-phosphate(aq) + ADP(aq) + NAD(aq) + orthophosphate(aq) = 3-phospho-D-glycerate(aq) + ATP(aq) + NADH(aq),68VEE,311.15,0.25,7,,5.90E1,,
1,562,1,1,10,D-glyceraldehyde 3-phosphate(aq) + ADP(aq) + NAD(aq) + orthophosphate(aq) = 3-phospho-D-glycerate(aq) + ATP(aq) + NADH(aq),68VEE,311.15,0.25,7.01,,7.10E1,,
1,562,1,1,11,D-glyceraldehyde 3-phosphate(aq) + ADP(aq) + NAD(aq) + orthophosphate(aq) = 3-phospho-D-glycerate(aq) + ATP(aq) + NADH(aq),68VEE,311.15,0.25,7.02,,7.80E1,,
1,562,1,2,1,D-glyceraldehyde 3-phosphate(aq) + ADP(aq) + NAD(aq) + orthophosphate(aq) = 3-phospho-D-glycerate(aq) + ATP(aq) + NADH(aq),70VEE/RAI,311.15,,7,,5.90E1,,[PDF says in comment: ionic strength is 0.25 M]
1,562,2,1,1,D-glyceraldehyde 3-phosphate(aq) + ADP(aq) + NAD(aq) + orthophosphate(aq) = 3-phospho-D-glycerate(aq) + ATP(aq) + NADH(aq),78MEE/AKE,310.15,,7,2.63,1.93E3,,
1,562,2,1,2,D-glyceraldehyde 3-phosphate(aq) + ADP(aq) + NAD(aq) + orthophosphate(aq) = 3-phospho-D-glycerate(aq) + ATP(aq) + NADH(aq),78MEE/AKE,310.15,,7,2.66,1.54E3,,
1,562,2,1,3,D-glyceraldehyde 3-phosphate(aq) + ADP(aq) + NAD(aq) + orthophosphate(aq) = 3-phospho-D-glycerate(aq) + ATP(aq) + NADH(aq),78MEE/AKE,310.15,,7,3.05,1.31E3,,
1,562,2,1,4,D-glyceraldehyde 3-phosphate(aq) + ADP(aq) + NAD(aq) + orthophosphate(aq) = 3-phospho-D-glycerate(aq) + ATP(aq) + NADH(aq),78MEE/AKE,310.15,,7,3.13,1.13E3,,
1,562,2,1,5,D-glyceraldehyde 3-phosphate(aq) + ADP(aq) + NAD(aq) + orthophosphate(aq) = 3-phospho-D-glycerate(aq) + ATP(aq) + NADH(aq),78MEE/AKE,310.15,,7,3.42,9.75E2,,
1,562,2,1,6,D-glyceraldehyde 3-phosphate(aq) + ADP(aq) + NAD(aq) + orthophosphate(aq) = 3-phospho-D-glycerate(aq) + ATP(aq) + NADH(aq),78MEE/AKE,310.15,,7,3.48,8.17E2,,
1,562,2,1,7,D-glyceraldehyde 3-phosphate(aq) + ADP(aq) + NAD(aq) + orthophosphate(aq) = 3-phospho-D-glycerate(aq) + ATP(aq) + NADH(aq),78MEE/AKE,310.15,,7,3.68,6.22E2,,
1,562,2,1,8,D-glyceraldehyde 3-phosphate(aq) + ADP(aq) + NAD(aq) + orthophosphate(aq) = 3-phospho-D-glycerate(aq) + ATP(aq) + NADH(aq),78MEE/AKE,310.15,,7,3.78,6.70E2,,
1,562,2,1,9,D-glyceraldehyde 3-phosphate(aq) + ADP(aq) + NAD(aq) + orthophosphate(aq) = 3-phospho-D-glycerate(aq) + ATP(aq) + NADH(aq),78MEE/AKE,310.15,,7,3.83,5.86E2,,
1,562,2,1,10,D-glyceraldehyde 3-phosphate(aq) + ADP(aq) + NAD(aq) + orthophosphate(aq) = 3-phospho-D-glycerate(aq) + ATP(aq) + NADH(aq),78MEE/AKE,310.15,,7,4.08,4.90E2,,
1,562,2,1,11,D-glyceraldehyde 3-phosphate(aq) + ADP(aq) + NAD(aq) + orthophosphate(aq) = 3-phospho-D-glycerate(aq) + ATP(aq) + NADH(aq),78MEE/AKE,310.15,,7,4.21,4.12E2,,
1,562,2,1,12,D-glyceraldehyde 3-phosphate(aq) + ADP(aq) + NAD(aq) + orthophosphate(aq) = 3-phospho-D-glycerate(aq) + ATP(aq) + NADH(aq),78MEE/AKE,310.15,,7,4.63,3.53E2,,
1,562,2,1,13,D-glyceraldehyde 3-phosphate(aq) + ADP(aq) + NAD(aq) + orthophosphate(aq) = 3-phospho-D-glycerate(aq) + ATP(aq) + NADH(aq),78MEE/AKE,310.15,,7,5.7,2.88E2,,
1,562,2,1,14,D-glyceraldehyde 3-phosphate(aq) + ADP(aq) + NAD(aq) + orthophosphate(aq) = 3-phospho-D-glycerate(aq) + ATP(aq) + NADH(aq),78MEE/AKE,310.15,,7,5.52,3.06E2,,
1,562,2,1,15,D-glyceraldehyde 3-phosphate(aq) + ADP(aq) + NAD(aq) + orthophosphate(aq) = 3-phospho-D-glycerate(aq) + ATP(aq) + NADH(aq),78MEE/AKE,310.15,,7,4.75,2.88E2,,
1,562,2,2,1,D-glyceraldehyde 3-phosphate(aq) + ADP(aq) + NAD(aq) + orthophosphate(aq) = 3-phospho-D-glycerate(aq) + ATP(aq) + NADH(aq),79COR/LEA,311.15,,7,2.92,2.17E3,,
1,563,1,1,1,glyoxylate(aq) + CoA(aq) + NADP(aq) = oxalyl-CoA(aq) + NADPH(aq),63QUA,298.15,,6.6,,2.43E1,,
1,563,1,1,2,glyoxylate(aq) + CoA(aq) + NADP(aq) = oxalyl-CoA(aq) + NADPH(aq),63QUA,298.15,,6.7,,3.85E1,,
1,563,1,1,3,glyoxylate(aq) + CoA(aq) + NADP(aq) = oxalyl-CoA(aq) + NADPH(aq),63QUA,298.15,,6.8,,4.47E1,,
1,563,1,1,4,glyoxylate(aq) + CoA(aq) + NADP(aq) = oxalyl-CoA(aq) + NADPH(aq),63QUA,298.15,,6.85,,5.18E1,,
1,563,1,1,5,glyoxylate(aq) + CoA(aq) + NADP(aq) = oxalyl-CoA(aq) + NADPH(aq),63QUA,298.15,,6.98,,7.34E1,,
1,563,1,2,1,formate(aq) + NADP(aq) = carbon dioxide(aq) + NADPH(aq),83YAM/SAI,328.15,,7.5,,6.50E2,,"[Kprime is given with ""approximate"" sign]"
1,563,1,3,1,2 succinate(aq) + O2(aq) = 2 fumarate(aq) + 2 H2O(l),67POE/GUT,298.15,,7.4,,,-72.4,
1,563,2,1,1,butanoyl-CoA(aq) + indophenol(aq) = 2-butenoyl-CoA(aq) + reduced indophenol(aq),54GRE/MII,298.15,,7,,1.00E1,,
1,563,2,2,1,butanoyl-CoA(aq) + pyocyanine(aq) = 2-butenoyl-CoA(aq) + reduced pyocyanine(aq),56HAU,303.15,,7.2,,2.30E-1,,
1,563,2,3,1,(S)-dihydroorotate(aq) + NAD(aq) = orotate(aq) + NADH(aq),61KRA/VEN,293.15,,6.1,,4.20E-4,,
1,563,2,3,2,(S)-dihydroorotate(aq) + NAD(aq) = orotate(aq) + NADH(aq),61KRA/VEN,293.15,,6.4,,1.06E-3,,
1,563,2,3,3,(S)-dihydroorotate(aq) + NAD(aq) = orotate(aq) + NADH(aq),61KRA/VEN,293.15,,6.7,,2.24E-3,,
1,563,2,3,4,(S)-dihydroorotate(aq) + NAD(aq) = orotate(aq) + NADH(aq),61KRA/VEN,293.15,,7.2,,6.19E-3,,
1,564,1,1,1,(S)-dihydroorotate(aq) + AP-NAD(aq) = orotate(aq) + AP-NADH(aq),61KRA/VEN,293.15,,6.1,,3.50E-2,,
1,564,1,1,2,(S)-dihydroorotate(aq) + AP-NAD(aq) = orotate(aq) + AP-NADH(aq),61KRA/VEN,293.15,,6.4,,9.30E-2,,
1,564,1,1,3,(S)-dihydroorotate(aq) + AP-NAD(aq) = orotate(aq) + AP-NADH(aq),61KRA/VEN,293.15,,6.7,,1.89E-1,,
1,564,1,2,1,L-alanine(aq) + NAD(aq) + H2O(l) = pyruvate(aq) + NADH(aq) + ammonia(aq),60OCO/HAL,298.15,,10,,1.36E-4,,
1,564,1,3,1,L-alanine(aq) + NAD(aq) + H2O(l) = pyruvate(aq) + NADH(aq) + ammonia(aq),60PIE/WIA,298.15,,7.97,,6.01E-6,,
1,564,1,3,2,L-alanine(aq) + NAD(aq) + H2O(l) = pyruvate(aq) + NADH(aq) + ammonia(aq),60PIE/WIA,298.15,,7.98,,7.68E-6,,
1,564,1,3,3,L-alanine(aq) + NAD(aq) + H2O(l) = pyruvate(aq) + NADH(aq) + ammonia(aq),60PIE/WIA,298.15,,8.32,,1.80E-5,,
1,564,1,3,4,L-alanine(aq) + NAD(aq) + H2O(l) = pyruvate(aq) + NADH(aq) + ammonia(aq),60PIE/WIA,298.15,,8.35,,1.96E-5,,
1,564,1,3,5,L-alanine(aq) + NAD(aq) + H2O(l) = pyruvate(aq) + NADH(aq) + ammonia(aq),60PIE/WIA,298.15,,8.73,,5.32E-5,,
1,564,1,3,6,L-alanine(aq) + NAD(aq) + H2O(l) = pyruvate(aq) + NADH(aq) + ammonia(aq),60PIE/WIA,298.15,,8.77,,5.26E-5,,
1,564,1,3,7,L-alanine(aq) + NAD(aq) + H2O(l) = pyruvate(aq) + NADH(aq) + ammonia(aq),60PIE/WIA,298.15,,9.1,,1.15E-4,,
1,564,1,3,8,L-alanine(aq) + NAD(aq) + H2O(l) = pyruvate(aq) + NADH(aq) + ammonia(aq),60PIE/WIA,298.15,,9.14,,1.19E-4,,
1,564,1,3,9,L-alanine(aq) + NAD(aq) + H2O(l) = pyruvate(aq) + NADH(aq) + ammonia(aq),60PIE/WIA,298.15,,9.22,,1.60E-4,,
1,564,1,3,10,L-alanine(aq) + NAD(aq) + H2O(l) = pyruvate(aq) + NADH(aq) + ammonia(aq),60PIE/WIA,298.15,,9.41,,2.68E-4,,
1,564,2,1,1,L-alanine(aq) + NAD(aq) + H2O(l) = pyruvate(aq) + NADH(aq) + ammonia(aq),65YOS/FRE,298.15,,8.21,,1.13E-5,,
1,564,2,1,2,L-alanine(aq) + NAD(aq) + H2O(l) = pyruvate(aq) + NADH(aq) + ammonia(aq),65YOS/FRE,298.15,,8.98,,7.65E-5,,
1,564,2,1,3,L-alanine(aq) + NAD(aq) + H2O(l) = pyruvate(aq) + NADH(aq) + ammonia(aq),65YOS/FRE,298.15,,10.05,,8.25E-4,,
1,564,2,2,1,L-alanine(aq) + NAD(aq) + H2O(l) = pyruvate(aq) + NADH(aq) + ammonia(aq),81GRI/CLE,298.15,,7.9,,4.30E-6,,
1,564,2,3,1,L-glutamate(aq) + NAD(aq) + H2O(l) = 2-oxoglutarate(aq) + NADH(aq) + ammonia(aq),38EUL/ADL,298.15,,6.05,,3.90E-11,,
1,564,2,3,2,L-glutamate(aq) + NAD(aq) + H2O(l) = 2-oxoglutarate(aq) + NADH(aq) + ammonia(aq),38EUL/ADL,298.15,,6.63,,1.30E-9,,
1,564,2,3,3,L-glutamate(aq) + NAD(aq) + H2O(l) = 2-oxoglutarate(aq) + NADH(aq) + ammonia(aq),38EUL/ADL,298.15,,7.01,,1.30E-9,,
1,564,2,3,4,L-glutamate(aq) + NAD(aq) + H2O(l) = 2-oxoglutarate(aq) + NADH(aq) + ammonia(aq),38EUL/ADL,298.15,,7.26,,7.60E-9,,
1,564,2,3,5,L-glutamate(aq) + NAD(aq) + H2O(l) = 2-oxoglutarate(aq) + NADH(aq) + ammonia(aq),38EUL/ADL,298.15,,7.36,,6.50E-9,,
1,564,2,3,6,L-glutamate(aq) + NAD(aq) + H2O(l) = 2-oxoglutarate(aq) + NADH(aq) + ammonia(aq),38EUL/ADL,298.15,,7.39,,9.40E-9,,
1,564,2,3,7,L-glutamate(aq) + NAD(aq) + H2O(l) = 2-oxoglutarate(aq) + NADH(aq) + ammonia(aq),38EUL/ADL,298.15,,7.4,,7.90E-9,,
1,564,2,3,8,L-glutamate(aq) + NAD(aq) + H2O(l) = 2-oxoglutarate(aq) + NADH(aq) + ammonia(aq),38EUL/ADL,298.15,,7.43,,1.50E-8,,
1,564,2,3,9,L-glutamate(aq) + NAD(aq) + H2O(l) = 2-oxoglutarate(aq) + NADH(aq) + ammonia(aq),38EUL/ADL,298.15,,7.45,,1.70E-8,,
1,564,2,3,10,L-glutamate(aq) + NAD(aq) + H2O(l) = 2-oxoglutarate(aq) + NADH(aq) + ammonia(aq),38EUL/ADL,298.15,,7.57,,7.70E-9,,
1,564,2,3,11,L-glutamate(aq) + NAD(aq) + H2O(l) = 2-oxoglutarate(aq) + NADH(aq) + ammonia(aq),38EUL/ADL,298.15,,7.6,,2.00E-8,,
1,564,2,3,12,L-glutamate(aq) + NAD(aq) + H2O(l) = 2-oxoglutarate(aq) + NADH(aq) + ammonia(aq),38EUL/ADL,298.15,,7.66,,1.10E-8,,
1,564,2,3,13,L-glutamate(aq) + NAD(aq) + H2O(l) = 2-oxoglutarate(aq) + NADH(aq) + ammonia(aq),38EUL/ADL,298.15,,7.82,,2.40E-8,,
1,564,2,3,14,L-glutamate(aq) + NAD(aq) + H2O(l) = 2-oxoglutarate(aq) + NADH(aq) + ammonia(aq),38EUL/ADL,298.15,,8.01,,3.60E-8,,
1,564,2,3,15,L-glutamate(aq) + NAD(aq) + H2O(l) = 2-oxoglutarate(aq) + NADH(aq) + ammonia(aq),38EUL/ADL,298.15,,8.05,,7.00E-8,,
1,565,1,1,1,L-glutamate(aq) + NAD(aq) + H2O(l) = 2-oxoglutarate(aq) + NADH(aq) + ammonia(aq),53STR,303.65,,6.37,,3.47E-7,,
1,565,1,1,2,L-glutamate(aq) + NAD(aq) + H2O(l) = 2-oxoglutarate(aq) + NADH(aq) + ammonia(aq),53STR,303.65,,6.74,,1.09E-6,,
1,565,1,1,3,L-glutamate(aq) + NAD(aq) + H2O(l) = 2-oxoglutarate(aq) + NADH(aq) + ammonia(aq),53STR,303.65,,7.02,,1.47E-6,,
1,565,1,1,4,L-glutamate(aq) + NAD(aq) + H2O(l) = 2-oxoglutarate(aq) + NADH(aq) + ammonia(aq),53STR,303.65,,7.08,,1.06E-6,,
1,565,1,1,5,L-glutamate(aq) + NAD(aq) + H2O(l) = 2-oxoglutarate(aq) + NADH(aq) + ammonia(aq),53STR,303.65,,7.38,,4.17E-6,,
1,565,1,1,6,L-glutamate(aq) + NAD(aq) + H2O(l) = 2-oxoglutarate(aq) + NADH(aq) + ammonia(aq),53STR,303.65,,7.55,,4.08E-6,,
1,565,1,1,7,L-glutamate(aq) + NAD(aq) + H2O(l) = 2-oxoglutarate(aq) + NADH(aq) + ammonia(aq),53STR,303.65,,7.69,,2.30E-6,,
1,565,1,1,8,L-glutamate(aq) + NAD(aq) + H2O(l) = 2-oxoglutarate(aq) + NADH(aq) + ammonia(aq),53STR,303.65,,7.89,,6.44E-6,,
1,565,1,1,9,L-glutamate(aq) + NAD(aq) + H2O(l) = 2-oxoglutarate(aq) + NADH(aq) + ammonia(aq),53STR,303.65,,8.17,,7.20E-5,,
1,565,1,1,10,L-glutamate(aq) + NAD(aq) + H2O(l) = 2-oxoglutarate(aq) + NADH(aq) + ammonia(aq),53STR,303.65,,8.25,,6.21E-5,,
1,565,1,1,11,L-glutamate(aq) + NAD(aq) + H2O(l) = 2-oxoglutarate(aq) + NADH(aq) + ammonia(aq),53STR,303.65,,8.27,,1.88E-5,,
1,565,1,1,12,L-glutamate(aq) + NAD(aq) + H2O(l) = 2-oxoglutarate(aq) + NADH(aq) + ammonia(aq),53STR,303.65,,8.32,,9.67E-5,,
1,565,1,1,13,L-glutamate(aq) + NAD(aq) + H2O(l) = 2-oxoglutarate(aq) + NADH(aq) + ammonia(aq),53STR,303.65,,7.6,,9.95E-6,,
1,565,1,2,1,L-glutamate(aq) + NAD(aq) + H2O(l) = 2-oxoglutarate(aq) + NADH(aq) + ammonia(aq),56KAP/CIO,303.15,,7.6,,2.43E-6,,
1,565,2,1,1,L-glutamate(aq) + NAD(aq) + H2O(l) = 2-oxoglutarate(aq) + NADH(aq) + ammonia(aq),67ENG/DAL,300.15,0.0245,6.83,,4.22E-7,,
1,565,2,1,2,L-glutamate(aq) + NAD(aq) + H2O(l) = 2-oxoglutarate(aq) + NADH(aq) + ammonia(aq),67ENG/DAL,300.15,0.0245,6.93,,4.14E-7,,
1,565,2,1,3,L-glutamate(aq) + NAD(aq) + H2O(l) = 2-oxoglutarate(aq) + NADH(aq) + ammonia(aq),67ENG/DAL,300.15,0.0445,6.82,,5.81E-7,,
1,565,2,1,4,L-glutamate(aq) + NAD(aq) + H2O(l) = 2-oxoglutarate(aq) + NADH(aq) + ammonia(aq),67ENG/DAL,300.15,0.0445,6.94,,5.73E-7,,
1,565,2,1,5,L-glutamate(aq) + NAD(aq) + H2O(l) = 2-oxoglutarate(aq) + NADH(aq) + ammonia(aq),67ENG/DAL,300.15,0.055,6.9,,6.37E-7,,
1,565,2,1,6,L-glutamate(aq) + NAD(aq) + H2O(l) = 2-oxoglutarate(aq) + NADH(aq) + ammonia(aq),67ENG/DAL,300.15,0.055,6.9,,5.62E-7,,
1,565,2,1,7,L-glutamate(aq) + NAD(aq) + H2O(l) = 2-oxoglutarate(aq) + NADH(aq) + ammonia(aq),67ENG/DAL,300.15,0.055,7.07,,8.64E-7,,
1,565,2,1,8,L-glutamate(aq) + NAD(aq) + H2O(l) = 2-oxoglutarate(aq) + NADH(aq) + ammonia(aq),67ENG/DAL,300.15,0.067,6.92,,7.04E-7,,
1,565,2,1,9,L-glutamate(aq) + NAD(aq) + H2O(l) = 2-oxoglutarate(aq) + NADH(aq) + ammonia(aq),67ENG/DAL,300.15,0.067,6.92,,7.13E-7,,
1,565,2,1,10,L-glutamate(aq) + NAD(aq) + H2O(l) = 2-oxoglutarate(aq) + NADH(aq) + ammonia(aq),67ENG/DAL,300.15,0.067,6.94,,6.79E-7,,
1,565,2,1,11,L-glutamate(aq) + NAD(aq) + H2O(l) = 2-oxoglutarate(aq) + NADH(aq) + ammonia(aq),67ENG/DAL,300.15,0.067,6.89,,6.31E-7,,
1,565,2,1,12,L-glutamate(aq) + NAD(aq) + H2O(l) = 2-oxoglutarate(aq) + NADH(aq) + ammonia(aq),67ENG/DAL,300.15,0.089,6.98,,8.66E-7,,
1,565,2,1,13,L-glutamate(aq) + NAD(aq) + H2O(l) = 2-oxoglutarate(aq) + NADH(aq) + ammonia(aq),67ENG/DAL,300.15,0.089,6.93,,8.80E-7,,
1,565,2,1,14,L-glutamate(aq) + NAD(aq) + H2O(l) = 2-oxoglutarate(aq) + NADH(aq) + ammonia(aq),67ENG/DAL,300.15,0.089,6.95,,7.79E-7,,
1,565,2,1,15,L-glutamate(aq) + NAD(aq) + H2O(l) = 2-oxoglutarate(aq) + NADH(aq) + ammonia(aq),67ENG/DAL,300.15,0.101,6.9,,7.51E-7,,
1,565,2,1,16,L-glutamate(aq) + NAD(aq) + H2O(l) = 2-oxoglutarate(aq) + NADH(aq) + ammonia(aq),67ENG/DAL,300.15,0.101,7.06,,1.16E-6,,
1,565,2,1,17,L-glutamate(aq) + NAD(aq) + H2O(l) = 2-oxoglutarate(aq) + NADH(aq) + ammonia(aq),67ENG/DAL,300.15,0.111,6.97,,9.86E-7,,
1,565,2,1,18,L-glutamate(aq) + NAD(aq) + H2O(l) = 2-oxoglutarate(aq) + NADH(aq) + ammonia(aq),67ENG/DAL,300.15,0.111,6.98,,1.01E-6,,
1,565,2,1,19,L-glutamate(aq) + NAD(aq) + H2O(l) = 2-oxoglutarate(aq) + NADH(aq) + ammonia(aq),67ENG/DAL,300.15,0.111,6.96,,9.13E-7,,
1,565,2,1,20,L-glutamate(aq) + NAD(aq) + H2O(l) = 2-oxoglutarate(aq) + NADH(aq) + ammonia(aq),67ENG/DAL,300.15,0.135,6.98,,1.08E-6,,
1,565,2,1,21,L-glutamate(aq) + NAD(aq) + H2O(l) = 2-oxoglutarate(aq) + NADH(aq) + ammonia(aq),67ENG/DAL,300.15,0.135,6.95,,1.04E-6,,
1,565,2,1,22,L-glutamate(aq) + NAD(aq) + H2O(l) = 2-oxoglutarate(aq) + NADH(aq) + ammonia(aq),67ENG/DAL,300.15,0.135,6.97,,1.05E-6,,
1,565,2,1,23,L-glutamate(aq) + NAD(aq) + H2O(l) = 2-oxoglutarate(aq) + NADH(aq) + ammonia(aq),67ENG/DAL,300.15,0.233,6.95,,1.30E-6,,
1,565,2,1,24,L-glutamate(aq) + NAD(aq) + H2O(l) = 2-oxoglutarate(aq) + NADH(aq) + ammonia(aq),67ENG/DAL,300.15,0.233,6.9,,1.24E-6,,
1,565,2,1,25,L-glutamate(aq) + NAD(aq) + H2O(l) = 2-oxoglutarate(aq) + NADH(aq) + ammonia(aq),67ENG/DAL,300.15,0.233,6.99,,1.39E-6,,
1,565,2,1,26,L-glutamate(aq) + NAD(aq) + H2O(l) = 2-oxoglutarate(aq) + NADH(aq) + ammonia(aq),67ENG/DAL,300.15,0.471,6.9,,1.52E-6,,
1,565,2,1,27,L-glutamate(aq) + NAD(aq) + H2O(l) = 2-oxoglutarate(aq) + NADH(aq) + ammonia(aq),67ENG/DAL,300.15,0.471,6.9,,1.49E-6,,
1,565,2,1,28,L-glutamate(aq) + NAD(aq) + H2O(l) = 2-oxoglutarate(aq) + NADH(aq) + ammonia(aq),67ENG/DAL,300.15,0.471,7.17,,2.78E-6,,
1,565,2,1,29,L-glutamate(aq) + NAD(aq) + H2O(l) = 2-oxoglutarate(aq) + NADH(aq) + ammonia(aq),67ENG/DAL,300.15,0.471,6.9,,1.51E-6,,
1,565,2,1,30,L-glutamate(aq) + NAD(aq) + H2O(l) = 2-oxoglutarate(aq) + NADH(aq) + ammonia(aq),67ENG/DAL,300.15,0.471,6.79,,1.12E-6,,
1,565,2,1,31,L-glutamate(aq) + NAD(aq) + H2O(l) = 2-oxoglutarate(aq) + NADH(aq) + ammonia(aq),67ENG/DAL,300.15,0.471,6.99,,1.84E-6,,
1,565,2,1,32,L-glutamate(aq) + NAD(aq) + H2O(l) = 2-oxoglutarate(aq) + NADH(aq) + ammonia(aq),67ENG/DAL,300.15,0.471,6.99,,1.83E-6,,
1,565,2,1,33,L-glutamate(aq) + NAD(aq) + H2O(l) = 2-oxoglutarate(aq) + NADH(aq) + ammonia(aq),67ENG/DAL,303.15,0.709,6.89,,1.56E-6,,
1,565,2,1,34,L-glutamate(aq) + NAD(aq) + H2O(l) = 2-oxoglutarate(aq) + NADH(aq) + ammonia(aq),67ENG/DAL,303.15,0.709,7.02,,2.18E-6,,
1,565,2,1,35,L-glutamate(aq) + NAD(aq) + H2O(l) = 2-oxoglutarate(aq) + NADH(aq) + ammonia(aq),67ENG/DAL,298.1,0.47,7,,1.40E-6,,
1,565,2,1,36,L-glutamate(aq) + NAD(aq) + H2O(l) = 2-oxoglutarate(aq) + NADH(aq) + ammonia(aq),67ENG/DAL,300.1,0.47,7,,1.80E-6,,
1,565,2,1,37,L-glutamate(aq) + NAD(aq) + H2O(l) = 2-oxoglutarate(aq) + NADH(aq) + ammonia(aq),67ENG/DAL,305.1,0.47,7,,2.80E-6,,
1,565,2,1,38,L-glutamate(aq) + NAD(aq) + H2O(l) = 2-oxoglutarate(aq) + NADH(aq) + ammonia(aq),67ENG/DAL,309.8,0.47,7,,4.30E-6,,
1,565,2,1,39,L-glutamate(aq) + NAD(aq) + H2O(l) = 2-oxoglutarate(aq) + NADH(aq) + ammonia(aq),67ENG/DAL,311.1,0.47,7,,5.30E-6,,
,,,,,,,,,,,,,
1,566,1,1,1,L-glutamate(aq) + NAD(aq) + H2O(l) = 2-oxoglutarate(aq) + NADH(aq) + ammonia(aq),85ANS/PRI,311.15,,7.6,,4.80E-7,,
1,566,1,1,2,L-glutamate(aq) + NAD(aq) + H2O(l) = 2-oxoglutarate(aq) + NADH(aq) + ammonia(aq),85ANS/PRI,311.15,,7.6,,8.00E-8,,
,,,,,,,,,,,,,
1,566,1,2,1,L-glutamate(aq) + AP-NAD(aq) + H2O(l) = 2-oxoglutarate(aq) + AP-NADH(aq) + ammonia(aq),56KAP/CIO,303.15,,7.6,,2.20E-3,,
1,566,1,3,1,L-glutamate(aq) + AP-NAD(aq) + H2O(l) = 2-oxoglutarate(aq) + AP-NADH(aq) + ammonia(aq),78SUB,298.15,,7.6,,,46,
1,566,1,3,2,L-glutamate(aq) + AP-NAD(aq) + H2O(l) = 2-oxoglutarate(aq) + AP-NADH(aq) + ammonia(aq),78SUB,308.15,,7.6,,,52.3,
1,566,2,1,1,L-glutamate(aq) + desamino NAD(aq) + H2O(l) = 2-oxoglutarate(aq) + desamino NADH(aq) + ammonia(aq),53OLS/ANF,299.15,,7,,9.70E-7,,
1,566,2,1,2,L-glutamate(aq) + desamino NAD(aq) + H2O(l) = 2-oxoglutarate(aq) + desamino NADH(aq) + ammonia(aq),53OLS/ANF,299.15,,7.5,,3.10E-6,,
1,566,2,1,3,L-glutamate(aq) + desamino NAD(aq) + H2O(l) = 2-oxoglutarate(aq) + desamino NADH(aq) + ammonia(aq),53OLS/ANF,299.15,,8,,9.70E-6,,
1,566,2,2,1,L-glutamate(aq) + NAD(aq) + H2O(l) = 2-oxoglutarate(aq) + NADH(aq) + ammonia(aq),53OLS/ANF,300.15,,6.5,,4.60E-7,,
1,566,2,2,2,L-glutamate(aq) + NAD(aq) + H2O(l) = 2-oxoglutarate(aq) + NADH(aq) + ammonia(aq),53OLS/ANF,300.15,,7,,1.50E-6,,
1,566,2,2,3,L-glutamate(aq) + NAD(aq) + H2O(l) = 2-oxoglutarate(aq) + NADH(aq) + ammonia(aq),53OLS/ANF,300.15,,7.5,,4.60E-6,,
1,566,2,3,1,L-glutamate(aq) + NADP(aq) + H2O(l) = 2-oxoglutarate(aq) + NADPH(aq) + ammonia(aq),53OLS/ANF,300.15,,6.5,,3.10E-7,,
1,566,2,3,2,L-glutamate(aq) + NADP(aq) + H2O(l) = 2-oxoglutarate(aq) + NADPH(aq) + ammonia(aq),53OLS/ANF,300.15,,7,,9.90E-7,,
1,566,2,3,3,L-glutamate(aq) + NADP(aq) + H2O(l) = 2-oxoglutarate(aq) + NADPH(aq) + ammonia(aq),53OLS/ANF,300.15,,7.5,,3.10E-6,,
1,567,1,1,1,L-glutamate(aq) + NADP(aq) + H2O(l) = 2-oxoglutarate(aq) + NADPH(aq) + ammonia(aq),59FRI,298.15,,8,,4.50E-6,,
1,567,1,2,1,L-glutamate(aq) + NADP(aq) + H2O(l) = 2-oxoglutarate(aq) + NADPH(aq) + ammonia(aq),67ENG/DAL,300.15,0.026,6.93,,2.09E-7,,[in the PDF the EC number is 1.4.1.3]
1,567,1,2,2,L-glutamate(aq) + NADP(aq) + H2O(l) = 2-oxoglutarate(aq) + NADPH(aq) + ammonia(aq),67ENG/DAL,300.15,0.054,6.9,,2.59E-7,,[in the PDF the EC number is 1.4.1.3]
1,567,1,2,3,L-glutamate(aq) + NADP(aq) + H2O(l) = 2-oxoglutarate(aq) + NADPH(aq) + ammonia(aq),67ENG/DAL,300.15,0.054,6.94,,2.91E-7,,[in the PDF the EC number is 1.4.1.3]
1,567,1,2,4,L-glutamate(aq) + NADP(aq) + H2O(l) = 2-oxoglutarate(aq) + NADPH(aq) + ammonia(aq),67ENG/DAL,303.15,0.067,6.96,,3.83E-7,,[in the PDF the EC number is 1.4.1.3]
1,567,1,2,5,L-glutamate(aq) + NADP(aq) + H2O(l) = 2-oxoglutarate(aq) + NADPH(aq) + ammonia(aq),67ENG/DAL,303.15,0.067,6.93,,3.67E-7,,[in the PDF the EC number is 1.4.1.3]
1,567,1,2,6,L-glutamate(aq) + NADP(aq) + H2O(l) = 2-oxoglutarate(aq) + NADPH(aq) + ammonia(aq),67ENG/DAL,303.15,0.091,6.97,,4.96E-7,,[in the PDF the EC number is 1.4.1.3]
1,567,1,2,7,L-glutamate(aq) + NADP(aq) + H2O(l) = 2-oxoglutarate(aq) + NADPH(aq) + ammonia(aq),67ENG/DAL,303.15,0.112,6.96,,5.22E-7,,[in the PDF the EC number is 1.4.1.3]
1,567,1,2,8,L-glutamate(aq) + NADP(aq) + H2O(l) = 2-oxoglutarate(aq) + NADPH(aq) + ammonia(aq),67ENG/DAL,300.15,0.112,6.97,,5.55E-7,,[in the PDF the EC number is 1.4.1.3]
1,567,1,2,9,L-glutamate(aq) + NADP(aq) + H2O(l) = 2-oxoglutarate(aq) + NADPH(aq) + ammonia(aq),67ENG/DAL,300.15,0.134,6.92,,5.92E-7,,[in the PDF the EC number is 1.4.1.3]
1,567,1,2,10,L-glutamate(aq) + NADP(aq) + H2O(l) = 2-oxoglutarate(aq) + NADPH(aq) + ammonia(aq),67ENG/DAL,300.15,0.134,6.92,,5.04E-7,,[in the PDF the EC number is 1.4.1.3]
1,567,1,2,11,L-glutamate(aq) + NADP(aq) + H2O(l) = 2-oxoglutarate(aq) + NADPH(aq) + ammonia(aq),67ENG/DAL,303.15,0.134,6.95,,6.34E-7,,[in the PDF the EC number is 1.4.1.3]
1,567,1,2,12,L-glutamate(aq) + NADP(aq) + H2O(l) = 2-oxoglutarate(aq) + NADPH(aq) + ammonia(aq),67ENG/DAL,303.15,0.471,6.91,,9.03E-7,,[in the PDF the EC number is 1.4.1.3]
1,567,1,2,13,L-glutamate(aq) + NADP(aq) + H2O(l) = 2-oxoglutarate(aq) + NADPH(aq) + ammonia(aq),67ENG/DAL,303.15,0.471,6.79,,8.08E-7,,[in the PDF the EC number is 1.4.1.3]
1,567,1,2,14,L-glutamate(aq) + NADP(aq) + H2O(l) = 2-oxoglutarate(aq) + NADPH(aq) + ammonia(aq),67ENG/DAL,303.15,0.471,6.99,,1.16E-6,,[in the PDF the EC number is 1.4.1.3]
1,567,1,2,15,L-glutamate(aq) + NADP(aq) + H2O(l) = 2-oxoglutarate(aq) + NADPH(aq) + ammonia(aq),67ENG/DAL,298.1,0.47,7,,1.10E-6,,[in the PDF the EC number is 1.4.1.3]
1,567,1,2,16,L-glutamate(aq) + NADP(aq) + H2O(l) = 2-oxoglutarate(aq) + NADPH(aq) + ammonia(aq),67ENG/DAL,300.1,0.47,7,,1.20E-6,,[in the PDF the EC number is 1.4.1.3]
1,567,1,2,17,L-glutamate(aq) + NADP(aq) + H2O(l) = 2-oxoglutarate(aq) + NADPH(aq) + ammonia(aq),67ENG/DAL,305.1,0.47,7,,2.00E-6,,[in the PDF the EC number is 1.4.1.3]
1,567,1,2,18,L-glutamate(aq) + NADP(aq) + H2O(l) = 2-oxoglutarate(aq) + NADPH(aq) + ammonia(aq),67ENG/DAL,309.8,0.47,7,,3.20E-6,,[in the PDF the EC number is 1.4.1.3]
1,567,1,2,19,L-glutamate(aq) + NADP(aq) + H2O(l) = 2-oxoglutarate(aq) + NADPH(aq) + ammonia(aq),67ENG/DAL,311.1,0.47,7,,3.60E-6,,[in the PDF the EC number is 1.4.1.3]
1,567,2,1,1,L-glutamate(aq) + NADP(aq) + H2O(l) = 2-oxoglutarate(aq) + NADPH(aq) + ammonia(aq),78SUB,298.15,,7.6,,2.91E-6,,
1,567,2,1,2,L-glutamate(aq) + NADP(aq) + H2O(l) = 2-oxoglutarate(aq) + NADPH(aq) + ammonia(aq),78SUB,308.15,,7.6,,6.37E-6,,
1,567,2,2,1,L-glutamate(aq) + NADP(aq) + H2O(l) = 2-oxoglutarate(aq) + NADPH(aq) + ammonia(aq),78SUB,298.15,,7.6,,,64.6,
1,567,2,2,2,L-glutamate(aq) + NADP(aq) + H2O(l) = 2-oxoglutarate(aq) + NADPH(aq) + ammonia(aq),78SUB,308.15,,7.6,,,70.3,
1,567,2,3,1,L-glutamate(aq) + NADP(aq) + H2O(l) = 2-oxoglutarate(aq) + NADPH(aq) + ammonia(aq),80COO/BLA,298.15,,8.5,,1.40E-5,,
1,568,1,1,1,L-leucine(aq) + NAD(aq) + H2O(l) = 4-methyl-2-oxopentanoate(aq) + NADH(aq) + ammonia(aq),61SAN/ZIN,298.15,,11.1,,1.11E-2,,
1,568,1,2,1,glycine(aq) + NAD(aq) + H2O(l) = glyoxylate(aq) + NADH(aq) + ammonia(aq),62GOL/WAG,303.15,,6.4,,5.70E-5,,
1,568,1,3,1,"L-erythro-3,5-diaminohexanoate(aq) + NAD(aq) + H2O(l) = (S)-5-amino-3-oxohexanoate(aq) + NADH(aq) + ammonia(aq)",72BAK/JEN,299.15,,7,,4.00E-3,,
1,568,1,3,2,"L-erythro-3,5-diaminohexanoate(aq) + NAD(aq) + H2O(l) = (S)-5-amino-3-oxohexanoate(aq) + NADH(aq) + ammonia(aq)",72BAK/JEN,299.15,,6.97,,4.10E-3,,
1,568,1,3,3,"L-erythro-3,5-diaminohexanoate(aq) + NAD(aq) + H2O(l) = (S)-5-amino-3-oxohexanoate(aq) + NADH(aq) + ammonia(aq)",72BAK/JEN,299.15,,6.93,,3.80E-3,,
1,568,1,3,4,"L-erythro-3,5-diaminohexanoate(aq) + NAD(aq) + H2O(l) = (S)-5-amino-3-oxohexanoate(aq) + NADH(aq) + ammonia(aq)",72BAK/JEN,299.15,,7.37,,5.30E-3,,
1,568,1,3,5,"L-erythro-3,5-diaminohexanoate(aq) + NAD(aq) + H2O(l) = (S)-5-amino-3-oxohexanoate(aq) + NADH(aq) + ammonia(aq)",72BAK/JEN,299.15,,7.37,,5.00E-5,,
1,568,1,3,6,"L-erythro-3,5-diaminohexanoate(aq) + NAD(aq) + H2O(l) = (S)-5-amino-3-oxohexanoate(aq) + NADH(aq) + ammonia(aq)",72BAK/JEN,299.15,,7.37,,6.20E-3,,
1,568,1,3,7,"L-erythro-3,5-diaminohexanoate(aq) + NAD(aq) + H2O(l) = (S)-5-amino-3-oxohexanoate(aq) + NADH(aq) + ammonia(aq)",72BAK/JEN,299.15,,7.37,,8.30E-5,,
1,568,2,1,1,"2,4-diaminopentanoate(aq) + NAD(aq) + H2O(l) = 2-amino-4-oxopentanoate(aq) + NADH(aq) + ammonia(aq)",70TSU/FRI,301.15,,8.75,,3.24E-4,,
1,568,2,2,1,(S)-proline(aq) + NADP(aq) = {\Delta}-1-pyrroline-2-carboxylate(aq) + NADPH(aq),85SRI/FIS,298.15,,7.9,,3.60E-3,,
1,568,2,2,2,(S)-proline(aq) + NADP(aq) = {\Delta}-1-pyrroline-2-carboxylate(aq) + NADPH(aq),85SRI/FIS,298.15,,8.5,,3.60E-3,,
1,568,2,2,3,(S)-proline(aq) + NADP(aq) = {\Delta}-1-pyrroline-2-carboxylate(aq) + NADPH(aq),85SRI/FIS,298.15,,9,,3.60E-3,,
1,568,2,2,4,(S)-proline(aq) + NADP(aq) = {\Delta}-1-pyrroline-2-carboxylate(aq) + NADPH(aq),85SRI/FIS,298.15,,9.2,,3.60E-3,,
1,568,2,3,1,(S)-proline(aq) + NADP(aq) = {\Delta}-1-pyrroline-5-carboxylate(aq) + NADPH(aq),81PAH/JAG,298.15,,9.23,,4.30E-5,,
1,569,1,1,1,"2 7,8-dihydrofolate(aq) = folate(aq) + 5,6,7,8-tetrahydrofolate(aq)",84BLA/COC,295.15,,7,,1.94E1,,
1,569,1,2,1,"5,6,7,8-tetrahydrofolate(aq) + NADP(aq) = 7,8-dihydrofolate(aq) + NADPH(aq)",63HUE,298.15,,7,,1.78E-5,,
1,569,1,3,1,"5,6,7,8-tetrahydrofolate(aq) + NADP(aq) = 7,8-dihydrofolate(aq) + NADPH(aq)",63MAT/HUE,298.15,,7.5,,6.10E-5,,
1,569,1,3,2,"5,6,7,8-tetrahydrofolate(aq) + NADP(aq) = 7,8-dihydrofolate(aq) + NADPH(aq)",63MAT/HUE,298.15,,8.5,,5.60E-4,,
1,569,1,4,1,"5,6,7,8-tetrahydrofolate(aq) + NADP(aq) = 7,8-dihydrofolate(aq) + NADPH(aq)",68NIX/BLA,310.15,,6.7,,2.40E-4,,[Kprime is given with approximate sign]
1,569,1,4,2,"5,6,7,8-tetrahydrofolate(aq) + NADP(aq) = 7,8-dihydrofolate(aq) + NADPH(aq)",68NIX/BLA,310.15,,8,,1.20E-3,,
1,569,2,1,1,"5,6,7,8-tetrahydrofolate(aq) + NADP(aq) = 7,8-dihydrofolate(aq) + NADPH(aq)",72NAG/JAE,298.15,,8.2,,5.00E-4,,
1,569,2,2,1,"5,6,7,8-tetrahydrofolate(aq) + NADP(aq) = 7,8-dihydrofolate(aq) + NADPH(aq)",73ROT/KIS,298.15,,7.4,,,52.7,
1,569,2,3,1,"5,10-methylenetetrahydrofolate(aq) + NADP(aq) = 5,10-methenyltetrahydrofolate(aq) + NADPH(aq)",67UYE/RAB,298.15,,6.9,,1.40E-1,,
1,570,1,1,1,N-2-(D-1-carboxyethyl)-L-arginine(aq) + NAD(aq) + H2O(l) = L-arginine(aq) + pyruvate(aq) + NADH(aq),86MEI/GAD,298.15,,7,,3.00E-6,,
1,570,1,2,1,"5,10-methylenetetrahydrofolate(aq) + AP-NAD(aq) = 5,10-methenyltetrahydrofolate(aq) + AP-NADH(aq)",91WOH/DIE,310.15,,7.2,,8.60E-1,,
1,570,1,2,2,"5,10-methylenetetrahydrofolate(aq) + AP-NAD(aq) = 5,10-methenyltetrahydrofolate(aq) + AP-NADH(aq)",91WOH/DIE,310.15,,8.25,,1.10E-1,,
1,570,1,3,1,"5,10-methylenetetrahydrofolate(aq) + NAD(aq) = 5,10-methenyltetrahydrofolate(aq) + NADH(aq)",84RAG/LJU,298.15,,6.7,,2.00E0,,
1,570,2,1,1,"5,10-methylenetetrahydrofolate(aq) + NAD(aq) = 5,10-methenyltetrahydrofolate(aq) + NADH(aq)",91WOH/DIE,310.15,,7.8,,1.20E-2,,
1,570,2,1,2,"5,10-methylenetetrahydrofolate(aq) + NAD(aq) = 5,10-methenyltetrahydrofolate(aq) + NADH(aq)",91WOH/DIE,310.15,,7.9,,9.60E-3,,
1,570,2,2,1,"2,2'-iminodipropanoate(aq) + NAD(aq) + H2O(l) = L-alanine(aq) + pyruvate(aq) + NADH(aq)",86MEI/GAD,298.15,,7,,1.00E-6,,
1,570,2,3,1,2-methyliminodiacetate(aq) + NAD(aq) + H2O(l) = glycine(aq) + pyruvate(aq) + NADH(aq),86MEI/GAD,298.15,,7,,3.70E-7,,
1,571,1,1,1,L-pipecolate(aq) + NADP(aq) = {\Delta}-1-piperidine-2-carboxylate(aq) + NADPH(aq),91SRI/NAM,277.8,,9.1,,1.11E-2,,
1,571,1,1,2,L-pipecolate(aq) + NADP(aq) = {\Delta}-1-piperidine-2-carboxylate(aq) + NADPH(aq),91SRI/NAM,281.2,,9.1,,1.03E-2,,
1,571,1,1,3,L-pipecolate(aq) + NADP(aq) = {\Delta}-1-piperidine-2-carboxylate(aq) + NADPH(aq),91SRI/NAM,285.3,,9.1,,7.19E-3,,
1,571,1,1,4,L-pipecolate(aq) + NADP(aq) = {\Delta}-1-piperidine-2-carboxylate(aq) + NADPH(aq),91SRI/NAM,291.1,,9.1,,7.75E-3,,
1,571,1,1,5,L-pipecolate(aq) + NADP(aq) = {\Delta}-1-piperidine-2-carboxylate(aq) + NADPH(aq),91SRI/NAM,297.6,,9.1,,5.85E-3,,
1,571,1,1,6,L-pipecolate(aq) + NADP(aq) = {\Delta}-1-piperidine-2-carboxylate(aq) + NADPH(aq),91SRI/NAM,305,,9.1,,5.26E-3,,
1,571,1,2,1,NAD(aq) + NADPH(aq) = NADH(aq) + NADP(aq),53KAP/COL,310.15,,6,,1.48E0,,
1,571,1,2,2,NAD(aq) + NADPH(aq) = NADH(aq) + NADP(aq),53KAP/COL,310.15,,6.5,,1.43E0,,
1,571,1,2,3,NAD(aq) + NADPH(aq) = NADH(aq) + NADP(aq),53KAP/COL,310.15,,7.5,,1.41E0,,
1,571,1,3,1,NAD(aq) + NADPH(aq) = NADH(aq) + NADP(aq),74SCH/STU,298.15,,7,,,-4.1,
1,571,2,1,1,2 reduced glutathione(aq) + NADP(aq) = oxidized glutathione(aq) + NADPH(aq),63MAP/ISH,293.15,,7.4,,1.50E-5,,
1,571,2,1,2,2 reduced glutathione(aq) + NADP(aq) = oxidized glutathione(aq) + NADPH(aq),63MAP/ISH,293.15,,8.3,,1.20E-4,,
1,571,2,1,3,2 reduced glutathione(aq) + NADP(aq) = oxidized glutathione(aq) + NADPH(aq),63MAP/ISH,293.15,,9.3,,3.20E-4,,
1,571,2,2,1,2 reduced glutathione(aq) + NADP(aq) = oxidized glutathione(aq) + NADPH(aq),63SCO/DUN,283.15,,6.8,,6.44E-3,,
1,571,2,2,2,2 reduced glutathione(aq) + NADP(aq) = oxidized glutathione(aq) + NADPH(aq),63SCO/DUN,298.15,,6.8,,6.44E-3,,
1,571,2,2,3,2 reduced glutathione(aq) + NADP(aq) = oxidized glutathione(aq) + NADPH(aq),63SCO/DUN,313.15,,6.8,,5.95E-3,,
1,571,2,3,1,2 reduced glutathione(aq) + NADP(aq) = oxidized glutathione(aq) + NADPH(aq),68VEE,298.15,0.25,6.9,,2.42E-2,,
1,571,2,3,2,2 reduced glutathione(aq) + NADP(aq) = oxidized glutathione(aq) + NADPH(aq),68VEE,311.15,0.25,6.9,,1.56E-2,,
1,572,1,1,1,2 reduced glutathione(aq) + NADP(aq) = oxidized glutathione(aq) + NADPH(aq),69VEE/EGG,311.15,0.25,6.9,,1.56E-2,,
1,572,1,2,1,2 reduced glutathione(aq) + NADP(aq) = oxidized glutathione(aq) + NADPH(aq),84PAU,298.15,,6.8,,,3.6,
1,572,1,3,1,reduced thioredoxin(aq) + NADP(aq) = oxidized thioredoxin(aq) + NADPH(aq),64MOO/REI,298.15,,7,,3.60E-2,,
1,572,1,3,2,reduced thioredoxin(aq) + NADP(aq) = oxidized thioredoxin(aq) + NADPH(aq),64MOO/REI,298.15,,8,,2.70E-1,,
1,572,1,3,3,reduced thioredoxin(aq) + NADP(aq) = oxidized thioredoxin(aq) + NADPH(aq),64MOO/REI,298.15,,9,,2.00E0,,
1,572,2,1,1,2 NADH(aq) + O2(aq) = 2 NAD(aq) + 2 H2O(l),67POE/GUT,298.15,,7,,,-516,
1,572,2,2,1,"5-methyltetrahydrofolate(aq) + flavin-adenine dinucleotide(aq) = 5,10-methylenetetrahydrofolate(aq) + reduced flavin-adenine dinucleotide(aq)",65KAT/BUC,310.15,,6.3,,4.20E-4,,
1,572,2,3,1,dihydrolipoamide(aq) + NAD(aq) = lipoamide(aq) + NADH(aq),59SAN/LAN,295.15,,6.23,,8.10E-2,,
1,572,2,3,2,dihydrolipoamide(aq) + NAD(aq) = lipoamide(aq) + NADH(aq),59SAN/LAN,295.15,,6.86,,1.80E-1,,
1,572,2,3,3,dihydrolipoamide(aq) + NAD(aq) = lipoamide(aq) + NADH(aq),59SAN/LAN,295.15,,7.19,,2.80E-1,,
1,572,2,3,4,dihydrolipoamide(aq) + NAD(aq) = lipoamide(aq) + NADH(aq),59SAN/LAN,295.15,,7.53,,3.60E-1,,
1,572,2,3,5,dihydrolipoamide(aq) + NAD(aq) = lipoamide(aq) + NADH(aq),59SAN/LAN,295.15,,7.74,,6.50E-1,,
1,572,2,3,6,dihydrolipoamide(aq) + NAD(aq) = lipoamide(aq) + NADH(aq),59SAN/LAN,295.15,,7.9,,1.00E0,,
1,572,2,3,7,dihydrolipoamide(aq) + NAD(aq) = lipoamide(aq) + NADH(aq),59SAN/LAN,295.15,,8.23,,1.50E0,,
1,572,2,3,8,dihydrolipoamide(aq) + NAD(aq) = lipoamide(aq) + NADH(aq),59SAN/LAN,295.15,,8.42,,2.60E0,,
1,572,2,3,9,dihydrolipoamide(aq) + NAD(aq) = lipoamide(aq) + NADH(aq),59SAN/LAN,295.15,,8.59,,3.60E0,,
1,572,2,3,10,dihydrolipoamide(aq) + NAD(aq) = lipoamide(aq) + NADH(aq),59SAN/LAN,295.15,,9.08,,4.80E0,,
1,573,1,1,1,dihydro-{\alpha}-lipoate(aq) + NAD(aq) = {\alpha}-lipoate(aq) + NADH(aq),57SAN/SEA,295.15,,7.1,,2.10E-1,,
1,573,1,2,1,dihydro-{\alpha}-lipoate(aq) + NAD(aq) = {\alpha}-lipoate(aq) + NADH(aq),59GOL,295.15,,6,,5.50E-3,,
1,573,1,3,1,dihydro-{\alpha}-lipoate(aq) + NAD(aq) = {\alpha}-lipoate(aq) + NADH(aq),59SAN/LAN,295.15,,7.1,,1.30E-1,,
1,573,1,4,1,CoA(aq) + oxidized glutathione(aq) = CoA-glutathione(aq) + reduced glutathione(aq),66CHA/WIL,298.15,,6.9,,1.25E0,,
1,573,2,1,1,4 reduced cytochrome c(aq) + O2(aq) = 4 cytochrome c(aq) + 2 H2O(l),76GRE/BRI,298.15,,7.4,,7.50E-1,,[Kprime is given with approximate sign]
1,573,2,2,1,4 reduced cytochrome c(aq) + O2(aq) = 4 cytochrome c(aq) + 2 H2O(l),91MOR/FRE,299.4,,7.4,,,-69,
1,573,2,3,1,H2(aq) + NAD(aq) = NADH(aq),79REK/EGO,298.15,,7.2,,,-27.4,
,,,,,,,,,,,,,
2,550,2,1,1,"betaine(aq) + L-homocysteine(aq) = N,N-dimethylglycine(aq) + L-methionine(aq)",62DUR/RAW,298.15,,7.1,,,-36.8,
2,551,1,1,1,dimethylacetothetin(aq) + L-homocysteine(aq) = S-methylthioglycolate(aq) + L-methionine(aq),57DUR/STU,298.15,,7.1,,,-57.7,
2,551,1,2,1,dimethylacetothetin(aq) + L-homocysteine(aq) = S-methylthioglycolate(aq) + L-methionine(aq),62DUR/RAW,298.15,,7.1,,,-52.3,
2,551,1,3,1,dimethylacetothetin(aq) + L-homocysteine(aq) = S-methylthioglycolate(aq) + L-methionine(aq),66MUD/KLE,297.15,,7.07,,,-49.3,
2,551,2,1,1,dimethylpropiothetin(aq) + L-homocysteine(aq) = S-methylpropiothetin(aq) + L-methionine(aq),66MUD/KLE,297.15,,7.07,,,-41.4,
2,551,2,2,1,S-methylmethionine(aq) + L-homocysteine(aq) = 2 L-methionine(aq),62DUR/RAW,298.15,,7.1,,,-37.2,
2,551,2,3,1,trimethylsulfonium(aq) + L-homocysteine(aq) = dimethylsulfide(aq) + L-methionine(aq),66MUD/KLE,297.15,,7.07,,,-33.4,
2,551,2,4,1,S-adenosyl-L-methionine(aq) + L-homocysteine(aq) = S-adenosyl-L-homocysteine(aq) + L-methionine(aq),66MUD/KLE,297.15,,7.07,,,-65.3,
2,552,1,1,1,"5,10-methylenetetrahydrofolate(aq) + dUMP(aq) = dihydrofolate(aq) + dTMP(aq)",73ROT/KIS,298.15,,7.4,,,-40.6,
2,552,1,2,1,glycine(aq) + acetaldehyde(aq) = L-threonine(aq),57KAR/GRE,310.15,,7.6,,5.60E1,,
2,552,1,3,1,glycine(aq) + formaldehyde(aq) = L-serine(aq),56ALE/GRE,310.15,,7.2,,2.76E3,,
2,552,1,4,1,"5,10-methylenetetrahydrofolate(aq) + glycine(aq) + H2O(l) = tetrahydrofolate(aq) + L-serine(aq)",60BLA,298.15,,7.4,,9.80E-2,,
2,552,2,1,1,5-formiminotetrahydrofolate(aq) + glycine(aq) = N-formiminoglycine(aq) + tetrahydrofolate(aq),56RAB/PRI,310.15,,7,,5.00E0,,
2,552,2,2,1,5-formiminotetrahydrofolate(aq) + glycine(aq) = N-formiminoglycine(aq) + tetrahydrofolate(aq),65UYE/RAB,298.15,,7,,3.10E0,,
2,552,2,3,1,5-formiminotetrahydrofolate(aq) + L-glutamate(aq) = N-formimino-L-glutamate(aq) + tetrahydrofolate(aq),59TAB/WYN,298.15,,6.7,,1.30E0,,
2,552,2,4,1,5-formiminotetrahydrofolate(aq) + L-glutamate(aq) = N-formimino-L-glutamate(aq) + tetrahydrofolate(aq),62SIL,310.15,,6.6,,9.00E-2,,
2,553,1,1,1,"2-hydroxymethylserine(aq) + tetrahydrofolate(aq) = 5,10-methylenetetrahydrofolate(aq) + D-serine(aq) + H2O(1)",62WIL/SNE,311.15,,7.5,,8.00E0,,
2,553,1,2,1,2-hydroxymethylserine(aq) = D-serine(aq) + formaldehyde(aq),62WIL/SNE,311.15,,7.5,,2.70E-4,,
2,553,1,3,1,"2-methylserine(aq) + tetrahydrofolate(aq) = 5,10-methylenetetrahydrofolate(aq) + D-alanine(aq) + H2O(l)",62WIL/SNE,311.15,,7.5,,3.00E0,,
2,553,1,4,1,2-methylserine(aq) = D-alanine(aq) + formaldehyde(aq),62WIL/SNE,311.15,,7.5,,2.70E-4,,
2,553,2,1,1,oxaloacetate(aq) + propanoyl-CoA(aq) = pyruvate(aq) + methylmalonyl-CoA(aq),61WOO/STJ,303.15,,6.5,,1.90E0,,
2,553,2,2,1,carbamoyl phosphate(aq) + L-ornithine(aq) = L-citrulline(aq) + orthophosphate(aq),57REI,310.15,,7.4,,1.00E5,,
2,553,2,3,1,carbamoyl phosphate(aq) + oxamate(aq) = orthophosphate(aq) + carbamoyl oxamate(aq),64BOJ/GAU,310.15,,8.3,,6.20E-1,,
2,554,1,1,1,L-arginine(aq) + glycine(aq) = L-ornithine(aq) + guanidinoacetate(aq),56RAT/ROC,311.15,,7.5,,1.10E0,,
2,554,1,2,1,D-fructose 6-phosphate(aq) + D-glyceraldehyde 3-phosphate(aq) = D-erythrose 4-phosphate(aq) + D-xylulose 5-phosphate(aq),61DAT/RAC,298.15,,7.6,,8.40E-2,,
2,554,1,3,1,D-fructose 6-phosphate(aq) + D-glyceraldehyde 3-phosphate(aq) = D-erythrose 4-phospahte(aq) + D-xylulose 5-phosphate(aq),86CAS/VEE,311.15,0.25,7,3,3.73E-2,,c(Mg2+) = 0.001 M
2,554,1,4,1,D-fructose 6-phosphate(aq) + glycolaldehyde(aq) = L-erythrulose(aq) + D-erythrose 4-phosphate(aq),61DAT/RAC,298.15,,7.6,,1.50E-2,,
2,554,2,1,1,sedoheptulose 7-phosphate(aq) + D-glyceraldehyde 3-phosphate(aq) = D-ribose 5-phosphate(aq) + D-xylulose 5-phosphate(aq),61DAT/RAC,298.15,,7.6,,9.00E-1,,
2,554,2,2,1,sedoheptulose 7-phosphate(aq) + D-glyceraldehyde 3-phosphate(aq) = D-ribose 5-phosphate(aq) + D-xylulose 5-phosphate(aq),86CAS/VEE,311.15,0.25,7,3,4.80E-1,,c(Mg2+) = 0.001 M
2,554,2,3,1,D-fructose(aq) + D-glyceraldehyde-3-phosphate(aq) = D-fructose 6-phosphate(aq) + D-glyceraldehyde(aq),59BON/PON,303.15,,7.6,,2.70E-1,,
2,554,2,4,1,sedoheptulose 7-phosphate(aq) + D-glyceraldehyde 3-phosphate(aq) = D-erythrose 4-phosphate(aq) + D-fructose 6-phosphate(aq),55HOR/SMY,298.15,,7.6,,8.20E-1,,
2,555,1,1,1,sedoheptulose 7-phosphate(aq) + D-glyceraldehyde 3-phosphate(aq) = D-erythrose 4-phosphate(aq) + D-fructose 6-phosphate(aq),61RAC2,310.15,,7.4,,1.05E0,,
2,555,1,2,1,sedoheptulose 7-phosphate(aq) + D-glyceraldehyde 3-phosphate(aq) = D-erythrose 4-phosphate(aq) + D-fructose 6-phosphate(aq),61VEN/RAC,310.15,,7.4,,1.05E0,,
2,555,1,3,1,sedoheptulose 7-phosphate(aq) + D-glyceraldehyde 3-phosphate(aq) = D-erythrose 4-phosphate(aq) + D-fructose 6-phosphate(aq),86CAS/VEE,311.15,0.25,7,3,3.70E-1,,c(Mg2+) = 0.001 M
2,555,1,4,1,acetyl phosphate(aq) + imidazole(aq) = N-acetylimidazole(aq) + orthophosphate(aq),54STA,299.15,,6.15,,6.00E-3,,"[same data is shown on p.558, col r, table 1; this first occurence here on p.555 is considered the authoritative one]"
2,555,1,4,2,acetyl phosphate(aq) + imidazole(aq) = N-acetylimidazole(aq) + orthophosphate(aq),54STA,299.15,,6.45,,7.30E-3,,"[same data is shown on p.558, col r, table 1; this first occurence here on p.555 is considered the authoritative one]"
2,555,1,4,3,acetyl phosphate(aq) + imidazole(aq) = N-acetylimidazole(aq) + orthophosphate(aq),54STA,299.15,,6.95,,1.10E-2,,"[same data is shown on p.558, col r, table 1; this first occurence here on p.555 is considered the authoritative one]"
2,555,1,4,4,acetyl phosphate(aq) + imidazole(aq) = N-acetylimidazole(aq) + orthophosphate(aq),54STA,299.15,,7.2,,9.90E-3,,"[same data is shown on p.558, col r, table 1; this first occurence here on p.555 is considered the authoritative one]"
2,555,1,4,5,acetyl phosphate(aq) + imidazole(aq) = N-acetylimidazole(aq) + orthophosphate(aq),54STA,299.15,,7.3,,9.20E-3,,"[same data is shown on p.558, col r, table 1; this first occurence here on p.555 is considered the authoritative one]"
2,555,2,1,1,4-aminoazobenzene-4'-sulfonic acid(aq) + acetanilide(aq) = N-acetyl-4-aminoazobenzene-4'-sulfonic acid(aq) + aniline(aq),71JEN/SCH,298.15,,8.5,,6.00E-2,,
2,555,2,2,1,4-aminoazobenzene-4'-sulfonic acid(aq) + 4'-acetylacetanalide(aq) = N-acetyl-4-aminoazobenzene-4'-sulfonic acid(aq) + 4'-aminoacetophenone(aq),71JEN/SCH,298.15,,8.5,,1.70E0,,
2,555,2,3,1,4-aminoazobenzene-4'-sulfonic acid(aq) + 4'-chloroacetanilide(aq) = N-acetyl-4-aminoazobenzene-4'-sulfonic acid(aq) + 4'-chloroaniline(aq),71JEN/SCH,298.15,,8.5,,1.30E-1,,
2,555,2,4,1,4-aminoazobenzene-4'-sulfonic acid(aq) + 4'-cyanoacetanilide(aq) = N-acetyl-4-aminoazobenzene-4'-sulfonic acid(aq) + 4'-cyanoaniline(aq),71JEN/SCH,298.15,,8.5,,3.70E0,,
2,556,1,1,1,4-aminoazobenzene-4'-sulfonic acid(aq) + ethyl 4-acetamidobenzoate(aq) = N-acetyl-4-aminoazobenzene-4'-sulfonic acid(aq) + ethyl 4-aminobenzoate(aq),71JEN/SCH,298.15,,8.5,,9.40E-1,,
2,556,1,2,1,4-aminoazobenzene-4'-sulfonic acid(aq) + 4'-methoxyacetanilide(aq) = N-acetyl-4-aminoazobenzene-4'-sulfonic acid(aq) + 4-methoxyaniline(aq),71JEN/SCH,298.15,,8.5,,1.70E-2,,
2,556,1,3,1,4-aminoazobenzene-4'-sulfonic acid(aq) + 4'-methylacetanilide(aq) = N-acetyl-4-aminoazobenzene-4'-sulfonic acid(aq) + p-toluidine(aq),71JEN/SCH,298.15,,8.5,,3.40E-2,,
2,556,1,4,1,4-aminoazobenzene-4'-sulfonic acid(aq) + 4'-nitroacetanilide(aq) = N-acetyl-4-aminoazobenzene-4'-sulfonic acid(aq) + 4-nitroaniline(aq),71JEN/SCH,298.15,,8.5,,8.50E0,,
2,556,2,1,1,"4-aminoazobenzene-4'-sulfonic acid(aq) + {\alpha},{\alpha},{\alpha}-trifluoro-m-acetanilide(aq) = N-acetyl-4-aminoazobenzene-4'-sulfonic acid(aq) + {\alpha},{\alpha},{\alpha}-trifluoro-m-toluidine(aq)",71JEN/SCH,298.15,,8.5,,3.70E0,,
2,556,2,2,1,acetyl-CoA(aq) + choline(aq) = CoA(aq) + O-acetylcholine(aq),66SCH,310.15,,7,,1.45E2,,c(NaCl) = 0.0 M
2,556,2,2,2,acetyl-CoA(aq) + choline(aq) = CoA(aq) + O-acetylcholine(aq),66SCH,310.15,,7,,5.10E3,,c(NaCl) = 0.3 M
2,556,2,3,1,acetyl-CoA(aq) + choline(aq) = CoA(aq) + O-acetylcholine(aq),68POT/GLO,311.15,,7,,5.22E2,,
2,556,2,4,1,acetyl-CoA(aq) + choline(aq) = CoA(aq) + O-acetylcholine(aq),71GLO/POT,310.15,,7.2,,4.10E1,,
2,557,1,1,1,acetyl-CoA(aq) + choline(aq) = CoA(aq) + O-acetylcholine(aq),75PIE/GUY,298.15,0.25,7.03,,1.17E1,,
2,557,1,1,2,acetyl-CoA(aq) + choline(aq) = CoA(aq) + O-acetylcholine(aq),75PIE/GUY,311.15,0.25,7.03,,1.23E1,,
2,557,1,2,1,acetyl-CoA(aq) + L-carnitine(aq) = CoA(aq) + L-acetylcarnitine(aq),63FRI/SCH,308.15,,7,,1.60E0,,
2,557,1,3,1,acetyl-CoA(aq) + L-carnitine(aq) = CoA(aq) + L-acetylcarnitine(aq),69BRE/AAS,298.15,,7.5,,1.50E0,,
2,557,1,4,1,acetyl-CoA(aq) + L-carnitine(aq) = CoA(aq) + L-acetylcarnitine(aq),75PIE/GUY,298.15,0.25,7,,1.60E0,,
2,557,1,4,2,acetyl-CoA(aq) + L-carnitine(aq) = CoA(aq) + L-acetylcarnitine(aq),75PIE/GUY,311.15,0.25,7,,1.73E0,,
2,557,2,1,1,butyryl-CoA(aq) + L-carnitine(aq) = CoA(aq) + L-butyrylcarnitine(aq),69BRE/AAS,298.15,,7.5,,1.00E0,,
2,557,2,2,1,propionyl-CoA(aq) + L-carnitine(aq) = CoA(aq) + L-propionylcarnitine(aq),69BRE/AAS,298.15,,7.5,,1.30E0,,
2,557,2,3,1,acetyl-CoA(aq) + orthophosphate(aq) = CoA(aq) + acetyl phosphate(aq),52STA,301.15,,8.1,,1.70E-2,,
2,557,2,4,1,acetyl-CoA(aq) + orthophosphate(aq) = CoA(aq) + acetyl phosphate(aq),55STA,301.15,,8,,1.35E-2,,
2,558,1,1,1,acetyl-CoA(aq) + orthophosphate(aq) = CoA(aq) + acetyl phosphate(aq),63BER/HOL,298.15,,7.4,,6.80E-3,,
2,558,1,2,1,acetyl-CoA(aq) + orthophosphate(aq) = CoA(aq) + acetyl phosphate(aq),63SLY/STA,303.15,,6.85,,1.42E-2,,
2,558,1,3,1,acetyl-CoA(aq) + orthophosphate(aq) = CoA(aq) + acetyl phosphate(aq),69KLO,298.15,,7.4,,6.80E-3,,
2,558,1,4,1,acetyl-CoA(aq) + orthophosphate(aq) = CoA(aq) + acetyl phosphate(aq),71NOJ/TAN,300.15,,7.6,,7.50E-3,,
2,558,1,5,1,acetyl-CoA(aq) + orthophosphate(aq) = CoA(aq) + acetyl phosphate(aq),73RAD/HOC,298.15,,7.6,,6.50E-3,,
2,558,2,1,1,acetyl phosphate(aq) + imidazole(aq) = N-acetylimidazole(aq) + orthophosphate(aq),54STA,299.15,,6.15,,6.00E-3,,"[same data was shown in part 2, page 555, col l, table 4; the first occurence on p.555 is considered the authoritative one]"
2,558,2,1,2,acetyl phosphate(aq) + imidazole(aq) = N-acetylimidazole(aq) + orthophosphate(aq),54STA,299.15,,6.45,,7.30E-3,,"[same data was shown in part 2, page 555, col l, table 4; the first occurence on p.555 is considered the authoritative one]"
2,558,2,1,3,acetyl phosphate(aq) + imidazole(aq) = N-acetylimidazole(aq) + orthophosphate(aq),54STA,299.15,,6.95,,1.10E-2,,"[same data was shown in part 2, page 555, col l, table 4; the first occurence on p.555 is considered the authoritative one]"
2,558,2,1,4,acetyl phosphate(aq) + imidazole(aq) = N-acetylimidazole(aq) + orthophosphate(aq),54STA,299.15,,7.2,,9.90E-3,,"[same data was shown in part 2, page 555, col l, table 4; the first occurence on p.555 is considered the authoritative one]"
2,558,2,1,5,acetyl phosphate(aq) + imidazole(aq) = N-acetylimidazole(aq) + orthophosphate(aq),54STA,299.15,,7.3,,9.20E-3,,"[same data was shown in part 2, page 555, col l, table 4; the first occurence on p.555 is considered the authoritative one]"
2,558,2,2,1,formyl-CoA(aq) + orthophosphate(aq) = CoA(aq) + formyl phosphate(aq),63SLY/STA,303.15,,6.85,,1.40E-1,,
2,558,2,3,1,pyruvate(aq) + orthophosphate(aq) = acetyl phosphate(aq) + formate(aq),71TAN/JOH,310.15,,7.2,,2.30E1,,"[same data is shown later on page 560, col 2, table 1; this occurence here on page 558 is considered the authoritative one]"
2,559,1,1,1,CoA(aq) + acetate(aq) + ATP(aq) = acetyl-CoA(aq) + ADP(aq) + orthophospate(aq),73GUY/VEE,311.15,0.25,7.01,2.57,1.64E-1,,c(Mg2+) = 4.1E-3 M
2,559,1,1,2,CoA(aq) + acetate(aq) + ATP(aq) = acetyl-CoA(aq) + ADP(aq) + orthophospate(aq),73GUY/VEE,311.15,0.25,7.01,2.39,1.71E-1,,c(Mg2+) = 2.7E-3 M
2,559,1,1,3,CoA(aq) + acetate(aq) + ATP(aq) = acetyl-CoA(aq) + ADP(aq) + orthophospate(aq),73GUY/VEE,311.15,0.25,7.01,3.16,2.52E-1,,c(Mg2+) = 6.9E-4 M
2,559,1,1,4,CoA(aq) + acetate(aq) + ATP(aq) = acetyl-CoA(aq) + ADP(aq) + orthophospate(aq),73GUY/VEE,311.15,0.25,7.01,3.54,3.95E-1,,c(Mg2+) = 2.9E-4 M
2,559,1,1,5,CoA(aq) + acetate(aq) + ATP(aq) = acetyl-CoA(aq) + ADP(aq) + orthophospate(aq),73GUY/VEE,311.15,0.25,7.01,4.32,6.95E-1,,c(Mg2+) = 4.8E-5 M
2,559,1,1,6,CoA(aq) + acetate(aq) + ATP(aq) = acetyl-CoA(aq) + ADP(aq) + orthophospate(aq),73GUY/VEE,311.15,0.25,7.01,5.6,9.89E-1,,c(Mg2+) = 2.5E-6 M
2,559,1,2,1,2 acetyl-CoA(aq) = CoA(aq) + acetoacetyl-CoA(aq),53LYN/OCH,298.15,,8.1,,2.00E-5,,
2,559,1,2,2,2 acetyl-CoA(aq) = CoA(aq) + acetoacetyl-CoA(aq),53LYN/OCH,298.15,,9,,1.00E-4,,
2,559,1,3,1,2 acetyl-CoA(aq) = CoA(aq) + acetoacetyl-CoA(aq),53STE/COO,298.15,,8.1,,2.00E-5,,
2,559,1,4,1,2 acetyl-CoA(aq) = CoA(aq) + acetoacetyl-CoA(aq),54GOL,289.15,,8.5,,6.00E-5,,
2,559,1,4,2,2 acetyl-CoA(aq) = CoA(aq) + acetoacetyl-CoA(aq),54GOL,289.15,,8.8,,8.70E-5,,
2,559,2,1,1,2 acetyl-CoA(aq) = CoA(aq) + acetoacetyl-CoA(aq),55DEC,298.15,,6,,1.48E-5,,c(Mg2+) = 0.0 M
2,559,2,1,2,2 acetyl-CoA(aq) = CoA(aq) + acetoacetyl-CoA(aq),55DEC,298.15,,7,,1.56E-5,,c(Mg2+) = 0.0 M
2,559,2,1,3,2 acetyl-CoA(aq) = CoA(aq) + acetoacetyl-CoA(aq),55DEC,298.15,,8,,1.85E-5,,c(Mg2+) = 0.0 M
2,559,2,1,4,2 acetyl-CoA(aq) = CoA(aq) + acetoacetyl-CoA(aq),55DEC,298.15,,9,,6.62E-5,,c(Mg2+) = 0.0 M
2,559,2,1,5,2 acetyl-CoA(aq) = CoA(aq) + acetoacetyl-CoA(aq),55DEC,298.15,,8,1.89,6.17E-5,,c(Mg2+) = 1.3E-2 M
2,559,2,1,6,2 acetyl-CoA(aq) = CoA(aq) + acetoacetyl-CoA(aq),55DEC,298.15,,8,0.7,4.36E-4,,c(Mg2+) = 2.0E-2 M
2,559,2,2,1,palmitoyl-CoA(aq) + L-carnitine(aq) = CoA(aq) + L-palmitoylcarnitine(aq),64NOR,310.15,,7.5,,5.00E-1,,
2,559,2,3,1,N-2-acetyl-L-ornithine(aq) + L-glutamate(aq) = L-ornithine(aq) + N-acetyl-L-glutamate(aq),66STA/DEN,310.15,,7.5,,4.70E-1,,
2,560,1,1,1,acetyl-CoA(aq) + acyl-carrier protein(aq) = CoA(aq) + acetyl-[acyl-carrier protein](aq),66WIL/WAK,311.15,,6.5,,2.09E0,,
2,560,1,2,1,malonyl-CoA(aq) + acyl-carrier protein(aq) = CoA(aq) + malonyl-[acyl-carrier protein](aq),66WIL/WAK,311.15,,6.5,,2.33E0,,
2,560,1,3,1,malonyl-CoA(aq) + acyl-carrier protein(aq) = CoA(aq) + malonyl-[acyl-carrier protein](aq),71JOS/WAK,298.15,,6.5,,1.80E-2,,
2,560,1,4,1,acetyl-CoA(aq) + formate(aq) = CoA(aq) + pyruvate(aq),74KNA/BLA,303.15,,8.1,,1.33E-3,,
2,560,2,1,1,pyruvate(aq) + orthophosphate(aq) = acetyl phosphate(aq) + formate(aq),71TAN/JOH,310.15,,7.2,,2.30E1,,"[same data was shown in part 2, page 558, col r, table 3; the first occurence on p.558 is considered the authoritative one]"
2,560,2,2,1,sucrose(aq) + orthophosphate(aq) = {\alpha}-D-glucose 1-phosphate(aq) + D-fructose(aq),43DOU,303.15,,5.8,,1.10E1,,
2,560,2,2,2,sucrose(aq) + orthophosphate(aq) = {\alpha}-D-glucose 1-phosphate(aq) + D-fructose(aq),43DOU,303.15,,6.6,,2.00E1,,
2,560,2,3,1,sucrose(aq) + orthophosphate(aq) = {\alpha}-D-glucose 1-phosphate(aq) + D-fructose(aq),61DOU,303.15,,6.6,,2.00E1,,
2,560,2,4,1,sucrose(aq) + orthophosphate(aq) = {\alpha}-D-glucose 1-phosphate(aq) + D-fructose(aq),67SIL/VOE,303.15,,7,,1.60E1,,
2,561,1,1,1,sucrose(aq) + orthophosphate(aq) = {\alpha}-D-glucose 1-phosphate(aq) + D-fructose(aq),89GOL/TEW,298.15,,8.25,,3.15E1,,
2,561,1,2,1,maltose(aq) + orthophosphate(aq) = D-glucose(aq) + {\beta}-D-glucose 1-phosphate(aq),52FIT/DOU,310.15,,7,,2.30E-1,,
2,561,1,3,1,maltose(aq) + orthophosphate(aq) = D-glucose(aq) + {\beta}-D-glucose 1-phosphate(aq),61DOU,310.15,,7,,2.30E-1,,
2,561,1,4,1,"sucrose(aq) + (2,6-{\beta}-D-fructosyl)n(aq) = D-glucose(aq) + (2,6-{\beta}-D-fructosyl)n+1(aq)",66DED,310.15,,6,,3.60E-2,,
2,561,2,1,1,ADPglucose(aq) + D-fructose(aq) = ADP(aq) + sucrose(aq),66MUR/SUG,310.15,,7.4,,1.60E0,,
2,561,2,2,1,UDPglucose(aq) + D-fructose(aq) = UDP(aq) + sucrose(aq),55CAR/LEL,310.15,,7.4,,5.00E0,,
2,561,2,3,1,UDPglucose(aq) + D-fructose(aq) = UDP(aq) + sucrose(aq),64AVI,303.15,,7.6,,1.60E0,,
2,561,2,4,1,UDPglucose(aq) + D-fructose(aq) = UDP(aq) + sucrose(aq),64MIL/AVI,298.15,,7.2,,1.30E0,,
2,562,1,1,1,UDPglucose(aq) + D-fructose(aq) = UDP(aq) + sucrose(aq),66MUR/SUG,310.15,,7.4,,3.30E0,,
2,562,1,2,1,UDPglucose(aq) + D-fructose(aq) = UDP(aq) + sucrose(aq),72DEL,298.15,,7.5,,6.70E0,,
2,562,1,3,1,UDPglucose(aq) + D-fructose 6-phosphate(aq) = UDP(aq) + sucrose 6-phosphate(aq),60MEN,311.15,,5.5,,5.30E1,,
2,562,1,3,2,UDPglucose(aq) + D-fructose 6-phosphate(aq) = UDP(aq) + sucrose 6-phosphate(aq),60MEN,311.15,,7.5,,3.25E3,,
2,562,1,4,1,UDPglucose(aq) + D-fructose 6-phosphate(aq) = UDP(aq) + sucrose 6-phosphate(aq),85BAR,310.15,,7.5,,5.00E0,,
2,562,2,1,1,UDPglucose(aq) + D-fructose 6-phosphate(aq) = UDP(aq) + sucrose 6-phosphate(aq),90LUN/APR,298.15,,7,2.6,5.30E0,,c(MgCl2) = 0.0025
2,562,2,1,2,UDPglucose(aq) + D-fructose 6-phosphate(aq) = UDP(aq) + sucrose 6-phosphate(aq),90LUN/APR,298.15,,7,2,2.60E1,,c(MgCl2) = 0.010
2,562,2,1,3,UDPglucose(aq) + D-fructose 6-phosphate(aq) = UDP(aq) + sucrose 6-phosphate(aq),90LUN/APR,298.15,,7.5,2.6,1.00E1,,c(MgCl2) = 0.0025
2,562,2,1,4,UDPglucose(aq) + D-fructose 6-phosphate(aq) = UDP(aq) + sucrose 6-phosphate(aq),90LUN/APR,298.15,,7.5,2,6.20E1,,c(MgCl2) = 0.010
2,562,2,2,1,"UDP-glucose + D-glucose 6-phosphate = UDP + {\alpha},{\alpha}-trehalose 6-phosphate",58CAB/LEL,310.15,,6.1,,4.00E1,,
2,562,2,3,1,cycloheptaamylose(aq) + 7 H2O(l) = 7 D-glucose(aq),72TAK/ONO,298.15,,5,,,-48.7,"[same data is shown in part 3, page 1061, col 2, table 3; this occurence here is considered the authoritative one]"
2,562,2,4,1,cyclohexaamylose(aq) + 6 H2O(l) = 6 D-glucose(aq),72TAK/ONO,298.15,,5,,,-53.5,"[same data is shown in part 3, page 1062, col 1, table 1; this occurence here is considered the authoritative one]"
2,563,1,1,1,cyclooctaamylose(aq) + 8 H2O(l) = 8 D-glucose(aq),72TAK/ONO,298.15,,5,,,-53,"[same data is shown in part 3, page 1062, col 1, table 2; this occurence here is considered the authoritative one]"
2,563,1,2,1,cellobiose(aq) + orthophosphate(aq) = D-glucose(aq) + {\alpha}-D-glucose 1-phosphate(aq),59ALE,310.15,,7,,2.30E-1,,
2,563,1,3,1,cellobiose(aq) + orthophosphate(aq) = D-glucose(aq) + {\alpha}-D-glucose 1-phosphate(aq),92KIT/SAS,310.15,,7,,3.20E-1,,
2,563,1,4,1,cellobiose(aq) + orthophosphate(aq) = D-glucose(aq) + {\alpha}-D-glucose 1-phosphate(aq),69SHE/ALE,310.15,,7.5,,4.00E-1,,
2,563,2,1,1,laminaribiose(aq) + orthophosphate(aq) = D-glucose(aq) + {\alpha}-D-glucose 1-phosphate(aq),66GOL/MAR,310.15,,6.5,,3.00E-1,,
2,563,2,2,1,laminaritetraose(aq) + orthophosphate(aq) = laminaritriose(aq) + {\alpha}-D-glucose 1-phosphate(aq),66GOL/MAR,310.15,,6.5,,3.60E-1,,
2,563,2,3,1,laminaritriose(aq) + orthophosphate(aq) = laminaribiose(aq) + {\alpha}-D-glucose 1-phosphate(aq),66GOL/MAR,310.15,,6.5,,2.60E-1,,
2,563,2,4,1,"{\alpha},{\alpha}-trehalose(aq) + orthophosphate(aq) = D-glucose(aq) + {\beta}-D-glucose 1-phosphate(aq)",72MAR/BEL,310.15,,6.3,,5.90E-2,,
2,563,2,4,2,"{\alpha},{\alpha}-trehalose(aq) + orthophosphate(aq) = D-glucose(aq) + {\beta}-D-glucose 1-phosphate(aq)",72MAR/BEL,310.15,,7,,2.40E-1,,
2,564,1,1,1,1-{\alpha}-D-galactosyl-myo-inositol(aq) + raffinose(aq) = myo-inositol(aq) + stachyose(aq),68TAN/KAN,305.15,,7,,4.00E0,,
2,564,1,2,1,1-{\alpha}-D-galactosyl-myo-inositol(aq) + raffinose(aq) = myo-inositol(aq) + stachyose(aq),72LEH/TAN,298.15,,6.5,,4.00E0,,
2,564,1,3,1,UDPglucose(aq) + sinapate(aq) = UDP(aq) + 1-sinapoyl-D-glucose(aq),93MOC/STR,303.15,,6,,2.10E-1,,
2,564,1,4,1,adenosine(aq) + orthophosphate(aq) = adenine(aq) + {\alpha}-D-ribose 1-phosphate(aq),67SAK/YOR2,310.15,,7,,6.30E-2,,
2,564,1,4,2,adenosine(aq) + orthophosphate(aq) = adenine(aq) + {\alpha}-D-ribose 1-phosphate(aq),67SAK/YOR2,310.15,,9,,1.20E-1,,
2,564,2,1,1,adenosine(aq) + orthophosphate(aq) = adenine(aq) + {\alpha}-D-ribose 1-phosphate(aq),80CAM/SGA,298.15,,7,,5.41E-3,,
2,564,2,2,1,2'-deoxyinosine(aq) + orthophosphate(aq) = hypoxanthine(aq) + 2-deoxy-{\alpha}-D-ribose 1-phosphate(aq),50FRI,297.15,,7.4,,1.90E-2,,"[same data is shown in part 7, page 1360, column 2, table 2; the occurence here in part 2 is considered the authoritativeo one]"
2,564,2,3,1,2'-deoxyinosine(aq) + orthophosphate(aq) = hypoxanthine(aq) + 2-deoxy-{\alpha}-D-ribose 1-phosphate(aq),63DEV/GOU,310.15,,7,,3.00E-2,,
2,564,2,4,1,guanosine(aq) + orthophosphate(aq) = guanine(aq) + {\alpha}-D-ribose 1-phosphate(aq),92KIM/KIN,311.15,0.25,7,3,9.26E-3,,c(Mg2+) = 0.001 M
2,565,1,1,1,inosine(aq) + orthophosphate(aq) = hypoxanthine(aq) + {\alpha}-D-ribose 1-phosphate(aq),63DEV/GOU,310.15,,7,,2.50E-2,,
2,565,1,2,1,inosine(aq) + orthophosphate(aq) = hypoxanthine(aq) + {\alpha}-D-ribose 1-phosphate(aq),75JEN/NYG,310.15,,7.1,,1.75E-2,,
2,565,1,3,1,inosine(aq) + orthophosphate(aq) = hypoxanthine(aq) + {\alpha}-D-ribose 1-phosphate(aq),75MUR/TSU,310.15,,7.5,,4.80E-2,,
2,565,1,4,1,inosine(aq) + orthophosphate(aq) = hypoxanthine(aq) + {\alpha}-D-ribose 1-phosphate(aq),82SAL/JOR,310.15,,7.1,,3.80E-2,,
2,565,2,1,1,inosine(aq) + orthophosphate(aq) = hypoxanthine(aq) + {\alpha}-D-ribose 1-phosphate(aq),89LEH/SIN,298.15,,5,,5.83E-3,,buffer = succinic acid
2,565,2,1,2,inosine(aq) + orthophosphate(aq) = hypoxanthine(aq) + {\alpha}-D-ribose 1-phosphate(aq),89LEH/SIN,298.15,,6.1,,1.02E-2,,buffer = Mes
2,565,2,1,3,inosine(aq) + orthophosphate(aq) = hypoxanthine(aq) + {\alpha}-D-ribose 1-phosphate(aq),89LEH/SIN,298.15,,7.3,,2.19E-2,,buffer = Mops
2,565,2,1,4,inosine(aq) + orthophosphate(aq) = hypoxanthine(aq) + {\alpha}-D-ribose 1-phosphate(aq),89LEH/SIN,298.15,,8.4,,2.11E-2,,buffer = Tricine
2,565,2,1,5,inosine(aq) + orthophosphate(aq) = hypoxanthine(aq) + {\alpha}-D-ribose 1-phosphate(aq),89LEH/SIN,298.15,,8.4,,2.16E-2,,buffer = Tricine
2,565,2,1,6,inosine(aq) + orthophosphate(aq) = hypoxanthine(aq) + {\alpha}-D-ribose 1-phosphate(aq),89LEH/SIN,298.15,,9.4,,2.18E-2,,buffer = glycine
2,565,2,2,1,inosine(aq) + orthophosphate(aq) = hypoxanthine(aq) + {\alpha}-D-ribose 1-phosphate(aq),92KIM/KIN,311.15,0.25,7,3,1.64E-2,,
2,565,2,3,1,nicotinamide(aq) + {\alpha}-D-ribose 1-phosphate(aq) = nicotinamide riboside(aq) + orthophosphate(aq),51ROW/KOR,298.15,,7.4,,3.60E-4,,
2,565,2,4,1,xanthosine(aq) + orthophosphate(aq) = xanthine(aq) + {\alpha}-D-ribose 1-phosphate(aq),92KIM/KIN,311.15,0.25,7,3,1.56E-2,,c(Mg2+) = 0.001 M
2,566,1,1,1,inosine(aq) + thymine(aq) = 5-methyluridine(aq) + hypoxanthine(aq),91HOR/WAT,333.15,,7,,2.40E-1,,
2,566,1,1,2,inosine(aq) + thymine(aq) = 5-methyluridine(aq) + hypoxanthine(aq),91HOR/WAT,333.15,,7,,2.40E-1,,volume fraction(methyl alcohol) = 5
2,566,1,1,3,inosine(aq) + thymine(aq) = 5-methyluridine(aq) + hypoxanthine(aq),91HOR/WAT,333.15,,7,,2.47E-1,,volume fraction(methyl alcohol) = 10
2,566,1,1,4,inosine(aq) + thymine(aq) = 5-methyluridine(aq) + hypoxanthine(aq),91HOR/WAT,333.15,,7,,2.46E-1,,volume fraction(methyl alcohol) = 15
2,566,1,1,5,inosine(aq) + thymine(aq) = 5-methyluridine(aq) + hypoxanthine(aq),91HOR/WAT,333.15,,7,,2.46E-1,,volume fraction(ethyl alcohol) = 5
2,566,1,1,6,inosine(aq) + thymine(aq) = 5-methyluridine(aq) + hypoxanthine(aq),91HOR/WAT,333.15,,7,,2.48E-1,,volume fraction(ethyl alcohol) = 10
2,566,1,1,7,inosine(aq) + thymine(aq) = 5-methyluridine(aq) + hypoxanthine(aq),91HOR/WAT,333.15,,7,,2.45E-1,,volume fraction(acetone) = 5
2,566,1,1,8,inosine(aq) + thymine(aq) = 5-methyluridine(aq) + hypoxanthine(aq),91HOR/WAT,333.15,,7,,2.50E-1,,volume fraction(acetone) = 10
2,566,1,1,9,inosine(aq) + thymine(aq) = 5-methyluridine(aq) + hypoxanthine(aq),91HOR/WAT,333.15,,7,,2.50E-1,,volume fraction(acetone) = 15
2,566,1,2,1,inosine(aq) + thymine(aq) = 5-methyluridine(aq) + hypoxanthine(aq),91HOR/UEH,313.15,,7,,2.10E-1,,"[same data is later shown in part 2, page 566 (same page), in col r, table 1; this first occurence in col l, table 2 is considered the authoritative one]"
2,566,2,1,1,inosine(aq) + thymine(aq) = 5-methyluridine(aq) + hypoxanthine(aq),91HOR/UEH,313.15,,7,,2.10E-1,,"[same data was shown in part 2, page 566, col l, table 2; the first occurence there in col l, table 2 is considered the authoritative one]"
2,566,2,2,1,5-methyluridine(aq) + orthophosphate(aq) = thymine(aq) + {\alpha}-D-ribose 1-phosphate(aq),91HOR/UEH,313.15,,7,,6.20E-2,,
2,566,2,3,1,uridine(aq) + orthophosphate(aq) = uracil(aq) + {\alpha}-D-ribose 1-phosphate(aq),67SAK/YOR,310.15,,7,,4.40E-1,,
2,566,2,3,2,uridine(aq) + orthophosphate(aq) = uracil(aq) + {\alpha}-D-ribose 1-phosphate(aq),67SAK/YOR,310.15,,9,,1.00E0,,
2,567,1,1,1,uridine(aq) + orthophosphate(aq) = uracil(aq) + {\alpha}-D-ribose 1-phosphate(aq),74BOS/YAM,310.15,,7.4,,3.10E-2,,
2,567,1,1,2,uridine(aq) + orthophosphate(aq) = uracil(aq) + {\alpha}-D-ribose 1-phosphate(aq),74BOS/YAM,310.15,,8.2,,7.80E-2,,
2,567,1,2,1,thymidine(aq) + adenine(aq) = 2'-deoxyadenosine(aq) + thymine(aq),63BEC/LEV,310.15,,5.8,,1.51E1,,
2,567,1,3,1,2'-deoxyinosine(aq) + adenine(aq) = 2'-deoxyadenosine(aq) + hypoxanthine(aq),74DAN/CAR,313.15,,6,,1.40E0,,
2,567,1,4,1,adenine(aq) + 5-phospho-{\alpha}-D-ribose 1-diphosphate(aq) = AMP(aq) + pyrophosphate(aq),66HOR/HEN,303.15,,7.4,,2.90E2,,
2,567,2,1,1,adenine(aq) + 5-phospho-{\alpha}-D-ribose 1-diphosphate(aq) = AMP(aq) + pyrophosphate(aq),92KIM/KIN,311.15,0.25,7.4,3,2.00E3,,c(Mg2+) = 0.001 M
2,567,2,2,1,5-amino-4-imidazolecarboxamide(aq) + 5-phospho-{\alpha}-D-ribose 1-diphosphate(aq) = 5-amino-1-{\beta}-D-ribosyl-4-imidazolecarboxamide 5'-phosphate(aq) + pyrophosphate(aq),57FLA/ERW,311.15,,8,,9.70E0,,
2,567,2,3,1,GMP(aq) + hypoxanthine(aq) = IMP(aq) + guanine(aq),82SAL/GIA,310.15,,7.4,,3.80E-1,,
2,568,1,1,1,guanine(aq) + 5-phospho-{\alpha}-D-ribose 1-diphosphate(aq) = GMP(aq) + pyrophosphate(aq),92KIM/KIN,311.15,0.25,7.4,3,1.00E5,,
2,568,1,2,1,hypoxanthine(aq) + 5-phospho-{\alpha}-D-ribose 1-diphosphate(aq) = IMP(aq) + pyrophosphate(aq),92KIM/KIN,311.15,0.25,7.4,3,1.00E5,,
2,568,1,3,1,orotidine 5'-phosphate(aq) + pyrophosphate(aq) = orotate(aq) + 5-phospho-{\alpha}-D-ribose 1-diphosphate(aq),55LIE/KOR,303.15,,8,,8.30E0,,
2,568,1,4,1,orotidine 5'-phosphate(aq) + pyrophosphate(aq) = orotate(aq) + 5-phospho-{\alpha}-D-ribose 1-diphosphate(aq),77TRA/JON,310.15,,7.4,,1.40E1,,
2,568,2,1,1,orotidine 5'-phosphate(aq) + pyrophosphate(aq) = orotate(aq) + 5-phospho-{\alpha}-D-ribose 1-diphosphate(aq),79VIC/GRE,298.15,,8,,2.00E0,,
2,568,2,2,1,orotidine 5'-phosphate(aq) + pyrophosphate(aq) = orotate(aq) + 5-phospho-{\alpha}-D-ribose 1-diphosphate(aq),87TAV/LEE,301.15,,8,,1.40E0,,
2,568,2,3,1,orotidine 5'-phosphate(aq) + thiopyrophosphate(aq) = orotate(aq) + phosphoribosyl-1-O-(2-thiodiphosphate)(aq),87TAV/LEE,301.15,,8,,2.60E-2,,
2,568,2,4,1,guanosine(aq) + orthophosphate(aq) = guanine(aq) + D-ribose 1-phosphate(aq),61YAM,310.15,,7,,1.90E-2,,
2,569,1,1,1,thiamine(aq) + aniline(aq) = 4-methyl-5-(2'-hydroxyethyl)-thiazole(aq) + heteroanilithiamine(aq),84PUZ/GOR,303.15,,6.5,,3.00E-2,,
2,569,1,2,1,thiamine(aq) + nicotinamide(aq) = 4-methyl-5-(2'-hydroxyethyl)-thiazole(aq) + heteronicotinathiamine(aq),84PUZ/GOR,303.15,,6.5,,2.20E-2,,
2,569,1,3,1,2-methyl-4-amino-5-hydroxymethylpyrimidine diphosphate(aq) + 4-methyl-5-(2-phosphonoxyethyl)-thiazole(aq) = pyrophosphate(aq) + thiamine monophosphate(aq),61LED,310.15,,9.2,,6.00E0,,
2,569,1,4,1,L-aspartate(aq) + 2-oxoglutarate(aq) = oxaloacetate(aq) + L-glutamate(aq),40COH,311.15,,7.4,,2.50E-1,,
2,569,2,1,1,L-aspartate(aq) + 2-oxoglutarate(aq) = oxaloacetate(aq) + L-glutamate(aq),45DAR,298.15,,7.15,,1.80E-1,,
2,569,2,2,1,L-aspartate(aq) + 2-oxoglutarate(aq) = oxaloacetate(aq) + L-glutamate(aq),45GRE/LEL,311.15,,7.3,,3.00E-1,,
2,569,2,3,1,L-aspartate(aq) + 2-oxoglutarate(aq) = oxaloacetate(aq) + L-glutamate(aq),53KRE,298.15,,7.4,,1.48E-1,,
2,569,2,4,1,L-aspartate(aq) + 2-oxoglutarate(aq) = oxaloacetate(aq) + L-glutamate(aq),53NIS/BAR,310.65,,7.4,,1.30E-1,,
2,570,1,4,1,L-glutamate(aq) + (S)-malate(aq) + NAD(aq) = L-aspartate(aq) + 2-oxoglutarate(aq) + NADH(aq),80PET/AMI,298.15,,7.4,,4.10E-5,,"[same data was shown in part 1, page 544, col 2, table 2 (https://w3id.org/related-to/doi.org/10.5281/zenodo.3978439/files/TECRDB.csv#entry293), which is considered the authoritative appearance]"
2,570,1,1,1,L-aspartate(aq) + 2-oxoglutarate(aq) = oxaloacetate(aq) + L-glutamate(aq),64HEN/CLE,310.15,0.13,7.4,,1.65E-1,,
2,570,1,2,1,L-aspartate(aq) + 2-oxoglutarate(aq) = oxaloacetate(aq) + L-glutamate(aq),69VEE/EGG,311.15,0.25,7,,1.51E-1,,
2,570,1,3,1,erythro-3-hydroxyaspartate(aq) + 2-oxoglutarate(aq) = 2-oxo-3-hydroxybutanedioic acid(aq) + L-glutamate(aq),66JEN/DAR,303.15,,7.9,,1.20E1,,
2,570,2,1,1,L-alanine(aq) + 2-oxoglutarate(aq) = pyruvate(aq) + L-glutamate(aq),39COH,313.15,,7.4,,1.00E0,,
2,570,2,2,1,L-alanine(aq) + 2-oxoglutarate(aq) = pyruvate(aq) + L-glutamate(aq),42LEN/STR,310.15,,7.3,,7.00E-1,,
2,570,2,3,1,L-alanine(aq) + 2-oxoglutarate(aq) = pyruvate(aq) + L-glutamate(aq),45DAR,298.15,,7.15,,4.80E-1,,
2,570,2,3,2,L-alanine(aq) + 2-oxoglutarate(aq) = pyruvate(aq) + L-glutamate(aq),45DAR,308.15,,7.15,,4.80E-1,,
2,570,2,4,1,L-alanine(aq) + 2-oxoglutarate(aq) = pyruvate(aq) + L-glutamate(aq),45GRE/LEL,311.15,,7.3,,1.00E0,,
2,571,1,1,1,L-alanine(aq) + 2-oxoglutarate(aq) = pyruvate(aq) + L-glutamate(aq),53KRE,298.15,,7.4,,6.58E-1,,
2,571,1,2,1,L-alanine(aq) + 2-oxoglutarate(aq) = pyruvate(aq) + L-glutamate(aq),62SEG/BEA,310.15,,7.3,,6.10E-1,,
2,571,1,3,1,L-alanine(aq) + 2-oxoglutarate(aq) = pyruvate(aq) + L-glutamate(aq),65BUL/HAN,298.15,,8,,2.20E0,,
2,571,1,4,1,L-histidinol phosphate(aq) + 2-oxoglutarate(aq) = 3-(imidazol-4-yl)-2-oxopropyl phosphate(aq) + L-glutamate(aq),56AME/HOR,310.15,,8.1,,2.50E1,,
2,571,2,1,1,L-ornithine(aq) + 2-oxoglutarate(aq) = DL-{\Delta}-1-pyrroline-5-carboxylate(aq) + L-glutamate(aq),65STR,310.15,,7.1,,7.10E1,,
2,571,2,2,1,L-glutamine(aq) + glyoxylate(aq) = 2-oxoglutaramate(aq) + glycine(aq),72COO/MEI,310.15,,8.4,,6.07E2,,
2,571,2,3,1,L-glutamine(aq) + 2-oxo-4-methiolbutyrate(aq) = 2-oxoglutaramate(aq) + L-methionine(aq),72COO/MEI,310.15,,8.4,,6.90E1,,
2,571,2,4,1,L-glutamine(aq) + pyruvate(aq) = 2-oxoglutaramate(aq) + L-alanine(aq),72COO/MEI,310.15,,8.4,,3.40E2,,
2,572,1,1,1,"N-succinyl-2-L-amino-6-oxoheptanedioate(aq) + L-glutamate(aq) = N-succinyl-L-2,6-diaminoheptanedioate(aq) + 2-oxoglutarate(aq)",62PET,310.15,,8,,1.20E0,,
2,572,1,2,1,L-alanine(aq) + 3-oxopropanoate(aq) = {\beta}-alanine(aq) + pyruvate(aq),62HAY/NIS,308.15,,8,,2.00E-1,,
2,572,1,3,1,4-aminobutanoate(aq) + 2-oxoglutarate(aq) = 4-oxobutanoate(aq) + L-glutamate(aq),59SCO/JAK,311.15,,8.1,,1.40E-1,,
2,572,1,4,1,D-alanine(aq) + 2-oxoglutarate(aq) = pyruvate(aq) + D-glutamate(aq),65MAR/JEN,310.15,,8.3,,5.90E-1,,
2,572,2,1,1,5-deoxypyridoxamine(aq) + pyruvate(aq) = 5-deoxypyridoxal(aq) + L-alanine(aq),68AYL/SNE2,298.15,,8.85,,1.70E-1,,
2,572,2,2,1,3-hydroxy-4-aminomethylpyridine(aq) + pyruvate(aq) = 3-hydroxypyridine-4-aldehyde(aq) + L-alanine(aq),68AYL/SNE2,298.15,,8.85,,7.00E-1,,
2,572,2,3,1,{\οmega}-methylpyridoxamine(aq) + pyruvate(aq) = {\οmega}-methylpyridoxal(aq) + L-alanine(aq),68AYL/SNE2,298.15,,8.85,,1.26E0,,
2,573,1,1,1,norpyridoxamine(aq) + pyruvate(aq) = norpyridoxal(aq) + L-alanine(aq),68AYL/SNE2,298.15,,8.85,,1.96E0,,
2,573,1,2,1,pyridoxamine(aq) + pyruvate(aq) = pyridoxal(aq) + L-alanine(aq),68AYL/SNE,298.15,,8.85,,1.21E0,,
2,573,1,3,1,"dTDP-4-amino-4,6-dideoxy-D-glucose(aq) + 2-oxoglutarate(aq) = dTDP-4-dehydro-6-deoxy-D-glucose(aq) + L-glutamate(aq)",66MAT/STR,310.15,,7,,2.00E0,,
2,573,1,4,1,glycine(aq) + oxaloacetate(aq) = glyoxylate(aq) + L-aspartate(aq),66GIB/MOR,298.15,,7.1,,1.60E-2,,
2,573,2,1,1,L-2-aminoadipate(aq) + 2-oxoglutarate(aq) = 2-oxoadipate(aq) + L-glutamate(aq),70NAK/FUJ,310.15,,7.5,,1.32E0,,
2,574,1,1,1,L-alanine(aq) + hydroxypyruvate(aq) = L-serine(aq) + pyruvate(aq),82GUY,311.15,0.25,7,,5.50E0,,c(MgCl2)=0.0 M
2,574,1,1,2,L-alanine(aq) + hydroxypyruvate(aq) = L-serine(aq) + pyruvate(aq),82GUY,298.15,0.25,7,,4.26E0,,c(MgCl2)=0.0 M
2,574,1,1,3,L-alanine(aq) + hydroxypyruvate(aq) = L-serine(aq) + pyruvate(aq),82GUY,303.15,0.25,7,,4.42E0,,c(MgCl2)=0.0 M
2,574,1,1,4,L-alanine(aq) + hydroxypyruvate(aq) = L-serine(aq) + pyruvate(aq),82GUY,323.15,0.25,7,,6.60E0,,c(MgCl2)=0.0 M
2,574,1,1,5,L-alanine(aq) + hydroxypyruvate(aq) = L-serine(aq) + pyruvate(aq),82GUY,311.15,0.06,7,,5.73E0,,c(MgCl2)=0.0 M
2,574,1,1,6,L-alanine(aq) + hydroxypyruvate(aq) = L-serine(aq) + pyruvate(aq),82GUY,311.15,1,7,,5.47E0,,c(MgCl2)=0.0 M
2,574,1,1,7,L-alanine(aq) + hydroxypyruvate(aq) = L-serine(aq) + pyruvate(aq),82GUY,311.15,0.25,9,,9.23E0,,c(MgCl2)=0.0 M
2,574,1,1,8,L-alanine(aq) + hydroxypyruvate(aq) = L-serine(aq) + pyruvate(aq),82GUY,311.15,0.25,7,2.08,5.27E0,,c(MgCl2)=0.0083 M
2,574,1,2,1,3-phosphonooxypyruvate(aq) + L-glutamate(aq) = 2-oxoglutarate(aq) + O-phospho-L-serine(aq),67HIR/GRE,298.15,,8.2,,1.50E-1,,
2,574,2,1,1,3-phosphonooxypyruvate(aq) + L-glutamate(aq) = 2-oxoglutarate(aq) + O-phospho-L-serine(aq),81MER/MCA,311.15,0.25,6.81,,8.54E1,,c(Mg2+)=0.0 M
2,574,2,1,2,3-phosphonooxypyruvate(aq) + L-glutamate(aq) = 2-oxoglutarate(aq) + O-phospho-L-serine(aq),81MER/MCA,311.15,0.25,6.83,,7.80E1,,c(Mg2+)=0.0 M
2,574,2,1,3,3-phosphonooxypyruvate(aq) + L-glutamate(aq) = 2-oxoglutarate(aq) + O-phospho-L-serine(aq),81MER/MCA,311.15,0.25,6.91,,8.77E1,,c(Mg2+)=0.0 M
2,574,2,1,4,3-phosphonooxypyruvate(aq) + L-glutamate(aq) = 2-oxoglutarate(aq) + O-phospho-L-serine(aq),81MER/MCA,311.15,0.25,6.92,,1.00E2,,c(Mg2+)=0.0 M
2,574,2,1,5,3-phosphonooxypyruvate(aq) + L-glutamate(aq) = 2-oxoglutarate(aq) + O-phospho-L-serine(aq),81MER/MCA,311.15,0.25,6.92,,8.26E1,,c(Mg2+)=0.0 M
2,574,2,1,6,3-phosphonooxypyruvate(aq) + L-glutamate(aq) = 2-oxoglutarate(aq) + O-phospho-L-serine(aq),81MER/MCA,311.15,0.25,6.94,,9.88E1,,c(Mg2+)=0.0 M
2,574,2,1,7,3-phosphonooxypyruvate(aq) + L-glutamate(aq) = 2-oxoglutarate(aq) + O-phospho-L-serine(aq),81MER/MCA,311.15,0.25,6.94,,9.39E1,,c(Mg2+)=0.0 M
2,574,2,1,8,3-phosphonooxypyruvate(aq) + L-glutamate(aq) = 2-oxoglutarate(aq) + O-phospho-L-serine(aq),81MER/MCA,311.15,0.25,6.94,,9.07E1,,c(Mg2+)=0.0 M
2,574,2,1,9,3-phosphonooxypyruvate(aq) + L-glutamate(aq) = 2-oxoglutarate(aq) + O-phospho-L-serine(aq),81MER/MCA,311.15,0.25,6.94,,8.37E1,,c(Mg2+)=0.0 M
2,574,2,1,10,3-phosphonooxypyruvate(aq) + L-glutamate(aq) = 2-oxoglutarate(aq) + O-phospho-L-serine(aq),81MER/MCA,311.15,0.25,6.96,,8.18E1,,c(Mg2+)=0.0 M
2,574,2,1,11,3-phosphonooxypyruvate(aq) + L-glutamate(aq) = 2-oxoglutarate(aq) + O-phospho-L-serine(aq),81MER/MCA,311.15,0.25,6.98,,1.01E2,,c(Mg2+)=0.0 M
2,574,2,1,12,3-phosphonooxypyruvate(aq) + L-glutamate(aq) = 2-oxoglutarate(aq) + O-phospho-L-serine(aq),81MER/MCA,311.15,0.25,6.98,,8.50E1,,c(Mg2+)=0.0 M
2,574,2,1,13,3-phosphonooxypyruvate(aq) + L-glutamate(aq) = 2-oxoglutarate(aq) + O-phospho-L-serine(aq),81MER/MCA,311.15,0.25,6.98,,8.81E1,,c(Mg2+)=0.0 M
2,574,2,1,14,3-phosphonooxypyruvate(aq) + L-glutamate(aq) = 2-oxoglutarate(aq) + O-phospho-L-serine(aq),81MER/MCA,311.15,0.25,7,,8.95E1,,c(Mg2+)=0.0 M
2,574,2,1,15,3-phosphonooxypyruvate(aq) + L-glutamate(aq) = 2-oxoglutarate(aq) + O-phospho-L-serine(aq),81MER/MCA,311.15,0.25,7.01,,8.15E1,,c(Mg2+)=0.0 M
2,574,2,1,16,3-phosphonooxypyruvate(aq) + L-glutamate(aq) = 2-oxoglutarate(aq) + O-phospho-L-serine(aq),81MER/MCA,311.15,0.25,7.01,,8.44E1,,c(Mg2+)=0.0 M
2,574,2,1,17,3-phosphonooxypyruvate(aq) + L-glutamate(aq) = 2-oxoglutarate(aq) + O-phospho-L-serine(aq),81MER/MCA,311.15,0.25,7.02,,9.30E1,,c(Mg2+)=0.0 M
2,574,2,1,18,3-phosphonooxypyruvate(aq) + L-glutamate(aq) = 2-oxoglutarate(aq) + O-phospho-L-serine(aq),81MER/MCA,311.15,0.25,7.03,,9.95E1,,c(Mg2+)=0.0 M
2,574,2,1,19,3-phosphonooxypyruvate(aq) + L-glutamate(aq) = 2-oxoglutarate(aq) + O-phospho-L-serine(aq),81MER/MCA,311.15,0.25,7.15,,8.96E1,,c(Mg2+)=0.0 M
2,574,2,1,20,3-phosphonooxypyruvate(aq) + L-glutamate(aq) = 2-oxoglutarate(aq) + O-phospho-L-serine(aq),81MER/MCA,311.15,0.25,7.15,,8.84E1,,c(Mg2+)=0.0 M
2,574,2,1,21,3-phosphonooxypyruvate(aq) + L-glutamate(aq) = 2-oxoglutarate(aq) + O-phospho-L-serine(aq),81MER/MCA,311.15,0.25,7.17,,9.36E1,,c(Mg2+)=0.0 M
2,574,2,1,22,3-phosphonooxypyruvate(aq) + L-glutamate(aq) = 2-oxoglutarate(aq) + O-phospho-L-serine(aq),81MER/MCA,311.15,0.25,7.19,,9.64E1,,c(Mg2+)=0.0 M
2,574,2,1,23,3-phosphonooxypyruvate(aq) + L-glutamate(aq) = 2-oxoglutarate(aq) + O-phospho-L-serine(aq),81MER/MCA,311.15,0.25,7.22,,9.22E1,,c(Mg2+)=0.0 M
2,574,2,1,24,3-phosphonooxypyruvate(aq) + L-glutamate(aq) = 2-oxoglutarate(aq) + O-phospho-L-serine(aq),81MER/MCA,311.15,0.25,7.23,,9.62E1,,c(Mg2+)=0.0 M
2,574,2,1,25,3-phosphonooxypyruvate(aq) + L-glutamate(aq) = 2-oxoglutarate(aq) + O-phospho-L-serine(aq),81MER/MCA,311.15,0.25,7.51,,8.61E1,,c(Mg2+)=0.0 M
2,574,2,1,26,3-phosphonooxypyruvate(aq) + L-glutamate(aq) = 2-oxoglutarate(aq) + O-phospho-L-serine(aq),81MER/MCA,311.15,0.25,7.53,,8.86E1,,c(Mg2+)=0.0 M
2,574,2,1,27,3-phosphonooxypyruvate(aq) + L-glutamate(aq) = 2-oxoglutarate(aq) + O-phospho-L-serine(aq),81MER/MCA,311.15,0.25,7,2.88,9.34E1,,c(Mg2+)=1.31E-3 M
2,574,2,1,28,3-phosphonooxypyruvate(aq) + L-glutamate(aq) = 2-oxoglutarate(aq) + O-phospho-L-serine(aq),81MER/MCA,311.15,0.25,7,2.88,9.51E1,,c(Mg2+)=1.31E-3 M
2,574,2,1,29,3-phosphonooxypyruvate(aq) + L-glutamate(aq) = 2-oxoglutarate(aq) + O-phospho-L-serine(aq),81MER/MCA,311.15,0.25,7,2.69,7.96E1,,c(Mg2+)=2.02E-3 M
2,574,2,1,30,3-phosphonooxypyruvate(aq) + L-glutamate(aq) = 2-oxoglutarate(aq) + O-phospho-L-serine(aq),81MER/MCA,311.15,0.25,7,2.69,8.06E1,,c(Mg2+)=2.03E-3 M
2,574,2,1,31,3-phosphonooxypyruvate(aq) + L-glutamate(aq) = 2-oxoglutarate(aq) + O-phospho-L-serine(aq),81MER/MCA,311.15,0.25,7,2.58,9.16E1,,c(Mg2+)=2.65E-3 M
2,574,2,1,32,3-phosphonooxypyruvate(aq) + L-glutamate(aq) = 2-oxoglutarate(aq) + O-phospho-L-serine(aq),81MER/MCA,311.15,0.25,7,2.57,8.89E1,,c(Mg2+)=2.68E-3 M
2,574,2,1,33,3-phosphonooxypyruvate(aq) + L-glutamate(aq) = 2-oxoglutarate(aq) + O-phospho-L-serine(aq),81MER/MCA,311.15,0.25,7,2.39,8.36E1,,c(Mg2+)=4.10E-3 M
2,574,2,1,34,3-phosphonooxypyruvate(aq) + L-glutamate(aq) = 2-oxoglutarate(aq) + O-phospho-L-serine(aq),81MER/MCA,311.15,0.25,7,2.39,8.86E1,,c(Mg2+)=4.12E-3 M
2,574,2,1,35,3-phosphonooxypyruvate(aq) + L-glutamate(aq) = 2-oxoglutarate(aq) + O-phospho-L-serine(aq),81MER/MCA,311.15,0.25,7,2.27,7.49E1,,c(Mg2+)=5.34E-3 M
2,574,2,1,36,3-phosphonooxypyruvate(aq) + L-glutamate(aq) = 2-oxoglutarate(aq) + O-phospho-L-serine(aq),81MER/MCA,311.15,0.25,7,2.28,7.69E1,,c(Mg2+)=5.26E-3 M
2,574,2,1,37,3-phosphonooxypyruvate(aq) + L-glutamate(aq) = 2-oxoglutarate(aq) + O-phospho-L-serine(aq),81MER/MCA,311.15,0.25,7,2.26,8.61E1,,c(Mg2+)=5.55E-3 M
2,574,2,1,38,3-phosphonooxypyruvate(aq) + L-glutamate(aq) = 2-oxoglutarate(aq) + O-phospho-L-serine(aq),81MER/MCA,311.15,0.25,7,2.25,8.48E1,,c(Mg2+)=5.58E-3 M
2,574,2,1,39,3-phosphonooxypyruvate(aq) + L-glutamate(aq) = 2-oxoglutarate(aq) + O-phospho-L-serine(aq),81MER/MCA,311.15,0.25,7,1.95,7.35E1,,c(Mg2+)=1.12E-2 M
2,574,2,1,40,3-phosphonooxypyruvate(aq) + L-glutamate(aq) = 2-oxoglutarate(aq) + O-phospho-L-serine(aq),81MER/MCA,311.15,0.25,7,1.96,7.30E1,,c(Mg2+)=1.10E-2 M
2,574,2,1,41,3-phosphonooxypyruvate(aq) + L-glutamate(aq) = 2-oxoglutarate(aq) + O-phospho-L-serine(aq),81MER/MCA,311.15,0.07,7,,1.03E2,,c(Mg2+)=0.0 M
2,574,2,1,42,3-phosphonooxypyruvate(aq) + L-glutamate(aq) = 2-oxoglutarate(aq) + O-phospho-L-serine(aq),81MER/MCA,311.15,0.07,7,,1.01E2,,c(Mg2+)=0.0 M
2,574,2,1,43,3-phosphonooxypyruvate(aq) + L-glutamate(aq) = 2-oxoglutarate(aq) + O-phospho-L-serine(aq),81MER/MCA,311.15,0.07,7,,1.10E2,,c(Mg2+)=0.0 M
2,574,2,1,44,3-phosphonooxypyruvate(aq) + L-glutamate(aq) = 2-oxoglutarate(aq) + O-phospho-L-serine(aq),81MER/MCA,311.15,0.07,7,,1.12E2,,c(Mg2+)=0.0 M
2,574,2,1,45,3-phosphonooxypyruvate(aq) + L-glutamate(aq) = 2-oxoglutarate(aq) + O-phospho-L-serine(aq),81MER/MCA,311.15,0.5,7,,7.39E1,,c(Mg2+)=0.0 M
2,574,2,1,46,3-phosphonooxypyruvate(aq) + L-glutamate(aq) = 2-oxoglutarate(aq) + O-phospho-L-serine(aq),81MER/MCA,311.15,0.5,7,,6.95E1,,c(Mg2+)=0.0 M
2,574,2,1,47,3-phosphonooxypyruvate(aq) + L-glutamate(aq) = 2-oxoglutarate(aq) + O-phospho-L-serine(aq),81MER/MCA,311.15,0.5,7,,8.47E1,,c(Mg2+)=0.0 M
2,574,2,1,48,3-phosphonooxypyruvate(aq) + L-glutamate(aq) = 2-oxoglutarate(aq) + O-phospho-L-serine(aq),81MER/MCA,311.15,0.5,7,,7.46E1,,c(Mg2+)=0.0 M
2,574,2,1,49,3-phosphonooxypyruvate(aq) + L-glutamate(aq) = 2-oxoglutarate(aq) + O-phospho-L-serine(aq),81MER/MCA,311.15,0.75,7,,6.79E1,,c(Mg2+)=0.0 M
2,574,2,1,50,3-phosphonooxypyruvate(aq) + L-glutamate(aq) = 2-oxoglutarate(aq) + O-phospho-L-serine(aq),81MER/MCA,311.15,0.75,7,,6.80E1,,c(Mg2+)=0.0 M
2,574,2,1,51,3-phosphonooxypyruvate(aq) + L-glutamate(aq) = 2-oxoglutarate(aq) + O-phospho-L-serine(aq),81MER/MCA,311.15,0.75,7,,6.40E1,,c(Mg2+)=0.0 M
2,574,2,1,52,3-phosphonooxypyruvate(aq) + L-glutamate(aq) = 2-oxoglutarate(aq) + O-phospho-L-serine(aq),81MER/MCA,311.15,0.75,7,,6.55E1,,c(Mg2+)=0.0 M
,,,,,,,,,,,,,
,,,,,,,,,,,,,
2,575,1,1,1,ATP(aq) + 6-amino-D-glucose(aq) = ADP(aq) + 6-amino-D-glucose 6-phosphate(aq),91SEM/CLE,298.15,,9.25,,1.82E-1,,c(MgCl2) = 0.017 M
2,575,1,2,1,ATP(aq) + D-fructose(aq) = ADP(aq) + D-fructose 6-phosphate(aq),75GOL,298.19,,8.61,,,-63,I_m = 0.1 mol/kg
2,575,1,2,2,ATP(aq) + D-fructose(aq) = ADP(aq) + D-fructose 6-phosphate(aq),75GOL,298.19,,8.63,,,-61.9,I_m = 0.098 mol/kg
2,575,1,2,3,ATP(aq) + D-fructose(aq) = ADP(aq) + D-fructose 6-phosphate(aq),75GOL,301.66,,8.63,,,-63,I_m = 0.12 mol/kg
2,575,1,2,4,ATP(aq) + D-fructose(aq) = ADP(aq) + D-fructose 6-phosphate(aq),75GOL,305.11,,8.61,,,-63.1,I_m = 0.12 mol/kg
2,575,2,1,1,ATP(aq) + D-glucose(aq) = ADP(aq) + D-glucose 6-phosphate(aq),57ROB/BOY,303.15,,6.07,2.67,2.94E2,,c(MgCl2) = 0.00214 M
2,575,2,1,2,ATP(aq) + D-glucose(aq) = ADP(aq) + D-glucose 6-phosphate(aq),57ROB/BOY,303.15,,6.07,2.67,2.99E2,,c(MgCl2) = 0.00214 M
2,575,2,1,3,ATP(aq) + D-glucose(aq) = ADP(aq) + D-glucose 6-phosphate(aq),57ROB/BOY,303.15,,6.07,2.67,3.03E2,,c(MgCl2) = 0.00214 M
2,575,2,1,4,ATP(aq) + D-glucose(aq) = ADP(aq) + D-glucose 6-phosphate(aq),57ROB/BOY,303.15,,6,2.4,3.04E2,,c(MgCl2) = 0.00395 M
2,575,2,1,5,ATP(aq) + D-glucose(aq) = ADP(aq) + D-glucose 6-phosphate(aq),57ROB/BOY,303.15,,6.03,2.12,2.45E2,,c(MgCl2) = 0.00756 M
2,575,2,1,6,ATP(aq) + D-glucose(aq) = ADP(aq) + D-glucose 6-phosphate(aq),57ROB/BOY,303.15,,6.02,1.96,2.03E2,,c(MgCl2) = 0.01084 M
2,575,2,1,7,ATP(aq) + D-glucose(aq) = ADP(aq) + D-glucose 6-phosphate(aq),57ROB/BOY,303.15,,6.03,1.85,1.86E2,,c(MgCl2) = 0.0140 M
2,575,2,1,8,ATP(aq) + D-glucose(aq) = ADP(aq) + D-glucose 6-phosphate(aq),57ROB/BOY,303.15,,6.04,1.04,1.84E2,,c(MgCl2) = 0.0903 M
2,575,2,1,9,ATP(aq) + D-glucose(aq) = ADP(aq) + D-glucose 6-phosphate(aq),57ROB/BOY,303.15,,6,2.6,4.30E2,,c(MgCl2) = 0.00250 M
2,575,2,1,10,ATP(aq) + D-glucose(aq) = ADP(aq) + D-glucose 6-phosphate(aq),57ROB/BOY,303.15,,6.01,2.31,3.00E2,,c(MgCl2) = 0.00485 M
2,575,2,1,11,ATP(aq) + D-glucose(aq) = ADP(aq) + D-glucose 6-phosphate(aq),57ROB/BOY,303.15,,6,1.07,1.93E2,,c(MgCl2) = 0.0855 M
2,575,2,1,12,ATP(aq) + D-glucose(aq) = ADP(aq) + D-glucose 6-phosphate(aq),57ROB/BOY,303.15,,5.94,2.66,2.30E2,,c(MgCl2) = 0.00217 M
2,575,2,1,13,ATP(aq) + D-glucose(aq) = ADP(aq) + D-glucose 6-phosphate(aq),57ROB/BOY,303.15,,5.94,2.66,2.22E2,,c(MgCl2) = 0.00217 M
2,575,2,1,14,ATP(aq) + D-glucose(aq) = ADP(aq) + D-glucose 6-phosphate(aq),57ROB/BOY,303.15,,6.02,2.67,2.49E2,,c(MgCl2) = 0.00216 M
2,575,2,1,15,ATP(aq) + D-glucose(aq) = ADP(aq) + D-glucose 6-phosphate(aq),57ROB/BOY,303.15,,6.12,2.69,2.77E2,,c(MgCl2) = 0.00205 M
2,575,2,1,16,ATP(aq) + D-glucose(aq) = ADP(aq) + D-glucose 6-phosphate(aq),57ROB/BOY,303.15,,6.01,1.1,1.23E2,,c(MgCl2) = 0.080 M
2,575,2,1,17,ATP(aq) + D-glucose(aq) = ADP(aq) + D-glucose 6-phosphate(aq),57ROB/BOY,303.15,,6.04,0.92,1.54E2,,c(MgCl2) = 0.119 M
2,575,2,1,18,ATP(aq) + D-glucose(aq) = ADP(aq) + D-glucose 6-phosphate(aq),57ROB/BOY,303.15,,6.03,0.75,2.05E2,,c(MgCl2) = 0.177 M
2,575,2,1,19,ATP(aq) + D-glucose(aq) = ADP(aq) + D-glucose 6-phosphate(aq),57ROB/BOY,303.15,,6.03,0.75,2.14E2,,c(MgCl2) = 0.177 M
2,575,2,1,20,ATP(aq) + D-glucose(aq) = ADP(aq) + D-glucose 6-phosphate(aq),57ROB/BOY,303.15,,7,0.81,1.31E3,,c(MgCl2) = 0.155 M
2,575,2,1,21,ATP(aq) + D-glucose(aq) = ADP(aq) + D-glucose 6-phosphate(aq),57ROB/BOY,303.15,,6.67,0.82,5.40E2,,c(MgCl2) = 0.153 M
2,575,2,1,22,ATP(aq) + D-glucose(aq) = ADP(aq) + D-glucose 6-phosphate(aq),57ROB/BOY,303.15,,6.34,0.82,2.86E2,,c(MgCl2) = 0.151 M
2,575,2,1,23,ATP(aq) + D-glucose(aq) = ADP(aq) + D-glucose 6-phosphate(aq),57ROB/BOY,303.15,,5.99,0.83,1.39E2,,c(MgCl2) = 0.149 M
2,575,2,1,24,ATP(aq) + D-glucose(aq) = ADP(aq) + D-glucose 6-phosphate(aq),57ROB/BOY,303.15,,5.7,0.84,8.80E1,,c(MgCl2) = 0.146 M
2,575,2,1,25,ATP(aq) + D-glucose(aq) = ADP(aq) + D-glucose 6-phosphate(aq),57ROB/BOY,303.15,,6.03,0.93,2.60E2,,c(MgCl2) = 0.117 M
2,575,2,1,26,ATP(aq) + D-glucose(aq) = ADP(aq) + D-glucose 6-phosphate(aq),57ROB/BOY,303.15,,6,0.98,2.22E2,,c(MgCl2) = 0.105 M
2,575,2,1,27,ATP(aq) + D-glucose(aq) = ADP(aq) + D-glucose 6-phosphate(aq),57ROB/BOY,303.15,,6,2.6,6.18E2,,c(MgCl2) = 0.00250 M
2,575,2,1,28,ATP(aq) + D-glucose(aq) = ADP(aq) + D-glucose 6-phosphate(aq),57ROB/BOY,303.15,,6.08,2.31,3.56E2,,c(MgCl2) = 0.00492 M
2,575,2,1,29,ATP(aq) + D-glucose(aq) = ADP(aq) + D-glucose 6-phosphate(aq),57ROB/BOY,303.15,,5.94,1,1.72E2,,c(MgCl2) = 0.099 M
,,,,,,,,,,,,,
2,575,2,2,1,ATP(aq) + D-glucose(aq) = ADP(aq) + D-glucose 6-phosphate(aq),57VLA/VLA,310.15,,7.25,,3.40E2,,
2,576,1,1,1,ATP(aq) + D-glucose(aq) = ADP(aq) + D-glucose 6-phosphate(aq),75GOL,298.19,0.22,6.69,,,-52,"[corrects https://w3id.org/related-to/doi.org/10.5281/zenodo.3978439/files/TECRDB.csv#entry1645]; [TODO: check with primary literature -- randr says the ionic strength has unit ""mol/kg"" whereas pdf says it is ""mol dm-3""]"
2,576,1,1,2,ATP(aq) + D-glucose(aq) = ADP(aq) + D-glucose 6-phosphate(aq),75GOL,298.19,0.23,6.71,,,-44,"[corrects https://w3id.org/related-to/doi.org/10.5281/zenodo.3978439/files/TECRDB.csv#entry1614]; [TODO: check with primary literature -- randr says the ionic strength has unit ""mol/kg"" whereas pdf says it is ""mol dm-3""]"
2,576,1,1,3,ATP(aq) + D-glucose(aq) = ADP(aq) + D-glucose 6-phosphate(aq),75GOL,298.19,0.48,6.75,,,-41.8,"[corrects https://w3id.org/related-to/doi.org/10.5281/zenodo.3978439/files/TECRDB.csv#entry1615]; [TODO: check with primary literature -- randr says the ionic strength has unit ""mol/kg"" whereas pdf says it is ""mol dm-3""]"
2,576,1,1,4,ATP(aq) + D-glucose(aq) = ADP(aq) + D-glucose 6-phosphate(aq),75GOL,298.19,0.23,7.06,,,-57.7,"[corrects https://w3id.org/related-to/doi.org/10.5281/zenodo.3978439/files/TECRDB.csv#entry1616]; [TODO: check with primary literature -- randr says the ionic strength has unit ""mol/kg"" whereas pdf says it is ""mol dm-3""]"
2,576,1,1,5,ATP(aq) + D-glucose(aq) = ADP(aq) + D-glucose 6-phosphate(aq),75GOL,298.19,0.22,7.25,,,-62.9,"[corrects https://w3id.org/related-to/doi.org/10.5281/zenodo.3978439/files/TECRDB.csv#entry1617]; [TODO: check with primary literature -- randr says the ionic strength has unit ""mol/kg"" whereas pdf says it is ""mol dm-3""]"
2,576,1,1,6,ATP(aq) + D-glucose(aq) = ADP(aq) + D-glucose 6-phosphate(aq),75GOL,298.19,0.2,7.45,,,-67.8,"[corrects https://w3id.org/related-to/doi.org/10.5281/zenodo.3978439/files/TECRDB.csv#entry1618]; [TODO: check with primary literature -- randr says the ionic strength has unit ""mol/kg"" whereas pdf says it is ""mol dm-3""]"
2,576,1,1,7,ATP(aq) + D-glucose(aq) = ADP(aq) + D-glucose 6-phosphate(aq),75GOL,298.19,0.21,7.46,,,-67.7,"[corrects https://w3id.org/related-to/doi.org/10.5281/zenodo.3978439/files/TECRDB.csv#entry1619]; [TODO: check with primary literature -- randr says the ionic strength has unit ""mol/kg"" whereas pdf says it is ""mol dm-3""]"
2,576,1,1,8,ATP(aq) + D-glucose(aq) = ADP(aq) + D-glucose 6-phosphate(aq),75GOL,298.19,0.21,7.64,,,-69.8,"[corrects https://w3id.org/related-to/doi.org/10.5281/zenodo.3978439/files/TECRDB.csv#entry1632]; [TODO: check with primary literature -- randr says the ionic strength has unit ""mol/kg"" whereas pdf says it is ""mol dm-3""]"
2,576,1,1,9,ATP(aq) + D-glucose(aq) = ADP(aq) + D-glucose 6-phosphate(aq),75GOL,298.19,0.19,7.67,,,-69.2,"[corrects https://w3id.org/related-to/doi.org/10.5281/zenodo.3978439/files/TECRDB.csv#entry1633]; [TODO: check with primary literature -- randr says the ionic strength has unit ""mol/kg"" whereas pdf says it is ""mol dm-3""]"
2,576,1,1,10,ATP(aq) + D-glucose(aq) = ADP(aq) + D-glucose 6-phosphate(aq),75GOL,298.19,0.18,7.84,,,-69.6,"[corrects https://w3id.org/related-to/doi.org/10.5281/zenodo.3978439/files/TECRDB.csv#entry1626]; [TODO: check with primary literature -- randr says the ionic strength has unit ""mol/kg"" whereas pdf says it is ""mol dm-3""]"
2,576,1,1,11,ATP(aq) + D-glucose(aq) = ADP(aq) + D-glucose 6-phosphate(aq),75GOL,298.19,0.17,7.99,,,-70.4,"[corrects https://w3id.org/related-to/doi.org/10.5281/zenodo.3978439/files/TECRDB.csv#entry1620]; [TODO: check with primary literature -- randr says the ionic strength has unit ""mol/kg"" whereas pdf says it is ""mol dm-3""]"
2,576,1,1,12,ATP(aq) + D-glucose(aq) = ADP(aq) + D-glucose 6-phosphate(aq),75GOL,298.19,0.16,8,,,-68.9,"[corrects https://w3id.org/related-to/doi.org/10.5281/zenodo.3978439/files/TECRDB.csv#entry1638]; [TODO: check with primary literature -- randr says the ionic strength has unit ""mol/kg"" whereas pdf says it is ""mol dm-3""]"
2,576,1,1,13,ATP(aq) + D-glucose(aq) = ADP(aq) + D-glucose 6-phosphate(aq),75GOL,298.19,0.16,8.09,,,-71.6,"[corrects https://w3id.org/related-to/doi.org/10.5281/zenodo.3978439/files/TECRDB.csv#entry1621]; [TODO: check with primary literature -- randr says the ionic strength has unit ""mol/kg"" whereas pdf says it is ""mol dm-3""]"
2,576,1,1,14,ATP(aq) + D-glucose(aq) = ADP(aq) + D-glucose 6-phosphate(aq),75GOL,298.19,0.13,8.2,,,-71.3,"[corrects https://w3id.org/related-to/doi.org/10.5281/zenodo.3978439/files/TECRDB.csv#entry1622]; [TODO: check with primary literature -- randr says the ionic strength has unit ""mol/kg"" whereas pdf says it is ""mol dm-3""]"
2,576,1,1,15,ATP(aq) + D-glucose(aq) = ADP(aq) + D-glucose 6-phosphate(aq),75GOL,298.19,0.1,8.41,,,-69.2,"[corrects https://w3id.org/related-to/doi.org/10.5281/zenodo.3978439/files/TECRDB.csv#entry1637]; [TODO: check with primary literature -- randr says the ionic strength has unit ""mol/kg"" whereas pdf says it is ""mol dm-3""]"
2,576,1,1,16,ATP(aq) + D-glucose(aq) = ADP(aq) + D-glucose 6-phosphate(aq),75GOL,298.19,0.1,8.42,,,-70.4,"[corrects https://w3id.org/related-to/doi.org/10.5281/zenodo.3978439/files/TECRDB.csv#entry1623]; [TODO: check with primary literature -- randr says the ionic strength has unit ""mol/kg"" whereas pdf says it is ""mol dm-3""]"
2,576,1,1,17,ATP(aq) + D-glucose(aq) = ADP(aq) + D-glucose 6-phosphate(aq),75GOL,298.19,0.11,8.44,,,-71.4,"[corrects https://w3id.org/related-to/doi.org/10.5281/zenodo.3978439/files/TECRDB.csv#entry1624]; [TODO: check with primary literature -- randr says the ionic strength has unit ""mol/kg"" whereas pdf says it is ""mol dm-3""]"
2,576,1,1,18,ATP(aq) + D-glucose(aq) = ADP(aq) + D-glucose 6-phosphate(aq),75GOL,298.19,0.17,8.56,,,-72.7,"[corrects https://w3id.org/related-to/doi.org/10.5281/zenodo.3978439/files/TECRDB.csv#entry1625]; [TODO: check with primary literature -- randr says the ionic strength has unit ""mol/kg"" whereas pdf says it is ""mol dm-3""]"
2,576,1,1,19,ATP(aq) + D-glucose(aq) = ADP(aq) + D-glucose 6-phosphate(aq),75GOL,298.19,0.12,8.64,,,-73.7,"[corrects https://w3id.org/related-to/doi.org/10.5281/zenodo.3978439/files/TECRDB.csv#entry1630]; [TODO: check with primary literature -- randr says the ionic strength has unit ""mol/kg"" whereas pdf says it is ""mol dm-3""]"
2,576,1,1,20,ATP(aq) + D-glucose(aq) = ADP(aq) + D-glucose 6-phosphate(aq),75GOL,298.19,0.093,8.66,,,-70.8,"[corrects https://w3id.org/related-to/doi.org/10.5281/zenodo.3978439/files/TECRDB.csv#entry1607]; [TODO: check with primary literature -- randr says the ionic strength has unit ""mol/kg"" whereas pdf says it is ""mol dm-3""]"
2,576,1,1,21,ATP(aq) + D-glucose(aq) = ADP(aq) + D-glucose 6-phosphate(aq),75GOL,298.19,0.099,8.66,,,-72.7,"[corrects https://w3id.org/related-to/doi.org/10.5281/zenodo.3978439/files/TECRDB.csv#entry1611]; [TODO: check with primary literature -- randr says the ionic strength has unit ""mol/kg"" whereas pdf says it is ""mol dm-3""]"
2,576,1,1,22,ATP(aq) + D-glucose(aq) = ADP(aq) + D-glucose 6-phosphate(aq),75GOL,298.19,0.12,8.66,,,-71.2,"[corrects https://w3id.org/related-to/doi.org/10.5281/zenodo.3978439/files/TECRDB.csv#entry1627]; [TODO: check with primary literature -- randr says the ionic strength has unit ""mol/kg"" whereas pdf says it is ""mol dm-3""]"
2,576,1,1,23,ATP(aq) + D-glucose(aq) = ADP(aq) + D-glucose 6-phosphate(aq),75GOL,298.19,0.12,8.67,,,-72.5,"[corrects https://w3id.org/related-to/doi.org/10.5281/zenodo.3978439/files/TECRDB.csv#entry1613]; [TODO: check with primary literature -- randr says the ionic strength has unit ""mol/kg"" whereas pdf says it is ""mol dm-3""]"
2,576,1,1,24,ATP(aq) + D-glucose(aq) = ADP(aq) + D-glucose 6-phosphate(aq),75GOL,298.19,0.094,8.68,,,-70.9,"[corrects https://w3id.org/related-to/doi.org/10.5281/zenodo.3978439/files/TECRDB.csv#entry1635]; [TODO: check with primary literature -- randr says the ionic strength has unit ""mol/kg"" whereas pdf says it is ""mol dm-3""]"
2,576,1,1,25,ATP(aq) + D-glucose(aq) = ADP(aq) + D-glucose 6-phosphate(aq),75GOL,298.19,0.092,8.69,,,-71.4,"[corrects https://w3id.org/related-to/doi.org/10.5281/zenodo.3978439/files/TECRDB.csv#entry1608]; [TODO: check with primary literature -- randr says the ionic strength has unit ""mol/kg"" whereas pdf says it is ""mol dm-3""]"
2,576,1,1,26,ATP(aq) + D-glucose(aq) = ADP(aq) + D-glucose 6-phosphate(aq),75GOL,298.19,0.15,8.71,,,-71.8,"[corrects https://w3id.org/related-to/doi.org/10.5281/zenodo.3978439/files/TECRDB.csv#entry1609]; [TODO: check with primary literature -- randr says the ionic strength has unit ""mol/kg"" whereas pdf says it is ""mol dm-3""]"
2,576,1,1,27,ATP(aq) + D-glucose(aq) = ADP(aq) + D-glucose 6-phosphate(aq),75GOL,298.19,0.099,9.01,,,-70.4,"[corrects https://w3id.org/related-to/doi.org/10.5281/zenodo.3978439/files/TECRDB.csv#entry1610]; [TODO: check with primary literature -- randr says the ionic strength has unit ""mol/kg"" whereas pdf says it is ""mol dm-3""]"
2,576,1,1,28,ATP(aq) + D-glucose(aq) = ADP(aq) + D-glucose 6-phosphate(aq),75GOL,298.19,0.095,9.01,,,-72.4,"[corrects https://w3id.org/related-to/doi.org/10.5281/zenodo.3978439/files/TECRDB.csv#entry1642]; [TODO: check with primary literature -- randr says the ionic strength has unit ""mol/kg"" whereas pdf says it is ""mol dm-3""]"
2,576,1,1,29,ATP(aq) + D-glucose(aq) = ADP(aq) + D-glucose 6-phosphate(aq),75GOL,298.19,0.018,8.66,,,-73.1,"[corrects https://w3id.org/related-to/doi.org/10.5281/zenodo.3978439/files/TECRDB.csv#entry1634]; [TODO: check with primary literature -- randr says the ionic strength has unit ""mol/kg"" whereas pdf says it is ""mol dm-3""]"
2,576,1,1,30,ATP(aq) + D-glucose(aq) = ADP(aq) + D-glucose 6-phosphate(aq),75GOL,298.19,0.019,8.65,,,-68.4,"[corrects https://w3id.org/related-to/doi.org/10.5281/zenodo.3978439/files/TECRDB.csv#entry1612]; [TODO: check with primary literature -- randr says the ionic strength has unit ""mol/kg"" whereas pdf says it is ""mol dm-3""]"
2,576,1,1,31,ATP(aq) + D-glucose(aq) = ADP(aq) + D-glucose 6-phosphate(aq),75GOL,298.19,0.045,8.71,,,-69.8,"[corrects https://w3id.org/related-to/doi.org/10.5281/zenodo.3978439/files/TECRDB.csv#entry1644]; [TODO: check with primary literature -- randr says the ionic strength has unit ""mol/kg"" whereas pdf says it is ""mol dm-3""]"
2,576,1,1,32,ATP(aq) + D-glucose(aq) = ADP(aq) + D-glucose 6-phosphate(aq),75GOL,298.19,0.049,8.67,,,-71.5,"[corrects https://w3id.org/related-to/doi.org/10.5281/zenodo.3978439/files/TECRDB.csv#entry1639]; [TODO: check with primary literature -- randr says the ionic strength has unit ""mol/kg"" whereas pdf says it is ""mol dm-3""]"
2,576,1,1,33,ATP(aq) + D-glucose(aq) = ADP(aq) + D-glucose 6-phosphate(aq),75GOL,298.19,0.078,8.68,,,-71.3,"[corrects https://w3id.org/related-to/doi.org/10.5281/zenodo.3978439/files/TECRDB.csv#entry1636]; [TODO: check with primary literature -- randr says the ionic strength has unit ""mol/kg"" whereas pdf says it is ""mol dm-3""]"
2,576,1,1,34,ATP(aq) + D-glucose(aq) = ADP(aq) + D-glucose 6-phosphate(aq),75GOL,298.19,0.25,8.72,,,-71.6,"[corrects https://w3id.org/related-to/doi.org/10.5281/zenodo.3978439/files/TECRDB.csv#entry1629]; [TODO: check with primary literature -- randr says the ionic strength has unit ""mol/kg"" whereas pdf says it is ""mol dm-3""]"
2,576,1,1,35,ATP(aq) + D-glucose(aq) = ADP(aq) + D-glucose 6-phosphate(aq),75GOL,298.19,0.15,8.41,,,-70.2,"[corrects https://w3id.org/related-to/doi.org/10.5281/zenodo.3978439/files/TECRDB.csv#entry1641]; [TODO: check with primary literature -- randr says the ionic strength has unit ""mol/kg"" whereas pdf says it is ""mol dm-3""]"
2,576,1,1,36,ATP(aq) + D-glucose(aq) = ADP(aq) + D-glucose 6-phosphate(aq),75GOL,298.19,0.1,8.54,,,-71.1,"[corrects https://w3id.org/related-to/doi.org/10.5281/zenodo.3978439/files/TECRDB.csv#entry1640]; [TODO: check with primary literature -- randr says the ionic strength has unit ""mol/kg"" whereas pdf says it is ""mol dm-3""]"
2,576,1,1,37,ATP(aq) + D-glucose(aq) = ADP(aq) + D-glucose 6-phosphate(aq),75GOL,301.66,0.12,8.63,,,-72.1,"[corrects https://w3id.org/related-to/doi.org/10.5281/zenodo.3978439/files/TECRDB.csv#entry1643]; [TODO: check with primary literature -- randr says the ionic strength has unit ""mol/kg"" whereas pdf says it is ""mol dm-3""]"
2,576,1,1,38,ATP(aq) + D-glucose(aq) = ADP(aq) + D-glucose 6-phosphate(aq),75GOL,305.11,0.12,8.65,,,-71.6,"[corrects https://w3id.org/related-to/doi.org/10.5281/zenodo.3978439/files/TECRDB.csv#entry1631]; [TODO: check with primary literature -- randr says the ionic strength has unit ""mol/kg"" whereas pdf says it is ""mol dm-3""]"
,,,,,,,,,,,,,
,,,,,,,,,,,,,
,,,,,,,,,,,,,
,,,,,,,,,,,,,
,,,,,,,,,,,,,
,,,,,,,,,,,,,
,,,,,,,,,,,,,
,,,,,,,,,,,,,
,,,,,,,,,,,,,
,,,,,,,,,,,,,
,,,,,,,,,,,,,
,,,,,,,,,,,,,
,,,,,,,,,,,,,
,,,,,,,,,,,,,
,,,,,,,,,,,,,
,,,,,,,,,,,,,
,,,,,,,,,,,,,
,,,,,,,,,,,,,
,,,,,,,,,,,,,
,,,,,,,,,,,,,
,,,,,,,,,,,,,
,,,,,,,,,,,,,
,,,,,,,,,,,,,
,,,,,,,,,,,,,
,,,,,,,,,,,,,
,,,,,,,,,,,,,
,,,,,,,,,,,,,
,,,,,,,,,,,,,
,,,,,,,,,,,,,
,,,,,,,,,,,,,
,,,,,,,,,,,,,
,,,,,,,,,,,,,
,,,,,,,,,,,,,
,,,,,,,,,,,,,
,,,,,,,,,,,,,
,,,,,,,,,,,,,
,,,,,,,,,,,,,
,,,,,,,,,,,,,
,,,,,,,,,,,,,
2,577,1,1,1,ATP(aq) + D-glucose(aq) = ADP(aq) + D-glucose 6-phosphate(aq),75MCG/JOR,298.15,,8,,,-74.9,buffer = Tris; ΔrH'°= -27.6 kJ/mol
2,577,1,1,2,ATP(aq) + D-glucose(aq) = ADP(aq) + D-glucose 6-phosphate(aq),75MCG/JOR,298.15,,8,,,-71.5,buffer = glycylglycine; ΔrH'°= -27.2 kJ/mol
2,577,1,1,3,ATP(aq) + D-glucose(aq) = ADP(aq) + D-glucose 6-phosphate(aq),75MCG/JOR,298.15,,8,,,-66.1,buffer = glycylglycylglycine; ΔrH'°= -28;5 kJ/mol
2,577,1,1,4,ATP(aq) + D-glucose(aq) = ADP(aq) + D-glucose 6-phosphate(aq),75MCG/JOR,298.15,,8,,,-54,"buffer = N,N-bis(2-hydroxyethyl)-glycine; ΔrH'°= -27.6 kJ/mol"
2,577,1,2,1,ATP(aq) + D-glucose(aq) = ADP(aq) + D-glucose 6-phosphate(aq),76GOL,298.16,,8.85,0.2,,-67.7,m(MgCl2) = 0.322 mol/kg; pMg = 0.51; I_m = 1.01 mol/kg
2,577,1,2,2,ATP(aq) + D-glucose(aq) = ADP(aq) + D-glucose 6-phosphate(aq),76GOL,298.16,,8.9,0.3,,-67.7,m(MgCl2) = 0.258 mol/kg; pMg = 0.62; I_m = 0.78 mol/kg
2,577,1,2,3,ATP(aq) + D-glucose(aq) = ADP(aq) + D-glucose 6-phosphate(aq),76GOL,298.16,,8.86,0.55,,-67.8,m(MgCl2) = 0.157 mol/kg; pMg = 0.90; I_m = 0.45 mol/kg
2,577,1,2,4,ATP(aq) + D-glucose(aq) = ADP(aq) + D-glucose 6-phosphate(aq),76GOL,298.16,,8.9,0.78,,-68.1,m(MgCl2) = 0.100 mol/kg; pMg = 1.17; I_m = 0.27 mol/kg
2,577,1,2,5,ATP(aq) + D-glucose(aq) = ADP(aq) + D-glucose 6-phosphate(aq),76GOL,298.16,,8.92,1.17,,-69.9,m(MgCl2) = 0.0545 mol/kg; pMg = 1.86; I_m = 0.11 mol/kg
2,577,1,2,6,ATP(aq) + D-glucose(aq) = ADP(aq) + D-glucose 6-phosphate(aq),76GOL,298.16,,8.86,1.41,,-72.8,m(MgCl2) = 0.0346 mol/kg; pMg = 2.36; I_m = 0.09 mol/kg
2,577,1,2,7,ATP(aq) + D-glucose(aq) = ADP(aq) + D-glucose 6-phosphate(aq),76GOL,298.16,,8.87,1.5,,-74.5,m(MgCl2) = 0.0293 mol/kg; pMg = 2.59; I_m = 0.09 mol/kg
2,577,1,2,8,ATP(aq) + D-glucose(aq) = ADP(aq) + D-glucose 6-phosphate(aq),76GOL,298.16,,8.88,1.65,,-78.1,m(MgCl2) = 0.0212 mol/kg; pMg = 3.02; I_m = 0.1 mol/kg
2,577,1,2,9,ATP(aq) + D-glucose(aq) = ADP(aq) + D-glucose 6-phosphate(aq),76GOL,298.16,,8.9,1.71,,-78.8,m(MgCl2) = 0.0187 mol/kg; pMg = 3.10; I_m = 0.1 mol/kg
2,577,1,2,10,ATP(aq) + D-glucose(aq) = ADP(aq) + D-glucose 6-phosphate(aq),76GOL,298.16,,8.89,1.73,,-79.8,m(MgCl2) = 0.0180 mol/kg; pMg = 3.22; I_m = 0.1 mol/kg
2,577,1,2,11,ATP(aq) + D-glucose(aq) = ADP(aq) + D-glucose 6-phosphate(aq),76GOL,298.16,,8.64,1.8,,-80.4,m(MgCl2) = 0.0156 mol/kg; pMg = 3.37; I_m = 0.15 mol/kg
2,577,1,2,12,ATP(aq) + D-glucose(aq) = ADP(aq) + D-glucose 6-phosphate(aq),76GOL,298.16,,8.92,1.85,,-81.9,m(MgCl2) = 0.0140 mol/kg; pMg = 3.55; I_m = 0.11 mol/kg
2,577,1,2,13,ATP(aq) + D-glucose(aq) = ADP(aq) + D-glucose 6-phosphate(aq),76GOL,298.16,,8.92,1.97,,-82.7,m(MgCl2) = 0.0106 mol/kg; pMg = 3.97; I_m = 0.11 mol/kg
2,577,1,2,14,ATP(aq) + D-glucose(aq) = ADP(aq) + D-glucose 6-phosphate(aq),76GOL,298.16,,8.93,2.34,,-78.5,m(MgCl2) = 0.00453 mol/kg; pMg = 4.64; I_m = 0.14 mol/kg
2,577,1,2,15,ATP(aq) + D-glucose(aq) = ADP(aq) + D-glucose 6-phosphate(aq),76GOL,298.16,,8.98,2.89,,-73.2,m(MgCl2) = 0.00127 mol/kg; pMg = 5.45; I_m = 0.15 mol/kg
2,577,1,2,16,ATP(aq) + D-glucose(aq) = ADP(aq) + D-glucose 6-phosphate(aq),76GOL,298.16,,8.98,3.57,,-71.9,m(MgCl2) = 0.00027 mol/kg; pMg = 6.01; I_m = 0.16 mol/kg
2,577,1,3,1,ATP(aq) + D-mannose(aq) = ADP(aq) + D-mannose 6-phosphate(aq),75GOL,298.19,,8.57,,,-68.9,I_m = 0.12 mol/kg
2,577,1,3,2,ATP(aq) + D-mannose(aq) = ADP(aq) + D-mannose 6-phosphate(aq),75GOL,298.19,,8.62,,,-69.7,I_m = 0.1 mol/kg
2,577,1,3,3,ATP(aq) + D-mannose(aq) = ADP(aq) + D-mannose 6-phosphate(aq),75GOL,301.66,,8.6,,,-68.8,I_m = 0.12 mol/kg
2,577,1,3,4,ATP(aq) + D-mannose(aq) = ADP(aq) + D-mannose 6-phosphate(aq),75GOL,305.11,,8.63,,,-69.1,I_m = 0.12 mol/kg
2,577,2,1,1,ATP(aq) + D-galactose(aq) = ADP(aq) + {\alpha}-D-galactose 1-phosphate(aq),61ATK/BUR,298.15,,7,2,2.40E1,,c(MgCl2) = 0.010 M
2,577,2,1,2,ATP(aq) + D-galactose(aq) = ADP(aq) + {\alpha}-D-galactose 1-phosphate(aq),61ATK/BUR,298.15,,7,1.6,2.60E1,,c(MgCl2) = 0.025 M
2,578,1,1,1,"ATP(aq) + D-fructose 6-phosphate(aq) = ADP(aq) + D-fructose 1,6-bisphosphate(aq)",75BOH/SCH,298.15,,7,,8.00E2,,
2,578,1,1,2,"ATP(aq) + D-fructose 6-phosphate(aq) = ADP(aq) + D-fructose 1,6-bisphosphate(aq)",75BOH/SCH,303.15,,7,,1.00E3,,
2,578,1,1,3,"ATP(aq) + D-fructose 6-phosphate(aq) = ADP(aq) + D-fructose 1,6-bisphosphate(aq)",75BOH/SCH,310.15,,7,,2.70E3,,
2,578,1,1,4,"ATP(aq) + D-fructose 6-phosphate(aq) = ADP(aq) + D-fructose 1,6-bisphosphate(aq)",75BOH/SCH,298.15,,8,,2.80E3,,
2,578,1,1,5,"ATP(aq) + D-fructose 6-phosphate(aq) = ADP(aq) + D-fructose 1,6-bisphosphate(aq)",75BOH/SCH,303.15,,8,,2.90E3,,
2,578,1,1,6,"ATP(aq) + D-fructose 6-phosphate(aq) = ADP(aq) + D-fructose 1,6-bisphosphate(aq)",75BOH/SCH,310.15,,8,,4.80E3,,
2,578,1,2,1,"ATP(aq) + D-fructose 6-phosphate(aq) = ADP(aq) + D-fructose 1,6-bisphosphate(aq)",75BOH/SCH,298.15,,7,,,-84.2,
2,578,1,2,2,"ATP(aq) + D-fructose 6-phosphate(aq) = ADP(aq) + D-fructose 1,6-bisphosphate(aq)",75BOH/SCH,303.15,,7,,,-77.4,
2,578,1,2,3,"ATP(aq) + D-fructose 6-phosphate(aq) = ADP(aq) + D-fructose 1,6-bisphosphate(aq)",75BOH/SCH,310.15,,7,,,-72.9,
2,578,1,2,4,"ATP(aq) + D-fructose 6-phosphate(aq) = ADP(aq) + D-fructose 1,6-bisphosphate(aq)",75BOH/SCH,298.15,,8,,,-70.4,
2,578,1,2,5,"ATP(aq) + D-fructose 6-phosphate(aq) = ADP(aq) + D-fructose 1,6-bisphosphate(aq)",75BOH/SCH,303.15,,8,,,-67.3,
2,578,1,2,6,"ATP(aq) + D-fructose 6-phosphate(aq) = ADP(aq) + D-fructose 1,6-bisphosphate(aq)",75BOH/SCH,310.15,,8,,,-60.4,
2,578,1,3,1,"ATP(aq) + D-fructose 6-phosphate(aq) = ADP(aq) + D-fructose 1,6-bisphosphate(aq)",73HAN/RUD,303.15,,8,,2.29E3,,
2,578,2,1,1,"ATP(aq) + D-fructose 6-phosphate(aq) = ADP(aq) + D-fructose 1,6-bisphosphate(aq)",82RED,298.15,,9,,,-61.2,buffer=(NH3 + NH4Cl) (0.1 M)
2,578,2,1,2,"ATP(aq) + D-fructose 6-phosphate(aq) = ADP(aq) + D-fructose 1,6-bisphosphate(aq)",82RED,298.15,,9,,,-53,buffer=glycylglycine (0.1 M)
2,578,2,1,3,"ATP(aq) + D-fructose 6-phosphate(aq) = ADP(aq) + D-fructose 1,6-bisphosphate(aq)",82RED,298.15,,9,,,-50.3,buffer = Taps (0.1 M)
2,578,2,1,4,"ATP(aq) + D-fructose 6-phosphate(aq) = ADP(aq) + D-fructose 1,6-bisphosphate(aq)",82RED,298.15,,9,,,-56.7,buffer = Tris (0.1 M)
2,578,2,2,1,"ATP(aq) + D-fructose 6-phosphate(aq) = ADP(aq) + D-fructose 1,6-bisphosphate(aq)",87RAO/HAR,303.15,,6.8,,1.50E2,,buffer = imidazole
2,578,2,2,2,"ATP(aq) + D-fructose 6-phosphate(aq) = ADP(aq) + D-fructose 1,6-bisphosphate(aq)",87RAO/HAR,303.15,,8,,2.90E3,,buffer = Tris
2,578,2,3,1,ATP(aq) + NAD(aq) = ADP(aq) + NADP(aq),77APP/NAI,303.15,,6.1,,2.93E1,,
2,578,2,4,1,ATP(aq) + 3'-dephospho-CoA(aq) = ADP(aq) + CoA(aq),56FEU/WOL,310.15,,7.3,,1.60E0,,
2,579,1,1,1,ATP(aq) + glycerol(aq) = ADP(aq) + sn-glycerol 3-phosphate(aq),82RED,298.15,,9,,,-56,buffer = Bicine (0.1 M)
2,579,1,1,2,ATP(aq) + glycerol(aq) = ADP(aq) + sn-glycerol 3-phosphate(aq),82RED,298.15,,9,,,-73.9,buffer = glycylglycine (0.1 M)
2,579,1,1,3,ATP(aq) + glycerol(aq) = ADP(aq) + sn-glycerol 3-phosphate(aq),82RED,298.15,,9,,,-69.8,buffer = Taps (0.1 M)
2,579,1,1,4,ATP(aq) + glycerol(aq) = ADP(aq) + sn-glycerol 3-phosphate(aq),82RED,298.15,,9,,,-77.3,buffer = Tris (0.1 M)
2,579,1,2,1,ATP(aq) + lysozyme(aq) = ADP(aq) + phospholysozyme(aq),75SHI/BEA,303.15,,6.9,,2.40E1,,
2,579,1,3,1,ATP(aq) + phosvitin(aq) = ADP(aq) + dephosvitin(aq),62RAB,310.15,,5.9,,4.00E1,,
2,579,1,4,1,ATP(aq) + pyruvate kinase(aq) = ADP(aq) + phosphoenolpyruvate kinase(aq),80ELM/HAS,303.15,,6.7,,2.20E1,,
2,579,2,1,1,ATP(aq) + pyruvate(aq) = ADP(aq) + phosphoenolpyruvate(aq),49MEY/OES,303.15,,,,5.56E-4,,
2,579,2,2,1,ATP(aq) + pyruvate(aq) = ADP(aq) + phosphoenolpyruvate(aq),59KRI,303.15,,7.72,,4.90E-4,,
2,579,2,2,2,ATP(aq) + pyruvate(aq) = ADP(aq) + phosphoenolpyruvate(aq),59KRI,303.15,,7.72,,3.86E-4,,
2,579,2,2,3,ATP(aq) + pyruvate(aq) = ADP(aq) + phosphoenolpyruvate(aq),59KRI,303.15,,7.72,,4.50E-4,,
2,579,2,2,4,ATP(aq) + pyruvate(aq) = ADP(aq) + phosphoenolpyruvate(aq),59KRI,303.15,,7.94,,6.85E-4,,
2,579,2,2,5,ATP(aq) + pyruvate(aq) = ADP(aq) + phosphoenolpyruvate(aq),59KRI,303.15,,7.94,,5.52E-4,,
2,579,2,2,6,ATP(aq) + pyruvate(aq) = ADP(aq) + phosphoenolpyruvate(aq),59KRI,303.15,,7.94,,7.35E-4,,
2,579,2,2,7,ATP(aq) + pyruvate(aq) = ADP(aq) + phosphoenolpyruvate(aq),59KRI,303.15,,8.31,,2.08E-3,,
2,579,2,2,8,ATP(aq) + pyruvate(aq) = ADP(aq) + phosphoenolpyruvate(aq),59KRI,303.15,,8.31,,1.52E-3,,
2,579,2,2,9,ATP(aq) + pyruvate(aq) = ADP(aq) + phosphoenolpyruvate(aq),59KRI,303.15,,8.31,,1.79E-4,,
2,579,2,2,10,ATP(aq) + pyruvate(aq) = ADP(aq) + phosphoenolpyruvate(aq),59KRI,303.15,,8.7,,4.95E-3,,
2,579,2,2,11,ATP(aq) + pyruvate(aq) = ADP(aq) + phosphoenolpyruvate(aq),59KRI,303.15,,8.7,,4.13E-3,,
2,579,2,2,12,ATP(aq) + pyruvate(aq) = ADP(aq) + phosphoenolpyruvate(aq),59KRI,303.15,,8.7,,4.29E-4,,
2,580,1,1,1,ATP(aq) + pyruvate(aq) = ADP(aq) + phosphoenolpyruvate(aq),59MCQ/UTT,303.15,,7.4,,1.55E-4,,
2,580,1,1,2,ATP(aq) + pyruvate(aq) = ADP(aq) + phosphoenolpyruvate(aq),59MCQ/UTT,303.15,,8,,4.51E-4,,
2,580,1,1,3,ATP(aq) + pyruvate(aq) = ADP(aq) + phosphoenolpyruvate(aq),59MCQ/UTT,303.15,,8.4,,1.10E-3,,
2,580,1,1,4,ATP(aq) + pyruvate(aq) = ADP(aq) + phosphoenolpyruvate(aq),59MCQ/UTT,303.15,,9,,2.72E-3,,
2,580,1,2,1,ATP(aq) + pyruvate(aq) = ADP(aq) + phosphoenolpyruvate(aq),80CHE/HED,298.15,,8.02,,,-14.5,buffer=Hepes; Delta_r H'0 = 6.2 kJ/mol
2,580,1,2,2,ATP(aq) + pyruvate(aq) = ADP(aq) + phosphoenolpyruvate(aq),80CHE/HED,298.15,,8.06,,,-26.4,buffer=triethanolamine; Delta_r H'0 = 7.4 kJ/mol
2,580,1,2,3,ATP(aq) + pyruvate(aq) = ADP(aq) + phosphoenolpyruvate(aq),80CHE/HED,298.15,,8,,,-38.2,buffer=Tris; Delta_r H'0 = 8.8 kJ/mol
2,580,1,2,4,ATP(aq) + pyruvate(aq) = ADP(aq) + phosphoenolpyruvate(aq),80CHE/HED,298.15,,8.54,,,-38.6,buffer=Tris; Delta_r H'0 = 8.8 kJ/mol
2,580,1,3,1,ATP(aq) + pyruvate(aq) = ADP(aq) + phosphoenolpyruvate(aq),82RED,298.15,,8.5,,,-35.1,buffer = glycylglycine 0.1 M
2,580,1,3,2,ATP(aq) + pyruvate(aq) = ADP(aq) + phosphoenolpyruvate(aq),82RED,298.15,,8.5,,,-31.9,buffer = Taps 0.1 M
2,580,1,3,3,ATP(aq) + pyruvate(aq) = ADP(aq) + phosphoenolpyruvate(aq),82RED,298.15,,8.5,,,-39.3,buffer = Tris 0.1 M
2,580,1,3,4,ATP(aq) + pyruvate(aq) = ADP(aq) + phosphoenolpyruvate(aq),82RED,298.15,,8.5,,,-22.9,buffer = Tricine 0.1 M
2,580,2,1,1,ATP(aq) + pyruvate(aq) = ADP(aq) + phosphoenolpyruvate(aq),79RAO/KAY,288.15,,8,,3.00E-4,,
2,581,1,1,1,ATP(aq) + 1-phosphatidyl-1D-myo-inositol(aq) = ADP(aq) + 1-phosphatidyl-1D-myo-inositol 4-phosphate(aq),88BEL/BAE,303.15,,8,,3.00E-3,,
2,581,1,2,1,pyrophosphate(aq) + L-serine(aq) = orthophosphate(aq) + O-phospho-L-serine(aq),72CAG/FRI,310.15,,6.7,,4.70E2,,c(Phosphate) = 0.10 M
2,581,1,2,2,pyrophosphate(aq) + L-serine(aq) = orthophosphate(aq) + O-phospho-L-serine(aq),72CAG/FRI,310.15,,6.7,,4.80E2,,c(Phosphate) = 0.075 M
2,581,1,2,3,pyrophosphate(aq) + L-serine(aq) = orthophosphate(aq) + O-phospho-L-serine(aq),72CAG/FRI,310.15,,6.7,,4.80E2,,c(Phosphate) = 0.050 M
2,581,1,2,4,pyrophosphate(aq) + L-serine(aq) = orthophosphate(aq) + O-phospho-L-serine(aq),72CAG/FRI,310.15,,6.7,,3.91E2,,c(Phosphate) = 0.025 M
2,581,1,2,5,pyrophosphate(aq) + L-serine(aq) = orthophosphate(aq) + O-phospho-L-serine(aq),72CAG/FRI,310.15,,6.7,,3.88E2,,c(Phosphate) = 0.020 M
2,581,1,2,6,pyrophosphate(aq) + L-serine(aq) = orthophosphate(aq) + O-phospho-L-serine(aq),72CAG/FRI,310.15,,7.7,,9.91E2,,c(Phosphate) = 0.010 M
2,581,1,2,7,pyrophosphate(aq) + L-serine(aq) = orthophosphate(aq) + O-phospho-L-serine(aq),72CAG/FRI,310.15,,7.7,,9.18E2,,c(Phosphate) = 0.075 M
2,581,1,3,1,"pyrophosphate(aq) + D-fructose 6-phosphate(aq) = orthophosphate(aq) + D-fructose 1,6-bisphosphate(aq)",84BER/COO,298.15,,8,,,,"[there is no actual data in this table, but there are values given in the table's comment]"
2,581,2,1,1,ATP(aq) + acetate(aq) = ADP(aq) + acetyl phosphate(aq),44LIP,310.15,,6.5,,5.60E-3,,
2,581,2,2,1,ATP(aq) + acetate(aq) = ADP(aq) + acetyl phosphate(aq),54ROS/GRU,302.15,,7.3,,8.70E-3,,
2,581,2,3,1,ATP(aq) + acetate(aq) = ADP(aq) + acetyl phosphate(aq),52KOR,298.15,,,,1.30E-2,,
2,582,1,1,1,ATP(aq) + acetate(aq) = ADP(aq) + acetyl phosphate(aq),74LAN,298.15,,7.4,2.69,2.10E-2,,c(MgCl2) = 0.002 M; c(Mg2+) = 0.0000248 M
2,582,1,1,2,ATP(aq) + acetate(aq) = ADP(aq) + acetyl phosphate(aq),74LAN,298.15,,7.4,2.69,2.07E-2,,c(MgCl2) = 0.002 M; c(Mg2+) = 0.0000240 M
2,582,1,1,3,ATP(aq) + acetate(aq) = ADP(aq) + acetyl phosphate(aq),74LAN,298.15,,7.4,2.29,7.87E-3,,c(MgCl2) = 0.005 M; c(Mg2+) = 0.0000702 M
2,582,1,1,4,ATP(aq) + acetate(aq) = ADP(aq) + acetyl phosphate(aq),74LAN,298.15,,7.4,2.29,8.55E-3,,c(MgCl2) = 0.005 M; c(Mg2+) = 0.0000722 M
2,582,1,1,5,ATP(aq) + acetate(aq) = ADP(aq) + acetyl phosphate(aq),74LAN,298.15,,7.4,1.99,6.25E-3,,c(MgCl2) = 0.010 M; c(Mg2+) = 0.000333 M
2,582,1,1,6,ATP(aq) + acetate(aq) = ADP(aq) + acetyl phosphate(aq),74LAN,298.15,,7.4,1.98,5.65E-3,,c(MgCl2) = 0.010 M; c(Mg2+) = 0.000391 M
2,582,1,1,7,ATP(aq) + acetate(aq) = ADP(aq) + acetyl phosphate(aq),74LAN,298.15,,7.4,1.78,4.65E-3,,c(MgCl2) = 0.015 M; c(Mg2+) = 0.00149 M
2,582,1,1,8,ATP(aq) + acetate(aq) = ADP(aq) + acetyl phosphate(aq),74LAN,298.15,,7.4,1.78,5.49E-3,,c(MgCl2) = 0.015 M; c(Mg2+) = 0.00146 M
2,582,1,1,9,ATP(aq) + acetate(aq) = ADP(aq) + acetyl phosphate(aq),74LAN,298.15,,7.4,1.75,4.08E-3,,c(MgCl2) = 0.016 M; c(Mg2+) = 0.00197 M
2,582,1,1,10,ATP(aq) + acetate(aq) = ADP(aq) + acetyl phosphate(aq),74LAN,298.15,,7.4,1.75,3.60E-3,,c(MgCl2) = 0.016 M; c(Mg2+) = 0.00176 M
2,582,1,1,11,ATP(aq) + acetate(aq) = ADP(aq) + acetyl phosphate(aq),74LAN,298.15,,7.4,1.6,2.70E-3,,c(MgCl2) = 0.020 M; c(Mg2+) = 0.00492 M
2,582,1,1,12,ATP(aq) + acetate(aq) = ADP(aq) + acetyl phosphate(aq),74LAN,298.15,,7.4,1.62,2.68E-3,,c(MgCl2) = 0.020 M; c(Mg2+) = 0.00424 M
2,582,1,1,13,ATP(aq) + acetate(aq) = ADP(aq) + acetyl phosphate(aq),74LAN,298.15,,7.4,1.37,2.55E-3,,c(MgCl2) = 0.030 M; c(Mg2+) = 0.0123 M
2,582,1,1,14,ATP(aq) + acetate(aq) = ADP(aq) + acetyl phosphate(aq),74LAN,298.15,,7.4,1.22,2.82E-3,,c(MgCl2) = 0.040 M; c(Mg2+) = 0.0205 M
2,582,1,1,15,ATP(aq) + acetate(aq) = ADP(aq) + acetyl phosphate(aq),74LAN,298.15,,7.4,1.21,2.79E-3,,c(MgCl2) = 0.040 M; c(Mg2+) = 0.0210 M
2,582,1,1,16,ATP(aq) + acetate(aq) = ADP(aq) + acetyl phosphate(aq),74LAN,298.15,,7.4,0.86,2.88E-3,,c(MgCl2) = 0.080 M; c(Mg2+) = 0.0567 M
2,582,1,1,17,ATP(aq) + acetate(aq) = ADP(aq) + acetyl phosphate(aq),74LAN,298.15,,7.4,0.86,2.76E-3,,c(MgCl2) = 0.080 M; c(Mg2+) = 0.0572 M
2,582,1,1,18,ATP(aq) + acetate(aq) = ADP(aq) + acetyl phosphate(aq),74LAN,298.15,,7.4,0.43,2.51E-3,,c(MgCl2) = 0.200 M; c(Mg2+) = 0.174 M
2,582,1,1,19,ATP(aq) + acetate(aq) = ADP(aq) + acetyl phosphate(aq),74LAN,298.15,,7.4,0.43,2.92E-3,,c(MgCl2) = 0.200 M; c(Mg2+) = 0.175 M
2,582,1,2,1,CoA(aq) + acetate(aq) + ATP(aq) = acetyl-CoA(aq) + ADP(aq) + orthophospate(aq),73GUY/VEE,311.15,0.25,7.01,,1.71E-1,,c(Mg2+) = 0.0041 M
2,582,1,2,2,CoA(aq) + acetate(aq) + ATP(aq) = acetyl-CoA(aq) + ADP(aq) + orthophospate(aq),73GUY/VEE,311.15,0.25,7.01,,1.64E-1,,c(Mg2+) = 0.0027 M
2,582,1,2,3,CoA(aq) + acetate(aq) + ATP(aq) = acetyl-CoA(aq) + ADP(aq) + orthophospate(aq),73GUY/VEE,311.15,0.25,7.01,,2.52E-1,,c(Mg2+) = 0.00069 M
2,582,1,2,4,CoA(aq) + acetate(aq) + ATP(aq) = acetyl-CoA(aq) + ADP(aq) + orthophospate(aq),73GUY/VEE,311.15,0.25,7.01,,3.95E-1,,c(Mg2+) = 0.00029 M
2,582,1,2,5,CoA(aq) + acetate(aq) + ATP(aq) = acetyl-CoA(aq) + ADP(aq) + orthophospate(aq),73GUY/VEE,311.15,0.25,7.01,,6.95E-1,,c(Mg2+) = 0.000048 M
2,582,1,2,6,CoA(aq) + acetate(aq) + ATP(aq) = acetyl-CoA(aq) + ADP(aq) + orthophospate(aq),73GUY/VEE,311.15,0.25,7.01,,9.89E-1,,c(Mg2+) = 0.0000025 M
2,582,1,3,1,ATP(aq) + ammonium carbamate(aq) = ADP(aq) + carbamoyl phosphate(aq),60JON/LIP,283.15,,9.4,,4.20E-2,,
2,582,2,1,1,ATP(aq) + ammonium carbamate(aq) = ADP(aq) + carbamoyl phosphate(aq),66MAR/COH,298.15,,8.14,,2.70E-2,,
2,582,2,2,1,ATP(aq) + 3-phospho-D-glycerate(aq) = ADP(aq) + 3-phospho-D-glyceroyl phosphate(aq),47BUC,298.15,,6.9,,3.10E-4,,
2,582,2,3,1,ATP(aq) + 3-phospho-D-glycerate(aq) = ADP(aq) + 3-phospho-D-glyceroyl phosphate(aq),70KRI/BUC,298.15,,7.6,,3.00E-4,,
2,583,2,1,1,D-glyceraldehyde 3-phosphate(aq) + ADP(aq) + NAD(aq) + orthophosphate(aq) = 3-phospho-D-glycerate(aq) + ATP(aq) + NADH(aq),68VEE,311.15,0.25,6.88,,2.80E1,,"[same data was shown in part 1, page 562, col 1, table 1; the occurence there is considered the authoritative one]"
2,583,2,1,2,D-glyceraldehyde 3-phosphate(aq) + ADP(aq) + NAD(aq) + orthophosphate(aq) = 3-phospho-D-glycerate(aq) + ATP(aq) + NADH(aq),68VEE,311.15,0.25,6.89,,4.10E1,,"[same data was shown in part 1, page 562, col 1, table 1; the occurence there is considered the authoritative one]"
2,583,2,1,3,D-glyceraldehyde 3-phosphate(aq) + ADP(aq) + NAD(aq) + orthophosphate(aq) = 3-phospho-D-glycerate(aq) + ATP(aq) + NADH(aq),68VEE,311.15,0.25,6.91,,4.50E1,,"[same data was shown in part 1, page 562, col 1, table 1; the occurence there is considered the authoritative one]"
2,583,2,1,4,D-glyceraldehyde 3-phosphate(aq) + ADP(aq) + NAD(aq) + orthophosphate(aq) = 3-phospho-D-glycerate(aq) + ATP(aq) + NADH(aq),68VEE,311.15,0.25,6.92,,3.50E1,,"[same data was shown in part 1, page 562, col 1, table 1; the occurence there is considered the authoritative one]"
2,583,2,1,5,D-glyceraldehyde 3-phosphate(aq) + ADP(aq) + NAD(aq) + orthophosphate(aq) = 3-phospho-D-glycerate(aq) + ATP(aq) + NADH(aq),68VEE,311.15,0.25,6.94,,4.10E1,,"[same data was shown in part 1, page 562, col 1, table 1; the occurence there is considered the authoritative one]"
2,583,2,1,6,D-glyceraldehyde 3-phosphate(aq) + ADP(aq) + NAD(aq) + orthophosphate(aq) = 3-phospho-D-glycerate(aq) + ATP(aq) + NADH(aq),68VEE,311.15,0.25,6.97,,6.80E1,,"[same data was shown in part 1, page 562, col 1, table 1; the occurence there is considered the authoritative one]"
2,583,2,1,7,D-glyceraldehyde 3-phosphate(aq) + ADP(aq) + NAD(aq) + orthophosphate(aq) = 3-phospho-D-glycerate(aq) + ATP(aq) + NADH(aq),68VEE,311.15,0.25,6.98,,6.10E1,,"[same data was shown in part 1, page 562, col 1, table 1; the occurence there is considered the authoritative one]"
2,583,2,1,8,D-glyceraldehyde 3-phosphate(aq) + ADP(aq) + NAD(aq) + orthophosphate(aq) = 3-phospho-D-glycerate(aq) + ATP(aq) + NADH(aq),68VEE,311.15,0.25,6.99,,5.80E1,,"[same data was shown in part 1, page 562, col 1, table 1; the occurence there is considered the authoritative one]"
2,583,2,1,9,D-glyceraldehyde 3-phosphate(aq) + ADP(aq) + NAD(aq) + orthophosphate(aq) = 3-phospho-D-glycerate(aq) + ATP(aq) + NADH(aq),68VEE,311.15,0.25,7,,5.90E1,,"[same data was shown in part 1, page 562, col 1, table 1; the occurence there is considered the authoritative one]"
2,583,2,1,10,D-glyceraldehyde 3-phosphate(aq) + ADP(aq) + NAD(aq) + orthophosphate(aq) = 3-phospho-D-glycerate(aq) + ATP(aq) + NADH(aq),68VEE,311.15,0.25,7.01,,7.10E1,,"[same data was shown in part 1, page 562, col 1, table 1; the occurence there is considered the authoritative one]"
2,583,2,1,11,D-glyceraldehyde 3-phosphate(aq) + ADP(aq) + NAD(aq) + orthophosphate(aq) = 3-phospho-D-glycerate(aq) + ATP(aq) + NADH(aq),68VEE,311.15,0.25,7.02,,7.80E1,,"[same data was shown in part 1, page 562, col 1, table 1; the occurence there is considered the authoritative one]"
2,583,2,2,1,D-glyceraldehyde 3-phosphate(aq) + ADP(aq) + NAD(aq) + orthophosphate(aq) = 3-phospho-D-glycerate(aq) + ATP(aq) + NADH(aq),70VEE/RAI,311.15,0.25,7,,5.90E1,,"[same data was shown in part 1, page 562, col 1, table 2; the occurence there is considered the authoritative one]"
2,583,1,1,1,ATP(aq) + 3-phospho-D-glycerate(aq) = ADP(aq) + 3-phospho-D-glyceroyl phosphate(aq),79COR/LEA,311.15,0.25,7,2,1.43E-3,,c(Mg2+) = 0.01 M
2,583,1,1,2,ATP(aq) + 3-phospho-D-glycerate(aq) = ADP(aq) + 3-phospho-D-glyceroyl phosphate(aq),79COR/LEA,311.15,0.25,7,1.23,1.02E-3,,c(Mg2+) = 0.059 M
2,583,1,1,3,ATP(aq) + 3-phospho-D-glycerate(aq) = ADP(aq) + 3-phospho-D-glyceroyl phosphate(aq),79COR/LEA,311.15,0.25,7,0.66,5.29E-4,,c(Mg2+) = 0.22 M
2,583,1,1,4,ATP(aq) + 3-phospho-D-glycerate(aq) = ADP(aq) + 3-phospho-D-glyceroyl phosphate(aq),79COR/LEA,311.15,0.25,7,0.62,5.49E-4,,c(Mg2+) = 0.24 M
2,583,1,1,5,ATP(aq) + 3-phospho-D-glycerate(aq) = ADP(aq) + 3-phospho-D-glyceroyl phosphate(aq),79COR/LEA,311.15,0.25,7,0.52,5.48E-4,,c(Mg2+) = 0.30 M
2,583,1,1,6,ATP(aq) + 3-phospho-D-glycerate(aq) = ADP(aq) + 3-phospho-D-glyceroyl phosphate(aq),79COR/LEA,311.15,0.25,7,0.38,4.00E-4,,c(Mg2+) = 0.42 M
2,583,1,1,7,ATP(aq) + 3-phospho-D-glycerate(aq) = ADP(aq) + 3-phospho-D-glyceroyl phosphate(aq),79COR/LEA,311.15,0.25,7,0.36,3.92E-4,,c(Mg2+) = 0.44 M
2,583,1,1,8,ATP(aq) + 3-phospho-D-glycerate(aq) = ADP(aq) + 3-phospho-D-glyceroyl phosphate(aq),79COR/LEA,311.15,0.25,7,0.34,3.49E-4,,c(Mg2+) = 0.46 M
2,583,1,1,9,ATP(aq) + 3-phospho-D-glycerate(aq) = ADP(aq) + 3-phospho-D-glyceroyl phosphate(aq),79COR/LEA,311.15,0.25,7,0.1,3.18E-4,,c(Mg2+) = 0.79 M
2,583,1,1,10,ATP(aq) + 3-phospho-D-glycerate(aq) = ADP(aq) + 3-phospho-D-glyceroyl phosphate(aq),79COR/LEA,311.15,0.25,7,-0.01,2.72E-4,,c(Mg2+) = 1.03 M
2,583,1,1,11,ATP(aq) + 3-phospho-D-glycerate(aq) = ADP(aq) + 3-phospho-D-glyceroyl phosphate(aq),79COR/LEA,311.15,0.25,7,-0.09,2.78E-4,,c(Mg2+) = 1.04 M
2,583,1,1,12,ATP(aq) + 3-phospho-D-glycerate(aq) = ADP(aq) + 3-phospho-D-glyceroyl phosphate(aq),79COR/LEA,311.15,0.25,7,-0.04,3.18E-4,,c(Mg2+) = 1.09 M
2,583,1,1,13,ATP(aq) + 3-phospho-D-glycerate(aq) = ADP(aq) + 3-phospho-D-glyceroyl phosphate(aq),79COR/LEA,311.15,0.25,7,-0.02,2.78E-4,,c(Mg2+) = 1.23 M
2,583,1,1,14,ATP(aq) + 3-phospho-D-glycerate(aq) = ADP(aq) + 3-phospho-D-glyceroyl phosphate(aq),79COR/LEA,311.15,0.25,7,-0.11,2.42E-4,,c(Mg2+) = 1.28 M
2,583,1,1,15,ATP(aq) + 3-phospho-D-glycerate(aq) = ADP(aq) + 3-phospho-D-glyceroyl phosphate(aq),79COR/LEA,311.15,0.25,7,-0.13,2.74E-4,,c(Mg2+) = 1.34 M
2,583,1,1,16,ATP(aq) + 3-phospho-D-glycerate(aq) = ADP(aq) + 3-phospho-D-glyceroyl phosphate(aq),79COR/LEA,311.15,0.25,7,-0.14,2.25E-4,,c(Mg2+) = 1.39 M
2,583,1,1,17,ATP(aq) + 3-phospho-D-glycerate(aq) = ADP(aq) + 3-phospho-D-glyceroyl phosphate(aq),79COR/LEA,311.15,0.25,7,-0.15,2.41E-4,,c(Mg2+) = 1.41 M
2,583,1,1,18,ATP(aq) + 3-phospho-D-glycerate(aq) = ADP(aq) + 3-phospho-D-glyceroyl phosphate(aq),79COR/LEA,311.15,0.25,7,-0.16,2.51E-4,,c(Mg2+) = 1.46 M
2,583,1,2,1,ATP-{\beta}-S(aq) + 3-phospho-D-glycerate(aq) = ADP-{\beta}-S(aq) + 3-phospho-D-glyceroyl phosphate(aq),80JAF/COH,280.15,,7.6,,2.30E-3,,
2,584,1,1,1,D-glyceraldehyde 3-phosphate(aq) + ADP(aq) + NAD(aq) + orthophosphate(aq) = 3-phospho-D-glycerate(aq) + ATP(aq) + NADH(aq),78MEE/AKE,310.15,,7,2.63,1.93E3,,"[same data was shown in part 1, page 562, col 2, table 1; the occurence there is considered the authoritative one]"
2,584,1,1,2,D-glyceraldehyde 3-phosphate(aq) + ADP(aq) + NAD(aq) + orthophosphate(aq) = 3-phospho-D-glycerate(aq) + ATP(aq) + NADH(aq),78MEE/AKE,310.15,,7,2.66,1.54E3,,"[same data was shown in part 1, page 562, col 2, table 1; the occurence there is considered the authoritative one]"
2,584,1,1,3,D-glyceraldehyde 3-phosphate(aq) + ADP(aq) + NAD(aq) + orthophosphate(aq) = 3-phospho-D-glycerate(aq) + ATP(aq) + NADH(aq),78MEE/AKE,310.15,,7,3.05,1.31E3,,"[same data was shown in part 1, page 562, col 2, table 1; the occurence there is considered the authoritative one]"
2,584,1,1,4,D-glyceraldehyde 3-phosphate(aq) + ADP(aq) + NAD(aq) + orthophosphate(aq) = 3-phospho-D-glycerate(aq) + ATP(aq) + NADH(aq),78MEE/AKE,310.15,,7,3.13,1.13E3,,"[same data was shown in part 1, page 562, col 2, table 1; the occurence there is considered the authoritative one]"
2,584,1,1,5,D-glyceraldehyde 3-phosphate(aq) + ADP(aq) + NAD(aq) + orthophosphate(aq) = 3-phospho-D-glycerate(aq) + ATP(aq) + NADH(aq),78MEE/AKE,310.15,,7,3.42,9.75E2,,"[same data was shown in part 1, page 562, col 2, table 1; the occurence there is considered the authoritative one]"
2,584,1,1,6,D-glyceraldehyde 3-phosphate(aq) + ADP(aq) + NAD(aq) + orthophosphate(aq) = 3-phospho-D-glycerate(aq) + ATP(aq) + NADH(aq),78MEE/AKE,310.15,,7,3.48,8.17E2,,"[same data was shown in part 1, page 562, col 2, table 1; the occurence there is considered the authoritative one]"
2,584,1,1,7,D-glyceraldehyde 3-phosphate(aq) + ADP(aq) + NAD(aq) + orthophosphate(aq) = 3-phospho-D-glycerate(aq) + ATP(aq) + NADH(aq),78MEE/AKE,310.15,,7,3.68,6.22E2,,"[same data was shown in part 1, page 562, col 2, table 1; the occurence there is considered the authoritative one]"
2,584,1,1,8,D-glyceraldehyde 3-phosphate(aq) + ADP(aq) + NAD(aq) + orthophosphate(aq) = 3-phospho-D-glycerate(aq) + ATP(aq) + NADH(aq),78MEE/AKE,310.15,,7,3.78,6.70E2,,"[same data was shown in part 1, page 562, col 2, table 1; the occurence there is considered the authoritative one]"
2,584,1,1,9,D-glyceraldehyde 3-phosphate(aq) + ADP(aq) + NAD(aq) + orthophosphate(aq) = 3-phospho-D-glycerate(aq) + ATP(aq) + NADH(aq),78MEE/AKE,310.15,,7,3.83,5.86E2,,"[same data was shown in part 1, page 562, col 2, table 1; the occurence there is considered the authoritative one]"
2,584,1,1,10,D-glyceraldehyde 3-phosphate(aq) + ADP(aq) + NAD(aq) + orthophosphate(aq) = 3-phospho-D-glycerate(aq) + ATP(aq) + NADH(aq),78MEE/AKE,310.15,,7,4.08,4.90E2,,"[same data was shown in part 1, page 562, col 2, table 1; the occurence there is considered the authoritative one]"
2,584,1,1,11,D-glyceraldehyde 3-phosphate(aq) + ADP(aq) + NAD(aq) + orthophosphate(aq) = 3-phospho-D-glycerate(aq) + ATP(aq) + NADH(aq),78MEE/AKE,310.15,,7,4.21,4.12E2,,"[same data was shown in part 1, page 562, col 2, table 1; the occurence there is considered the authoritative one]"
2,584,1,1,12,D-glyceraldehyde 3-phosphate(aq) + ADP(aq) + NAD(aq) + orthophosphate(aq) = 3-phospho-D-glycerate(aq) + ATP(aq) + NADH(aq),78MEE/AKE,310.15,,7,4.63,3.53E2,,"[same data was shown in part 1, page 562, col 2, table 1; the occurence there is considered the authoritative one]"
2,584,1,1,13,D-glyceraldehyde 3-phosphate(aq) + ADP(aq) + NAD(aq) + orthophosphate(aq) = 3-phospho-D-glycerate(aq) + ATP(aq) + NADH(aq),78MEE/AKE,310.15,,7,4.75,2.88E2,,"[same data was shown in part 1, page 562, col 2, table 1; the occurence there is considered the authoritative one]"
2,584,1,1,14,D-glyceraldehyde 3-phosphate(aq) + ADP(aq) + NAD(aq) + orthophosphate(aq) = 3-phospho-D-glycerate(aq) + ATP(aq) + NADH(aq),78MEE/AKE,310.15,,7,5.52,3.06E2,,"[same data was shown in part 1, page 562, col 2, table 1; the occurence there is considered the authoritative one]"
2,584,1,1,15,D-glyceraldehyde 3-phosphate(aq) + ADP(aq) + NAD(aq) + orthophosphate(aq) = 3-phospho-D-glycerate(aq) + ATP(aq) + NADH(aq),78MEE/AKE,310.15,,7,5.7,2.88E2,,"[same data was shown in part 1, page 562, col 2, table 1; the occurence there is considered the authoritative one]"
2,584,1,2,1,D-glyceraldehyde 3-phosphate(aq) + ADP(aq) + NAD(aq) + orthophosphate(aq) = 3-phospho-D-glycerate(aq) + ATP(aq) + NADH(aq),79COR/LEA,311.15,,7,2.92,2.17E3,,"[same data was shown in part 1, page 562, col 2, table 2; the occurence there is considered the authoritative one]"
2,584,1,3,1,ATP(aq) + L-aspartate(aq) = ADP(aq) + 4-phospho-L-aspartate(aq),55BLA/WRI,288.15,,7,,3.50E-4,,
2,584,2,1,1,ATP(aq) + guanidinoacetate(aq) = ADP(aq) + phosphoguanidinoacetate(aq),89ELL,308.15,,7.25,,2.90E1,,
2,584,2,2,1,ATP(aq) + creatine(aq) = ADP(aq) + phosphocreatine(aq),36LEH,293.15,,7.7,,1.30E-1,,
2,584,2,2,2,ATP(aq) + creatine(aq) = ADP(aq) + phosphocreatine(aq),36LEH,293.15,,8.8,,4.80E-1,,
2,584,2,3,1,ATP(aq) + creatine(aq) = ADP(aq) + phosphocreatine(aq),43BAN,311.15,,7.5,,2.30E-3,,buffer = borate
2,584,2,3,2,ATP(aq) + creatine(aq) = ADP(aq) + phosphocreatine(aq),43BAN,311.15,,7.6,,4.90E-3,,buffer = borate
2,584,2,3,3,ATP(aq) + creatine(aq) = ADP(aq) + phosphocreatine(aq),43BAN,311.15,,7.8,,2.39E-2,,buffer = borate
2,584,2,3,4,ATP(aq) + creatine(aq) = ADP(aq) + phosphocreatine(aq),43BAN,311.15,,8.2,,9.25E-2,,buffer = borate
2,584,2,3,5,ATP(aq) + creatine(aq) = ADP(aq) + phosphocreatine(aq),43BAN,311.15,,8.5,,1.91E-1,,buffer = borate
2,584,2,3,6,ATP(aq) + creatine(aq) = ADP(aq) + phosphocreatine(aq),43BAN,311.15,,9.05,,3.65E-1,,buffer = borate
2,584,2,3,7,ATP(aq) + creatine(aq) = ADP(aq) + phosphocreatine(aq),43BAN,311.15,,9.5,,1.38E-1,,buffer = borate
2,584,2,3,8,ATP(aq) + creatine(aq) = ADP(aq) + phosphocreatine(aq),43BAN,311.15,,9.7,,6.10E-3,,buffer = borate
2,584,2,3,9,ATP(aq) + creatine(aq) = ADP(aq) + phosphocreatine(aq),43BAN,311.15,,8.55,,3.90E-2,,buffer = veronal
2,585,1,1,1,ATP(aq) + creatine(aq) = ADP(aq) + phosphocreatine(aq),48SOR/DEG,310.15,,9.1,,7.94E0,,
2,585,1,1,2,ATP(aq) + creatine(aq) = ADP(aq) + phosphocreatine(aq),48SOR/DEG,310.15,,6.02,,3.70E-1,,
2,585,1,1,3,ATP(aq) + creatine(aq) = ADP(aq) + phosphocreatine(aq),48SOR/DEG,310.15,,8.72,,2.60E-1,,c(CaCl2) = 0.077 M
2,585,1,1,4,ATP(aq) + creatine(aq) = ADP(aq) + phosphocreatine(aq),48SOR/DEG,310.15,,5.98,,1.50E-1,,c(CaCl2) = 0.077 M
2,585,1,1,5,ATP(aq) + creatine(aq) = ADP(aq) + phosphocreatine(aq),48SOR/DEG,310.15,,9.1,1.98,1.00E-1,,c(CaCl2) = 0.042 M
2,585,1,1,6,ATP(aq) + creatine(aq) = ADP(aq) + phosphocreatine(aq),48SOR/DEG,310.15,,9.1,1.38,1.30E-1,,c(MgCl2) = 0.042 M
2,585,1,1,7,ATP(aq) + creatine(aq) = ADP(aq) + phosphocreatine(aq),48SOR/DEG,310.15,,9.1,,1.30E-1,,c(CaCl2) = 0.0148 M
2,585,1,1,8,ATP(aq) + creatine(aq) = ADP(aq) + phosphocreatine(aq),48SOR/DEG,310.15,,9.1,,1.70E-1,,c(CaCl2) = 0.0074 M
2,585,1,1,9,ATP(aq) + creatine(aq) = ADP(aq) + phosphocreatine(aq),48SOR/DEG,310.15,,9.1,,4.50E-1,,c(CaCl2) = 0.0037 M
2,585,1,1,10,ATP(aq) + creatine(aq) = ADP(aq) + phosphocreatine(aq),48SOR/DEG,310.15,,9.1,1.13,9.26E-2,,c(MgCl2) = 0.074 M
2,585,1,1,11,ATP(aq) + creatine(aq) = ADP(aq) + phosphocreatine(aq),48SOR/DEG,310.15,,9.1,1.43,2.40E-1,,c(MgCl2) = 0.037 M
2,585,1,1,12,ATP(aq) + creatine(aq) = ADP(aq) + phosphocreatine(aq),48SOR/DEG,310.15,,9.1,2.28,1.50E-1,,c(CaCl2) = 0.0052 M
2,585,1,1,13,ATP(aq) + creatine(aq) = ADP(aq) + phosphocreatine(aq),48SOR/DEG,310.15,,9.1,,1.50E-1,,c(MgCl2) = 0.0052 M
2,585,1,1,14,ATP(aq) + creatine(aq) = ADP(aq) + phosphocreatine(aq),48SOR/DEG,310.15,,9.1,,2.30E-1,,c(CaCl2) = 0.0052 M
2,585,1,1,15,ATP(aq) + creatine(aq) = ADP(aq) + phosphocreatine(aq),48SOR/DEG,310.15,,9.1,2.28,2.90E-1,,c(MgCl2) = 0.0052 M
2,585,1,1,16,ATP(aq) + creatine(aq) = ADP(aq) + phosphocreatine(aq),48SOR/DEG,310.15,,9.1,,1.00E-1,,c(CaCl2) = 0.0105 M
2,585,1,1,17,ATP(aq) + creatine(aq) = ADP(aq) + phosphocreatine(aq),48SOR/DEG,310.15,,9.1,,1.00E-1,,c(MgCl2) = 0.0105 M
2,585,1,1,18,ATP(aq) + creatine(aq) = ADP(aq) + phosphocreatine(aq),48SOR/DEG,310.15,,9.1,,1.30E-1,,c(CaCl2) = 0.0105 M
2,585,1,1,19,ATP(aq) + creatine(aq) = ADP(aq) + phosphocreatine(aq),48SOR/DEG,310.15,,9.1,1.98,1.20E-1,,c(MgCl2) = 0.0105 M
2,585,1,2,1,ATP(aq) + creatine(aq) = ADP(aq) + phosphocreatine(aq),54NOD/KUB,293.15,,9.02,1.7,3.00E-1,,buffer = glycine; c(MdSO4) = 0.020 M
2,585,1,2,2,ATP(aq) + creatine(aq) = ADP(aq) + phosphocreatine(aq),54NOD/KUB,293.15,,9.02,2,3.10E-1,,buffer = glycine; c(MdSO4) = 0.010 M
2,585,1,2,3,ATP(aq) + creatine(aq) = ADP(aq) + phosphocreatine(aq),54NOD/KUB,293.15,,9.02,2.22,3.50E-1,,buffer = glycine; c(MdSO4) = 0.006 M
2,585,1,2,4,ATP(aq) + creatine(aq) = ADP(aq) + phosphocreatine(aq),54NOD/KUB,293.15,,9.02,2.7,7.80E-1,,buffer = glycine; c(MdSO4) = 0.002 M
2,585,1,2,5,ATP(aq) + creatine(aq) = ADP(aq) + phosphocreatine(aq),54NOD/KUB,303.15,,7.4,1.7,9.60E-3,,buffer = glycylglycine; c(MdSO4) = 0.020 M
2,585,1,2,6,ATP(aq) + creatine(aq) = ADP(aq) + phosphocreatine(aq),54NOD/KUB,303.15,,7.4,2,1.00E-2,,buffer = glycylglycine; c(MdSO4) = 0.010 M
2,585,1,2,7,ATP(aq) + creatine(aq) = ADP(aq) + phosphocreatine(aq),54NOD/KUB,303.15,,7.4,2.22,1.00E-2,,buffer = glycylglycine; c(MdSO4) = 0.006 M
2,585,1,2,8,ATP(aq) + creatine(aq) = ADP(aq) + phosphocreatine(aq),54NOD/KUB,303.15,,7.4,2.7,3.20E-2,,buffer = glycylglycine; c(MdSO4) = 0.002 M
2,585,1,2,9,ATP(aq) + creatine(aq) = ADP(aq) + phosphocreatine(aq),54NOD/KUB,303.15,,8,1.7,3.70E-2,,buffer = glycylglycine; c(MdSO4) = 0.020 M
2,585,1,2,10,ATP(aq) + creatine(aq) = ADP(aq) + phosphocreatine(aq),54NOD/KUB,303.15,,8,2,3.80E-2,,buffer = glycylglycine; c(MdSO4) = 0.010 M
2,585,1,2,11,ATP(aq) + creatine(aq) = ADP(aq) + phosphocreatine(aq),54NOD/KUB,303.15,,8,2.22,4.40E-2,,buffer = glycylglycine; c(MdSO4) = 0.006 M
2,585,1,2,12,ATP(aq) + creatine(aq) = ADP(aq) + phosphocreatine(aq),54NOD/KUB,303.15,,8,2.7,7.80E-2,,buffer = glycylglycine; c(MdSO4) = 0.002 M
2,585,1,2,13,ATP(aq) + creatine(aq) = ADP(aq) + phosphocreatine(aq),54NOD/KUB,303.15,,8.9,1.7,2.20E-1,,buffer = glycine; c(MdSO4) = 0.020 M
2,585,1,2,14,ATP(aq) + creatine(aq) = ADP(aq) + phosphocreatine(aq),54NOD/KUB,303.15,,8.9,2,2.40E-1,,buffer = glycine; c(MdSO4) = 0.010 M
2,585,1,2,15,ATP(aq) + creatine(aq) = ADP(aq) + phosphocreatine(aq),54NOD/KUB,303.15,,8.9,2.22,2.90E-1,,buffer = glycine; c(MdSO4) = 0.006 M
2,585,1,2,16,ATP(aq) + creatine(aq) = ADP(aq) + phosphocreatine(aq),54NOD/KUB,303.15,,8.9,2.7,6.10E-1,,buffer = glycine; c(MdSO4) = 0.002 M
2,585,1,2,17,ATP(aq) + creatine(aq) = ADP(aq) + phosphocreatine(aq),54NOD/KUB,303.15,,8.9,3,7.80E-1,,buffer = glycine; c(MdSO4) = 0.001 M
2,585,1,2,18,ATP(aq) + creatine(aq) = ADP(aq) + phosphocreatine(aq),54NOD/KUB,303.15,,9.8,1.7,1.30E0,,buffer = glycine; c(MdSO4) = 0.020 M
2,585,1,2,19,ATP(aq) + creatine(aq) = ADP(aq) + phosphocreatine(aq),54NOD/KUB,303.15,,9.8,2,1.40E0,,buffer = glycine; c(MdSO4) = 0.010 M
2,585,1,2,20,ATP(aq) + creatine(aq) = ADP(aq) + phosphocreatine(aq),54NOD/KUB,303.15,,9.8,2.22,1.70E0,,buffer = glycine; c(MdSO4) = 0.006 M
2,585,1,2,21,ATP(aq) + creatine(aq) = ADP(aq) + phosphocreatine(aq),54NOD/KUB,303.15,,9.8,2.7,2.70E0,,buffer = glycine; c(MdSO4) = 0.002 M
2,585,1,2,22,ATP(aq) + creatine(aq) = ADP(aq) + phosphocreatine(aq),54NOD/KUB,303.15,,8.6,,1.20E-1,,buffer = glycine; c(MnSO4) = 0.010 M
2,585,1,2,23,ATP(aq) + creatine(aq) = ADP(aq) + phosphocreatine(aq),54NOD/KUB,303.15,,8.77,,1.70E-1,,buffer = glycine; c(MnSO4) = 0.010 M
2,585,1,2,24,ATP(aq) + creatine(aq) = ADP(aq) + phosphocreatine(aq),54NOD/KUB,303.15,,8.82,,2.90E-1,,buffer = glycine; c(MnSO4) = 0.006 M
2,585,1,2,25,ATP(aq) + creatine(aq) = ADP(aq) + phosphocreatine(aq),54NOD/KUB,303.15,,8.78,,1.80E-1,,buffer = glycine; c(MnSO4) = 0.006 M
2,585,1,2,26,ATP(aq) + creatine(aq) = ADP(aq) + phosphocreatine(aq),54NOD/KUB,303.15,,8.87,,8.80E-1,,buffer = glycine; c(MnSO4) = 0.002 M
2,585,1,2,27,ATP(aq) + creatine(aq) = ADP(aq) + phosphocreatine(aq),54NOD/KUB,311.15,,8.82,1.7,1.80E-1,,buffer = glycine; c(MdSO4) = 0.020 M
2,585,1,2,28,ATP(aq) + creatine(aq) = ADP(aq) + phosphocreatine(aq),54NOD/KUB,311.15,,8.82,2,1.90E-1,,buffer = glycine; c(MdSO4) = 0.010 M
2,585,1,2,29,ATP(aq) + creatine(aq) = ADP(aq) + phosphocreatine(aq),54NOD/KUB,311.15,,8.82,2.22,2.20E-1,,buffer = glycine; c(MdSO4) = 0.006 M
2,585,1,2,30,ATP(aq) + creatine(aq) = ADP(aq) + phosphocreatine(aq),54NOD/KUB,311.15,,8.82,2.7,5.20E-1,,buffer = glycine; c(MdSO4) = 0.002 M
,,,,,,,,,,,,,
2,585,2,1,1,ATP(aq) + creatine(aq) = ADP(aq) + phosphocreatine(aq),52ASK,311.15,,8.5,,2.00E-1,,buffer = borate
2,585,2,1,2,ATP(aq) + creatine(aq) = ADP(aq) + phosphocreatine(aq),52ASK,311.15,,8.5,,4.00E-2,,buffer = veronal
2,586,1,1,1,ATP(aq) + creatine(aq) = ADP(aq) + phosphocreatine(aq),65MOR/JAM,303.15,,8,,3.60E-2,,
2,586,1,2,1,ATP(aq) + creatine(aq) = ADP(aq) + phosphocreatine(aq),67MOR/WHI,303.15,,8,3,4.07E-1,,c(MgCl2) = 0.001 M
2,586,1,2,2,ATP(aq) + creatine(aq) = ADP(aq) + phosphocreatine(aq),67MOR/WHI,303.15,,8,2.7,3.00E-1,,c(MgCl2) = 0.002 M
2,586,1,2,3,ATP(aq) + creatine(aq) = ADP(aq) + phosphocreatine(aq),67MOR/WHI,303.15,,8,2.52,1.86E-1,,c(MgCl2) = 0.003 M
2,586,1,2,4,ATP(aq) + creatine(aq) = ADP(aq) + phosphocreatine(aq),67MOR/WHI,303.15,,8,2.4,1.36E-1,,c(MgCl2) = 0.004 M
2,586,1,2,5,ATP(aq) + creatine(aq) = ADP(aq) + phosphocreatine(aq),67MOR/WHI,303.15,,8,2.3,7.90E-2,,c(MgCl2) = 0.005 M
2,586,1,2,6,ATP(aq) + creatine(aq) = ADP(aq) + phosphocreatine(aq),67MOR/WHI,303.15,,8,2.22,5.40E-2,,c(MgCl2) = 0.006 M
2,586,1,2,7,ATP(aq) + creatine(aq) = ADP(aq) + phosphocreatine(aq),67MOR/WHI,303.15,,8,2,4.30E-2,,c(MgCl2) = 0.007 M
2,586,1,2,8,ATP(aq) + creatine(aq) = ADP(aq) + phosphocreatine(aq),67MOR/WHI,303.15,,8,2.05,4.30E-2,,c(MgCl2) = 0.008 M
2,586,1,2,9,ATP(aq) + creatine(aq) = ADP(aq) + phosphocreatine(aq),67MOR/WHI,303.15,,8,2.1,4.30E-2,,c(MgCl2) = 0.009 M
2,586,1,2,10,ATP(aq) + creatine(aq) = ADP(aq) + phosphocreatine(aq),67MOR/WHI,303.15,,8,2.15,4.30E-2,,c(MgCl2) = 0.010 M
2,586,1,2,11,ATP(aq) + creatine(aq) = ADP(aq) + phosphocreatine(aq),67MOR/WHI,303.15,,8,,4.00E-1,,c(CaCl2) = 0.001 M
2,586,1,2,12,ATP(aq) + creatine(aq) = ADP(aq) + phosphocreatine(aq),67MOR/WHI,303.15,,8,,2.84E-1,,c(CaCl2) = 0.002 M
2,586,1,2,13,ATP(aq) + creatine(aq) = ADP(aq) + phosphocreatine(aq),67MOR/WHI,303.15,,8,,1.96E-1,,c(CaCl2) = 0.003 M
2,586,1,2,14,ATP(aq) + creatine(aq) = ADP(aq) + phosphocreatine(aq),67MOR/WHI,303.15,,8,,1.54E-1,,c(CaCl2) = 0.004 M
2,586,1,2,15,ATP(aq) + creatine(aq) = ADP(aq) + phosphocreatine(aq),67MOR/WHI,303.15,,8,,9.60E-2,,c(CaCl2) = 0.005 M
2,586,1,2,16,ATP(aq) + creatine(aq) = ADP(aq) + phosphocreatine(aq),67MOR/WHI,303.15,,8,,8.30E-2,,c(CaCl2) = 0.006 M
2,586,1,2,17,ATP(aq) + creatine(aq) = ADP(aq) + phosphocreatine(aq),67MOR/WHI,303.15,,8,,7.10E-2,,c(CaCl2) = 0.007 M
2,586,1,2,18,ATP(aq) + creatine(aq) = ADP(aq) + phosphocreatine(aq),67MOR/WHI,303.15,,8,,6.00E-2,,c(CaCl2) = 0.008 M
2,586,1,2,19,ATP(aq) + creatine(aq) = ADP(aq) + phosphocreatine(aq),67MOR/WHI,303.15,,8,,5.00E-2,,c(CaCl2) = 0.009 M
2,586,1,2,20,ATP(aq) + creatine(aq) = ADP(aq) + phosphocreatine(aq),67MOR/WHI,303.15,,8,,5.00E-2,,c(CaCl2) = 0.010 M
2,586,1,2,21,ATP(aq) + creatine(aq) = ADP(aq) + phosphocreatine(aq),67MOR/WHI,303.15,,8,,3.79E-1,,c(MnCl2) = 0.001 M
2,586,1,2,22,ATP(aq) + creatine(aq) = ADP(aq) + phosphocreatine(aq),67MOR/WHI,303.15,,8,,2.71E-1,,c(MnCl2) = 0.002 M
2,586,1,2,23,ATP(aq) + creatine(aq) = ADP(aq) + phosphocreatine(aq),67MOR/WHI,303.15,,8,,2.09E-1,,c(MnCl2) = 0.003 M
2,586,1,2,24,ATP(aq) + creatine(aq) = ADP(aq) + phosphocreatine(aq),67MOR/WHI,303.15,,8,,1.05E-1,,c(MnCl2) = 0.004 M
2,586,1,2,25,ATP(aq) + creatine(aq) = ADP(aq) + phosphocreatine(aq),67MOR/WHI,303.15,,8,,9.10E-2,,c(MnCl2) = 0.005 M
2,586,1,2,26,ATP(aq) + creatine(aq) = ADP(aq) + phosphocreatine(aq),67MOR/WHI,303.15,,8,,5.90E-2,,c(MnCl2) = 0.006 M
2,586,1,2,27,ATP(aq) + creatine(aq) = ADP(aq) + phosphocreatine(aq),67MOR/WHI,303.15,,8,,5.00E-2,,c(MnCl2) = 0.007 M
2,586,1,2,28,ATP(aq) + creatine(aq) = ADP(aq) + phosphocreatine(aq),67MOR/WHI,303.15,,8,,5.30E-2,,c(MnCl2) = 0.008 M
2,586,1,2,29,ATP(aq) + creatine(aq) = ADP(aq) + phosphocreatine(aq),67MOR/WHI,303.15,,8,,3.90E-2,,c(MnCl2) = 0.009 M
2,586,1,2,30,ATP(aq) + creatine(aq) = ADP(aq) + phosphocreatine(aq),67MOR/WHI,303.15,,8,,3.90E-2,,c(MnCl2) = 0.010 M
,,,,,,,,,,,,,
2,586,2,1,1,ATP(aq) + creatine(aq) = ADP(aq) + phosphocreatine(aq),67EPP/DAW,310.15,,7,,5.40E-3,,
2,586,2,1,2,ATP(aq) + creatine(aq) = ADP(aq) + phosphocreatine(aq),67EPP/DAW,310.15,,7.5,,4.10E-2,,
2,586,2,1,3,ATP(aq) + creatine(aq) = ADP(aq) + phosphocreatine(aq),67EPP/DAW,310.15,,8,,8.40E-2,,
2,587,1,1,1,ATP(aq) + creatine(aq) = ADP(aq) + phosphocreatine(aq),71CHE/ALI,303.15,,7,,1.20E-2,,c(CaCl2) = 0.0001 M
2,587,1,1,2,ATP(aq) + creatine(aq) = ADP(aq) + phosphocreatine(aq),71CHE/ALI,303.15,,7,,9.00E-3,,c(CaCl2) = 0.00025 M
2,587,1,1,3,ATP(aq) + creatine(aq) = ADP(aq) + phosphocreatine(aq),71CHE/ALI,303.15,,7,,5.00E-3,,c(CaCl2) = 0.0005 M
2,587,1,1,4,ATP(aq) + creatine(aq) = ADP(aq) + phosphocreatine(aq),71CHE/ALI,303.15,,7,2,3.00E-3,,c(CaCl2) = 0.0010 M
2,587,1,1,5,ATP(aq) + creatine(aq) = ADP(aq) + phosphocreatine(aq),71CHE/ALI,303.15,,7,,2.00E-3,,c(CaCl2) = 0.0020 M
2,587,1,1,6,ATP(aq) + creatine(aq) = ADP(aq) + phosphocreatine(aq),71CHE/ALI,303.15,,7,,5.00E-3,,c(CaCl2) = 0.0001 M
2,587,1,1,7,ATP(aq) + creatine(aq) = ADP(aq) + phosphocreatine(aq),71CHE/ALI,303.15,,7,2.52,4.00E-3,,c(CaCl2) = 0.0005 M
2,587,1,1,8,ATP(aq) + creatine(aq) = ADP(aq) + phosphocreatine(aq),71CHE/ALI,303.15,,7,,3.00E-3,,c(CaCl2) = 0.0010 M
2,587,1,1,9,ATP(aq) + creatine(aq) = ADP(aq) + phosphocreatine(aq),71CHE/ALI,303.15,,7,,2.50E-3,,c(CaCl2) = 0.0020 M
2,587,1,1,10,ATP(aq) + creatine(aq) = ADP(aq) + phosphocreatine(aq),71CHE/ALI,303.15,,7,4,2.50E-2,,c(MgCl2) = 0.0001 M
2,587,1,1,11,ATP(aq) + creatine(aq) = ADP(aq) + phosphocreatine(aq),71CHE/ALI,303.15,,7,3.52,1.50E-2,,c(MgCl2) = 0.0003 M
2,587,1,1,12,ATP(aq) + creatine(aq) = ADP(aq) + phosphocreatine(aq),71CHE/ALI,303.15,,7,3,1.00E-2,,c(MgCl2) = 0.001 M
2,587,1,1,13,ATP(aq) + creatine(aq) = ADP(aq) + phosphocreatine(aq),71CHE/ALI,303.15,,7,,4.00E-3,,c(MgCl2) = 0.003 M
2,587,1,1,14,ATP(aq) + creatine(aq) = ADP(aq) + phosphocreatine(aq),71CHE/ALI,303.15,,7,,3.00E-3,,c(MgCl2) = 0.010 M
2,587,2,1,1,ATP(aq) + creatine(aq) = ADP(aq) + phosphocreatine(aq),79LAW/VEE,310.15,,7.07,2.25,3.62E-2,,c(Mg2+) = 0.0056 M
2,587,2,1,2,ATP(aq) + creatine(aq) = ADP(aq) + phosphocreatine(aq),79LAW/VEE,310.15,,7.04,6.05,3.05E-2,,c(Mg2+) = 0.00000089 M
2,587,2,1,3,ATP(aq) + creatine(aq) = ADP(aq) + phosphocreatine(aq),79LAW/VEE,310.15,,7.04,6.29,3.22E-2,,c(Mg2+) = 0.00000051 M
2,587,2,1,4,ATP(aq) + creatine(aq) = ADP(aq) + phosphocreatine(aq),79LAW/VEE,310.15,,7.01,6.19,2.88E-2,,c(Mg2+) = 0.00000064 M
2,587,2,1,5,ATP(aq) + creatine(aq) = ADP(aq) + phosphocreatine(aq),79LAW/VEE,310.15,,6.99,5.72,3.22E-2,,c(Mg2+) = 0.0000019 M
2,587,2,1,6,ATP(aq) + creatine(aq) = ADP(aq) + phosphocreatine(aq),79LAW/VEE,310.15,,6.99,5.74,2.97E-2,,c(Mg2+) = 0.0000018 M
2,587,2,1,7,ATP(aq) + creatine(aq) = ADP(aq) + phosphocreatine(aq),79LAW/VEE,310.15,,7.01,5.82,3.05E-2,,c(Mg2+) = 0.0000015 M
2,587,2,1,8,ATP(aq) + creatine(aq) = ADP(aq) + phosphocreatine(aq),79LAW/VEE,310.15,,7.02,5.72,3.11E-2,,c(Mg2+) = 0.0000019 M
2,587,2,1,9,ATP(aq) + creatine(aq) = ADP(aq) + phosphocreatine(aq),79LAW/VEE,310.15,,7.12,5.47,3.46E-2,,c(Mg2+) = 0.0000034 M
2,587,2,1,10,ATP(aq) + creatine(aq) = ADP(aq) + phosphocreatine(aq),79LAW/VEE,310.15,,7.11,5.46,3.51E-2,,c(Mg2+) = 0.0000035 M
2,587,2,1,11,ATP(aq) + creatine(aq) = ADP(aq) + phosphocreatine(aq),79LAW/VEE,310.15,,7.11,5.46,3.58E-2,,c(Mg2+) = 0.0000035 M
2,587,2,1,12,ATP(aq) + creatine(aq) = ADP(aq) + phosphocreatine(aq),79LAW/VEE,310.15,,7,5.25,2.60E-2,,c(Mg2+) = 0.0000056 M
2,587,2,1,13,ATP(aq) + creatine(aq) = ADP(aq) + phosphocreatine(aq),79LAW/VEE,310.15,,7.01,5.27,2.17E-2,,c(Mg2+) = 0.0000054 M
2,587,2,1,14,ATP(aq) + creatine(aq) = ADP(aq) + phosphocreatine(aq),79LAW/VEE,310.15,,7,5.26,2.54E-2,,c(Mg2+) = 0.0000055 M
2,587,2,1,15,ATP(aq) + creatine(aq) = ADP(aq) + phosphocreatine(aq),79LAW/VEE,310.15,,7.14,4.32,3.39E-2,,c(Mg2+) = 0.000048 M
2,587,2,1,16,ATP(aq) + creatine(aq) = ADP(aq) + phosphocreatine(aq),79LAW/VEE,310.15,,7.15,4.34,3.38E-2,,c(Mg2+) = 0.000046 M
2,587,2,1,17,ATP(aq) + creatine(aq) = ADP(aq) + phosphocreatine(aq),79LAW/VEE,310.15,,7.14,4.33,3.47E-2,,c(Mg2+) = 0.000047 M
2,587,2,1,18,ATP(aq) + creatine(aq) = ADP(aq) + phosphocreatine(aq),79LAW/VEE,310.15,,7.01,4.14,1.72E-2,,c(Mg2+) = 0.000073 M
2,587,2,1,19,ATP(aq) + creatine(aq) = ADP(aq) + phosphocreatine(aq),79LAW/VEE,310.15,,7.01,4.15,1.80E-2,,c(Mg2+) = 0.000071 M
2,587,2,1,20,ATP(aq) + creatine(aq) = ADP(aq) + phosphocreatine(aq),79LAW/VEE,310.15,,7,4.14,1.82E-2,,c(Mg2+) = 0.000072 M
2,587,2,1,21,ATP(aq) + creatine(aq) = ADP(aq) + phosphocreatine(aq),79LAW/VEE,310.15,,7.07,3.09,7.87E-3,,c(Mg2+) = 0.00082 M
2,587,2,1,22,ATP(aq) + creatine(aq) = ADP(aq) + phosphocreatine(aq),79LAW/VEE,310.15,,7.1,3.06,7.69E-3,,c(Mg2+) = 0.00088 M
2,587,2,1,23,ATP(aq) + creatine(aq) = ADP(aq) + phosphocreatine(aq),79LAW/VEE,310.15,,7.1,3.06,7.81E-3,,c(Mg2+) = 0.00087 M
2,587,2,1,24,ATP(aq) + creatine(aq) = ADP(aq) + phosphocreatine(aq),79LAW/VEE,310.15,,7.08,3.08,7.69E-3,,c(Mg2+) = 0.00083 M
2,587,2,1,25,ATP(aq) + creatine(aq) = ADP(aq) + phosphocreatine(aq),79LAW/VEE,310.15,,7.09,3.05,8.06E-3,,c(Mg2+) = 0.00089 M
2,587,2,1,26,ATP(aq) + creatine(aq) = ADP(aq) + phosphocreatine(aq),79LAW/VEE,310.15,,7.11,3.07,8.47E-3,,c(Mg2+) = 0.00086 M
2,587,2,1,27,ATP(aq) + creatine(aq) = ADP(aq) + phosphocreatine(aq),79LAW/VEE,310.15,,7.12,3.08,8.13E-3,,c(Mg2+) = 0.00084 M
2,587,2,1,28,ATP(aq) + creatine(aq) = ADP(aq) + phosphocreatine(aq),79LAW/VEE,310.15,,7.12,3.06,7.81E-3,,c(Mg2+) = 0.00087 M
2,587,2,1,29,ATP(aq) + creatine(aq) = ADP(aq) + phosphocreatine(aq),79LAW/VEE,310.15,,7.11,2.47,5.78E-3,,c(Mg2+) = 0.00336 M
2,587,2,1,30,ATP(aq) + creatine(aq) = ADP(aq) + phosphocreatine(aq),79LAW/VEE,310.15,,7.11,2.45,6.06E-3,,c(Mg2+) = 0.00353 M
2,587,2,1,31,ATP(aq) + creatine(aq) = ADP(aq) + phosphocreatine(aq),79LAW/VEE,310.15,,7.16,2.46,6.49E-3,,c(Mg2+) = 0.00348 M
2,587,2,1,32,ATP(aq) + creatine(aq) = ADP(aq) + phosphocreatine(aq),79LAW/VEE,310.15,,7.09,2.47,6.02E-3,,c(Mg2+) = 0.00342 M
2,587,2,1,33,ATP(aq) + creatine(aq) = ADP(aq) + phosphocreatine(aq),79LAW/VEE,310.15,,7.16,2.48,6.17E-3,,c(Mg2+) = 0.00332 M
2,587,2,1,34,ATP(aq) + creatine(aq) = ADP(aq) + phosphocreatine(aq),79LAW/VEE,310.15,,7.12,2.47,6.10E-3,,c(Mg2+) = 0.00338 M
2,587,2,1,35,ATP(aq) + creatine(aq) = ADP(aq) + phosphocreatine(aq),79LAW/VEE,310.15,,7.19,2.47,6.49E-3,,c(Mg2+) = 0.00342 M
2,587,2,1,36,ATP(aq) + creatine(aq) = ADP(aq) + phosphocreatine(aq),79LAW/VEE,310.15,,7.14,2.45,6.67E-3,,c(Mg2+) = 0.00353 M
2,587,2,1,37,ATP(aq) + creatine(aq) = ADP(aq) + phosphocreatine(aq),79LAW/VEE,310.15,,7.32,1.92,6.41E-3,,c(Mg2+) = 0.0119 M
2,587,2,1,38,ATP(aq) + creatine(aq) = ADP(aq) + phosphocreatine(aq),79LAW/VEE,310.15,,7.33,1.92,6.76E-3,,c(Mg2+) = 0.0121 M
2,587,2,1,39,ATP(aq) + creatine(aq) = ADP(aq) + phosphocreatine(aq),79LAW/VEE,310.15,,7.33,1.92,6.49E-3,,c(Mg2+) = 0.0120 M
2,587,2,1,40,ATP(aq) + creatine(aq) = ADP(aq) + phosphocreatine(aq),79LAW/VEE,310.15,,7.34,1.93,7.58E-3,,c(Mg2+) = 0.0118 M
2,587,2,1,41,ATP(aq) + creatine(aq) = ADP(aq) + phosphocreatine(aq),79LAW/VEE,310.15,,7.39,1.93,7.52E-3,,c(Mg2+) = 0.0117 M
2,587,2,1,42,ATP(aq) + creatine(aq) = ADP(aq) + phosphocreatine(aq),79LAW/VEE,310.15,,7.37,1.92,7.14E-3,,c(Mg2+) = 0.0119 M
2,587,2,1,43,ATP(aq) + creatine(aq) = ADP(aq) + phosphocreatine(aq),79LAW/VEE,310.15,,7.38,1.93,6.10E-3,,c(Mg2+) = 0.0117 M
2,587,2,1,44,ATP(aq) + creatine(aq) = ADP(aq) + phosphocreatine(aq),79LAW/VEE,310.15,,7.35,1.92,6.90E-3,,c(Mg2+) = 0.0120 M
,,,,,,,,,,,,,
,,,,,,,,,,,,,
2,587,2,2,1,ATP(aq) + creatine(aq) = ADP(aq) + phosphocreatine(aq),80LER/COH,303.15,,8,,5.30E-2,,
2,588,1,1,1,ATP(aq) + creatine(aq) = ADP(aq) + phosphocreatine(aq),81RAO/COH,277.15,,7.8,,8.00E-2,,1.19E-02
2,588,1,2,1,ATP(aq) + creatine(aq) = ADP(aq) + phosphocreatine(aq),86KIM/LEE,303.15,,7.4,,1.10E-2,,
2,588,1,3,1,ATP(aq) + creatine(aq) = ADP(aq) + phosphocreatine(aq),89ELD/DEG,286.65,,8.2,,3.30E-2,,
2,588,1,3,2,ATP(aq) + creatine(aq) = ADP(aq) + phosphocreatine(aq),89ELD/DEG,295.15,,8.2,,4.06E-2,,
2,588,1,3,3,ATP(aq) + creatine(aq) = ADP(aq) + phosphocreatine(aq),89ELD/DEG,303.15,,8.2,,4.17E-2,,
2,588,1,3,4,ATP(aq) + creatine(aq) = ADP(aq) + phosphocreatine(aq),89ELD/DEG,308.15,,8.2,,4.53E-2,,
2,588,1,4,1,ATP(aq) + creatine(aq) = ADP(aq) + phosphocreatine(aq),89LOP/COH,309.15,,7,,5.81E-3,,
2,588,2,1,1,ATP(aq) + creatine(aq) = ADP(aq) + phosphocreatine(aq),92TEA/DOB,278.15,0.25,7.03,3.1,4.44E-3,,c(Mg2+) = 0.000803 M
2,588,2,1,2,ATP(aq) + creatine(aq) = ADP(aq) + phosphocreatine(aq),92TEA/DOB,278.15,0.25,7.03,3.1,4.39E-3,,c(Mg2+) = 0.000803 M
2,588,2,1,3,ATP(aq) + creatine(aq) = ADP(aq) + phosphocreatine(aq),92TEA/DOB,278.15,0.25,7.03,3.2,4.44E-3,,c(Mg2+) = 0.000635 M
2,588,2,1,4,ATP(aq) + creatine(aq) = ADP(aq) + phosphocreatine(aq),92TEA/DOB,278.15,0.25,7.03,3.21,4.81E-3,,c(Mg2+) = 0.000619 M
2,588,2,1,5,ATP(aq) + creatine(aq) = ADP(aq) + phosphocreatine(aq),92TEA/DOB,278.15,0.25,7.02,3.12,3.76E-3,,c(Mg2+) = 0.000757 M
2,588,2,1,6,ATP(aq) + creatine(aq) = ADP(aq) + phosphocreatine(aq),92TEA/DOB,278.15,0.25,7.02,3.13,3.88E-3,,c(Mg2+) = 0.000748 M
2,588,2,1,7,ATP(aq) + creatine(aq) = ADP(aq) + phosphocreatine(aq),92TEA/DOB,278.15,0.25,7.07,3.16,3.82E-3,,c(Mg2+) = 0.000693 M
2,588,2,1,8,ATP(aq) + creatine(aq) = ADP(aq) + phosphocreatine(aq),92TEA/DOB,278.15,0.25,7.07,3.16,3.89E-3,,c(Mg2+) = 0.000689 M
2,588,2,1,9,ATP(aq) + creatine(aq) = ADP(aq) + phosphocreatine(aq),92TEA/DOB,288.15,0.25,7,3.13,5.00E-3,,c(Mg2+) = 0.000745 M
2,588,2,1,10,ATP(aq) + creatine(aq) = ADP(aq) + phosphocreatine(aq),92TEA/DOB,288.15,0.25,7,3.13,5.35E-3,,c(Mg2+) = 0.000733 M
2,588,2,1,11,ATP(aq) + creatine(aq) = ADP(aq) + phosphocreatine(aq),92TEA/DOB,288.15,0.25,7,3.25,4.90E-3,,c(Mg2+) = 0.000568 M
2,588,2,1,12,ATP(aq) + creatine(aq) = ADP(aq) + phosphocreatine(aq),92TEA/DOB,288.15,0.25,7,3.24,5.52E-3,,c(Mg2+) = 0.000575 M
2,588,2,1,13,ATP(aq) + creatine(aq) = ADP(aq) + phosphocreatine(aq),92TEA/DOB,288.15,0.25,6.99,3.16,4.67E-3,,c(Mg2+) = 0.000689 M
2,588,2,1,14,ATP(aq) + creatine(aq) = ADP(aq) + phosphocreatine(aq),92TEA/DOB,288.15,0.25,6.99,3.15,4.65E-3,,c(Mg2+) = 0.000701 M
2,588,2,1,15,ATP(aq) + creatine(aq) = ADP(aq) + phosphocreatine(aq),92TEA/DOB,288.15,0.25,7.04,3.2,4.67E-3,,c(Mg2+) = 0.000628 M
2,588,2,1,16,ATP(aq) + creatine(aq) = ADP(aq) + phosphocreatine(aq),92TEA/DOB,288.15,0.25,7.04,3.2,4.50E-3,,c(Mg2+) = 0.000630 M
2,588,2,1,17,ATP(aq) + creatine(aq) = ADP(aq) + phosphocreatine(aq),92TEA/DOB,298.15,0.25,6.97,3.16,6.02E-3,,c(Mg2+) = 0.000686 M
2,588,2,1,18,ATP(aq) + creatine(aq) = ADP(aq) + phosphocreatine(aq),92TEA/DOB,298.15,0.25,6.97,3.18,5.65E-3,,c(Mg2+) = 0.000666 M
2,588,2,1,19,ATP(aq) + creatine(aq) = ADP(aq) + phosphocreatine(aq),92TEA/DOB,298.15,0.25,6.98,3.28,6.90E-3,,c(Mg2+) = 0.000525 M
2,588,2,1,20,ATP(aq) + creatine(aq) = ADP(aq) + phosphocreatine(aq),92TEA/DOB,298.15,0.25,6.98,3.29,6.29E-3,,c(Mg2+) = 0.000509 M
2,588,2,1,21,ATP(aq) + creatine(aq) = ADP(aq) + phosphocreatine(aq),92TEA/DOB,298.15,0.25,6.96,3.2,5.10E-3,,c(Mg2+) = 0.000633 M
2,588,2,1,22,ATP(aq) + creatine(aq) = ADP(aq) + phosphocreatine(aq),92TEA/DOB,298.15,0.25,6.96,3.2,5.18E-3,,c(Mg2+) = 0.000625 M
2,588,2,1,23,ATP(aq) + creatine(aq) = ADP(aq) + phosphocreatine(aq),92TEA/DOB,298.15,0.25,7.01,3.25,5.35E-3,,c(Mg2+) = 0.000556 M
2,588,2,1,24,ATP(aq) + creatine(aq) = ADP(aq) + phosphocreatine(aq),92TEA/DOB,298.15,0.25,7.01,3.26,5.00E-3,,c(Mg2+) = 0.000551 M
2,588,2,1,25,ATP(aq) + creatine(aq) = ADP(aq) + phosphocreatine(aq),92TEA/DOB,311.15,0.25,6.93,3.21,6.99E-3,,c(Mg2+) = 0.000612 M
2,588,2,1,26,ATP(aq) + creatine(aq) = ADP(aq) + phosphocreatine(aq),92TEA/DOB,311.15,0.25,6.93,3.21,7.30E-3,,c(Mg2+) = 0.000612 M
2,588,2,1,27,ATP(aq) + creatine(aq) = ADP(aq) + phosphocreatine(aq),92TEA/DOB,311.15,0.25,6.94,3.34,7.04E-3,,c(Mg2+) = 0.000462 M
2,588,2,1,28,ATP(aq) + creatine(aq) = ADP(aq) + phosphocreatine(aq),92TEA/DOB,311.15,0.25,6.94,3.34,6.85E-3,,c(Mg2+) = 0.000457 M
2,588,2,1,29,ATP(aq) + creatine(aq) = ADP(aq) + phosphocreatine(aq),92TEA/DOB,311.15,0.25,6.93,3.24,5.92E-3,,c(Mg2+) = 0.000573 M
2,588,2,1,30,ATP(aq) + creatine(aq) = ADP(aq) + phosphocreatine(aq),92TEA/DOB,311.15,0.25,6.93,3.24,6.13E-3,,c(Mg2+) = 0.000573 M
2,588,2,1,31,ATP(aq) + creatine(aq) = ADP(aq) + phosphocreatine(aq),92TEA/DOB,311.15,0.25,6.98,3.29,6.37E-3,,c(Mg2+) = 0.000508 M
2,588,2,1,32,ATP(aq) + creatine(aq) = ADP(aq) + phosphocreatine(aq),92TEA/DOB,311.15,0.25,6.98,3.29,6.29E-3,,c(Mg2+) = 0.000514 M
,,,,,,,,,,,,,
2,588,2,2,1,ATP(aq) + cyclocreatine(aq) = ADP(aq) + phosphocyclocreatine(aq),89LOP/COH,309.15,,7,,1.78E-1,,
2,589,1,1,1,ATP-{\beta}-S(aq) + creatine(aq) = ADP-{\beta}-S(aq) + phosphocreatine(aq),80LER/COH,303.15,,8,,3.10E0,,
2,589,1,2,1,"adenosine 5'-({\alpha},{\beta}-methylene)triphosphate(aq) + creatine(aq) = adenosine 5'-({\alpha},{\beta}-methylene)diphosphate(aq) + phosphocreatine(aq)",83MIL/RYC,303.15,,8.79,,1.43E-3,,
2,589,1,3,1,phosphocreatine(aq) + cyclocreatine(aq) = creatine(aq) + phosphocyclocreatine(aq),77ANN/WAL,310.15,,7,,2.50E1,,buffer = triethanolamine + HCl
2,589,1,3,2,phosphocreatine(aq) + cyclocreatine(aq) = creatine(aq) + phosphocyclocreatine(aq),77ANN/WAL,310.15,,9,,2.60E1,,buffer = sodium glycine
2,589,2,1,1,phosphocreatine(aq) + cyclocreatine(aq) = creatine(aq) + phosphocyclocreatine(aq),89LOP/COH,309.15,,7,,3.46E1,,
2,589,2,2,1,phosphocreatine(aq) + H2O(l) = creatine(aq) + orthophosphate(aq),60GEL/STU,298.15,,8,,,-37.4,"[same data presented again in part 3, page 1095, col 1, table 2; the data here in part 2, page 589, col 2, table 2 is considered the authoritative one]"
2,589,2,3,1,ATP(aq) + L-arginine(aq) = ADP(aq) + N{\omega}-phospho-L-arginine(aq),36LEH,293.15,,7.7,,3.23E-1,,
2,589,2,4,1,ATP(aq) + L-arginine(aq) = ADP(aq) + N{\omega}-phospho-L-arginine(aq),49SOR/DVO,298.15,,6.1,,2.00E-3,,
2,589,2,4,2,ATP(aq) + L-arginine(aq) = ADP(aq) + N{\omega}-phospho-L-arginine(aq),49SOR/DVO,298.15,,9.1,,1.70E-1,,
2,590,1,1,1,ATP(aq) + L-arginine(aq) = ADP(aq) + N{\omega}-phospho-L-arginine(aq),66UHR/MAR,303.15,,8,2.4,1.20E0,,c(MgCl2) = 0.0040 M
2,590,1,1,2,ATP(aq) + L-arginine(aq) = ADP(aq) + N{\omega}-phospho-L-arginine(aq),66UHR/MAR,303.15,,8,2.22,2.10E0,,c(MgCl2) = 0.0060 M
2,590,1,1,3,ATP(aq) + L-arginine(aq) = ADP(aq) + N{\omega}-phospho-L-arginine(aq),66UHR/MAR,303.15,,8,2.1,2.40E0,,c(MgCl2) = 0.0080 M
2,590,1,2,1,ATP(aq) + L-arginine(aq) = ADP(aq) + N{\omega}-phospho-L-arginine(aq),69SMI/MOR,303.15,,8,,8.00E-1,,
2,590,1,3,1,ATP(aq) + L-arginine(aq) = ADP(aq) + N{\omega}-phospho-L-arginine(aq),76RAO/BUT,285.15,,7.25,,1.00E-1,,
2,590,1,4,1,ATP(aq) + L-arginine(aq) = ADP(aq) + N{\omega}-phospho-L-arginine(aq),80LER/COH,303.15,,8,,1.70E-1,,
2,590,1,5,1,ATP(aq) + L-arginine(aq) = ADP(aq) + N{\omega}-phospho-L-arginine(aq),86GRA/ELL,298.15,,7.1,,1.86E-2,,
2,590,2,1,1,ATP(aq) + L-arginine(aq) = ADP(aq) + N{\omega}-phospho-L-arginine(aq),89ELL,308.15,,7.25,,1.30E1,,
2,590,2,2,1,ATP-{\beta}-S(aq) + L-arginine(aq) = ADP-{\beta}-S(aq) + N{\omega}-phospho-L-arginine(aq),80LER/COH,303.15,,8,,1.10E1,,
,,,,,,,,,,,,,
2,590,2,3,1,ATP(aq) + taurocyamine(aq) = ADP(aq) + N{\omega}-phosphotaurocyamine(aq),61PRA,303.15,,7.1,,5.30E-1,,[corrects https://w3id.org/related-to/doi.org/10.5281/zenodo.3978439/files/TECRDB.csv#entry3654]
2,590,2,4,1,ATP(aq) + taurocyamine(aq) = ADP(aq) + N{\omega}-phosphotaurocyamine(aq),89ELL,308.15,,7.25,,2.90E1,,
2,591,1,1,1,ATP(aq) + lombricine(aq) = ADP(aq) + N{\omega}-phospholombricine(aq),89ELL,308.15,,7.25,,3.20E1,,
2,591,1,2,1,ATP(aq) + (R)-5-phosphomevalonate(aq) = ADP(aq) + (R)-5-diphosphomevalonate(aq),69POP,310.15,,7.3,,1.00E0,,
2,591,1,3,1,ATP(aq) + (R)-5-phosphomevalonate(aq) = ADP(aq) + (R)-5-diphosphomevalonate(aq),85LEE/OSU,303.15,,8,,1.70E0,,
2,591,2,1,1,ATP-{\alpha}-S(aq) + (R)-5-phosphomevalonate(aq) = ADP-{\alpha}-S(aq) + (R)-5-diphosphomevalonate(aq),85LEE/OSU,303.15,,8,,3.25E0,,
2,591,2,2,1,ATP-{\beta}-S(aq) + (R)-5-phosphomevalonate(aq) = ADP-{\beta}-S(aq) + (R)-5-diphosphomevalonate(aq),85LEE/OSU,303.15,,8,,8.00E1,,
2,591,2,3,1,ATP-{\gamma}-S(aq) + (R)-5-phosphomevalonate(aq) = ADP(aq) + 2-thio-5-diphosphomevalonate(aq),85LEE/OSU,303.15,,8,,9.70E-1,,
2,591,2,4,1,2 ADP(aq) = AMP(aq) + ATP(aq),43KAL,303.15,,7.5,,3.00E-1,,
2,592,1,1,1,2 ADP(aq) = AMP(aq) + ATP(aq),52EGG/HEM,298.15,,7.4,,4.44E-1,,
2,592,1,2,1,2 ADP(aq) = AMP(aq) + ATP(aq),53GRE/BRO,300.15,,6.7,,4.50E-1,,
2,592,1,3,1,2 ADP(aq) = AMP(aq) + ATP(aq),53SIE/POT,303.15,,,,1.00E0,,
2,592,1,4,1,2 ADP(aq) = AMP(aq) + ATP(aq),54BOW/KER,274.15,,6,,3.80E-1,,
2,592,1,4,2,2 ADP(aq) = AMP(aq) + ATP(aq),54BOW/KER,293.15,,6,,3.90E-1,,
2,592,1,4,3,2 ADP(aq) = AMP(aq) + ATP(aq),54BOW/KER,293.15,,6,3,3.10E-1,,
2,592,1,4,4,2 ADP(aq) = AMP(aq) + ATP(aq),54BOW/KER,313.15,,6,,4.80E-1,,
2,592,2,1,1,2 ADP(aq) = AMP(aq) + ATP(aq),56BOW/KER,293.15,,6,6,3.70E-1,,c(MgCl2) = 0.000001 M
2,592,2,1,2,2 ADP(aq) = AMP(aq) + ATP(aq),56BOW/KER,293.15,,6,5,3.60E-1,,c(MgCl2) = 0.00001 M
2,592,2,1,3,2 ADP(aq) = AMP(aq) + ATP(aq),56BOW/KER,293.15,,6,4,5.20E-1,,c(MgCl2) = 0.0001 M
2,592,2,1,4,2 ADP(aq) = AMP(aq) + ATP(aq),56BOW/KER,293.15,,6,3.84,9.60E-1,,c(MgCl2) = 0.000144 M
2,592,2,1,5,2 ADP(aq) = AMP(aq) + ATP(aq),56BOW/KER,293.15,,6,3.53,1.24E0,,c(MgCl2) = 0.000297 M
2,592,2,1,6,2 ADP(aq) = AMP(aq) + ATP(aq),56BOW/KER,293.15,,6,3.27,1.09E0,,c(MgCl2) = 0.000531 M
2,592,2,1,7,2 ADP(aq) = AMP(aq) + ATP(aq),56BOW/KER,293.15,,6,3,7.60E-1,,c(MgCl2) = 0.001 M
2,592,2,1,8,2 ADP(aq) = AMP(aq) + ATP(aq),56BOW/KER,293.15,,6,2.8,6.80E-1,,c(MgCl2) = 0.00158 M
2,592,2,1,9,2 ADP(aq) = AMP(aq) + ATP(aq),56BOW/KER,293.15,,6,2.61,4.70E-1,,c(MgCl2) = 0.00248 M
2,592,2,2,1,2 ADP(aq) = AMP(aq) + ATP(aq),57CAL,303.15,,6.12,,6.90E-1,,
2,592,2,2,2,2 ADP(aq) = AMP(aq) + ATP(aq),57CAL,303.15,,6.81,,4.70E-1,,
2,592,2,2,3,2 ADP(aq) = AMP(aq) + ATP(aq),57CAL,303.15,,7.5,,4.60E-1,,
2,592,2,2,4,2 ADP(aq) = AMP(aq) + ATP(aq),57CAL,303.15,,7.88,,4.00E-1,,
2,592,2,3,1,2 ADP(aq) = AMP(aq) + ATP(aq),59CAL/WEB,303.15,,7.5,,4.20E-1,,
2,593,1,1,1,2 ADP(aq) = AMP(aq) + ATP(aq),61ATK/BUR,298.15,,7,2,4.80E-1,,c(MgCl2) = 0.010 M; [typo in PDF: mol dm -2]
2,593,1,1,2,2 ADP(aq) = AMP(aq) + ATP(aq),61ATK/BUR,298.15,,7,1.6,2.80E-1,,c(MgCl2) = 0.025 M; [typo in PDF: mol dm -2]
2,593,1,2,1,2 ADP(aq) = AMP(aq) + ATP(aq),66MAR/WAD,303.15,,7.4,,8.10E-1,,
2,593,1,3,1,2 ADP(aq) = AMP(aq) + ATP(aq),68SU/RUS,280.3,,7,1.49,3.03E-1,,
2,593,1,3,2,2 ADP(aq) = AMP(aq) + ATP(aq),68SU/RUS,300.4,,7,1.49,2.72E-1,,
2,593,1,3,3,2 ADP(aq) = AMP(aq) + ATP(aq),68SU/RUS,303.15,,5,1.49,4.96E-1,,
2,593,1,3,4,2 ADP(aq) = AMP(aq) + ATP(aq),68SU/RUS,303.15,,6,1.49,4.18E-1,,
2,593,1,3,5,2 ADP(aq) = AMP(aq) + ATP(aq),68SU/RUS,303.15,,7,2.09,6.40E-1,,
2,593,1,3,6,2 ADP(aq) = AMP(aq) + ATP(aq),68SU/RUS,303.15,,7,1.8,4.13E-1,,
2,593,1,3,7,2 ADP(aq) = AMP(aq) + ATP(aq),68SU/RUS,303.15,,7,1.49,2.45E-1,,
2,593,1,3,8,2 ADP(aq) = AMP(aq) + ATP(aq),68SU/RUS,303.15,,7,1.49,2.69E-1,,
2,593,1,3,9,2 ADP(aq) = AMP(aq) + ATP(aq),68SU/RUS,303.15,,7,1.19,2.16E-1,,
2,593,1,3,10,2 ADP(aq) = AMP(aq) + ATP(aq),68SU/RUS,303.15,,8,1.49,2.36E-1,,
2,593,1,3,11,2 ADP(aq) = AMP(aq) + ATP(aq),68SU/RUS,303.15,,9,1.49,2.05E-1,,
2,593,1,3,12,2 ADP(aq) = AMP(aq) + ATP(aq),68SU/RUS,303.15,,10,1.49,1.97E-1,,
2,593,1,3,13,2 ADP(aq) = AMP(aq) + ATP(aq),68SU/RUS,322.6,,7,1.49,2.45E-1,,
2,593,1,4,1,2 ADP(aq) = AMP(aq) + ATP(aq),68BOM/PRA,298.15,,,,5.00E-1,,
2,593,2,1,1,2 ADP(aq) = AMP(aq) + ATP(aq),70BLA,298.15,,7.5,5,3.33E-1,,c(MgCl2) = 0.00001 M
2,593,2,1,2,2 ADP(aq) = AMP(aq) + ATP(aq),70BLA,298.15,,7.5,3.7,5.67E-1,,c(MgCl2) = 0.0002 M
2,593,2,1,3,2 ADP(aq) = AMP(aq) + ATP(aq),70BLA,298.15,,7.5,3.37,8.47E-1,,c(MgCl2) = 0.00043 M
2,593,2,1,4,2 ADP(aq) = AMP(aq) + ATP(aq),70BLA,298.15,,7.5,3.13,1.23E0,,c(MgCl2) = 0.000736 M
2,593,2,1,5,2 ADP(aq) = AMP(aq) + ATP(aq),70BLA,298.15,,7.5,2.93,1.34E0,,c(MgCl2) = 0.00117 M
2,593,2,1,6,2 ADP(aq) = AMP(aq) + ATP(aq),70BLA,298.15,,7.5,2.67,9.00E-1,,c(MgCl2) = 0.00215 M
2,593,2,1,7,2 ADP(aq) = AMP(aq) + ATP(aq),70BLA,298.15,,7.5,2.4,5.43E-1,,c(MgCl2) = 0.00398 M
2,593,2,1,8,2 ADP(aq) = AMP(aq) + ATP(aq),70BLA,298.15,,7.5,5,4.33E-1,,c(MgCl2) = 0.00001 M; c(KCl) = 0.075 M
2,593,2,1,9,2 ADP(aq) = AMP(aq) + ATP(aq),70BLA,298.15,,7.5,3.68,6.37E-1,,c(MgCl2) = 0.000209 M; c(KCl) = 0.075 M
2,593,2,1,10,2 ADP(aq) = AMP(aq) + ATP(aq),70BLA,298.15,,7.5,3.4,8.33E-1,,c(MgCl2) = 0.000398 M; c(KCl) = 0.075 M
2,593,2,1,11,2 ADP(aq) = AMP(aq) + ATP(aq),70BLA,298.15,,7.5,3.2,1.15E0,,c(MgCl2) = 0.000631 M; c(KCl) = 0.075 M
2,593,2,1,12,2 ADP(aq) = AMP(aq) + ATP(aq),70BLA,298.15,,7.5,2.97,1.37E0,,c(MgCl2) = 0.00108 M; c(KCl) = 0.075 M
2,593,2,1,13,2 ADP(aq) = AMP(aq) + ATP(aq),70BLA,298.15,,7.5,2.8,1.17E0,,c(MgCl2) = 0.00158 M; c(KCl) = 0.075 M
2,593,2,1,14,2 ADP(aq) = AMP(aq) + ATP(aq),70BLA,298.15,,7.5,2.67,1.00E0,,c(MgCl2) = 0.00215 M; c(KCl) = 0.075 M
2,593,2,1,15,2 ADP(aq) = AMP(aq) + ATP(aq),70BLA,298.15,,7.5,2.41,6.00E-1,,c(MgCl2) = 0.00386 M; c(KCl) = 0.075 M
2,594,1,1,1,2 ADP(aq) = AMP(aq) + ATP(aq),71HOR/HUS,303.15,,7.6,2.7,1.01E0,,
2,594,1,1,2,2 ADP(aq) = AMP(aq) + ATP(aq),71HOR/HUS,303.15,,7.6,2.52,1.03E0,,
2,594,1,1,3,2 ADP(aq) = AMP(aq) + ATP(aq),71HOR/HUS,303.15,,7.6,2.4,1.04E0,,
2,594,1,1,4,2 ADP(aq) = AMP(aq) + ATP(aq),71HOR/HUS,303.15,,7.6,2.4,1.09E0,,
2,594,1,1,5,2 ADP(aq) = AMP(aq) + ATP(aq),71HOR/HUS,303.15,,7.6,2.4,1.14E0,,
2,594,1,1,6,2 ADP(aq) = AMP(aq) + ATP(aq),71HOR/HUS,303.15,,7.6,2.3,5.34E-1,,
2,594,1,1,7,2 ADP(aq) = AMP(aq) + ATP(aq),71HOR/HUS,303.15,,7.6,1.4,2.65E-1,,
2,594,1,1,8,2 ADP(aq) = AMP(aq) + ATP(aq),71HOR/HUS,303.15,,7.6,1.4,2.79E-1,,
2,594,1,1,9,2 ADP(aq) = AMP(aq) + ATP(aq),71HOR/HUS,303.15,,7.6,1.4,2.72E-1,,
2,594,1,1,10,2 ADP(aq) = AMP(aq) + ATP(aq),71HOR/HUS,303.15,,8.2,2.61,1.23E0,,
2,594,1,1,11,2 ADP(aq) = AMP(aq) + ATP(aq),71HOR/HUS,303.15,,7.9,2.61,1.25E0,,
2,594,1,1,12,2 ADP(aq) = AMP(aq) + ATP(aq),71HOR/HUS,303.15,,7.9,2.61,1.23E0,,
2,594,1,1,13,2 ADP(aq) = AMP(aq) + ATP(aq),71HOR/HUS,303.15,,7.5,2.61,1.15E0,,
2,594,1,1,14,2 ADP(aq) = AMP(aq) + ATP(aq),71HOR/HUS,303.15,,7.5,2.61,1.14E0,,
2,594,1,1,15,2 ADP(aq) = AMP(aq) + ATP(aq),71HOR/HUS,303.15,,7.5,2.61,1.28E0,,
2,594,1,1,16,2 ADP(aq) = AMP(aq) + ATP(aq),71HOR/HUS,303.15,,7.5,2.27,7.04E-1,,
2,594,1,1,17,2 ADP(aq) = AMP(aq) + ATP(aq),71HOR/HUS,303.15,,7,2.61,1.09E0,,
2,594,1,1,18,2 ADP(aq) = AMP(aq) + ATP(aq),71HOR/HUS,303.15,,7,2.27,7.52E-1,,
2,594,1,1,19,2 ADP(aq) = AMP(aq) + ATP(aq),71HOR/HUS,303.15,,7,2.27,6.99E-1,,
2,594,1,1,20,2 ADP(aq) = AMP(aq) + ATP(aq),71HOR/HUS,303.15,,6.56,2.61,1.11E0,,
2,594,1,1,21,2 ADP(aq) = AMP(aq) + ATP(aq),71HOR/HUS,303.15,,6.5,2.27,6.94E-1,,
2,594,1,1,22,2 ADP(aq) = AMP(aq) + ATP(aq),71HOR/HUS,303.15,,6.06,2.61,9.09E-1,,
2,594,1,1,23,2 ADP(aq) = AMP(aq) + ATP(aq),71HOR/HUS,303.15,,6.06,2.61,1.23E0,,
2,594,1,1,24,2 ADP(aq) = AMP(aq) + ATP(aq),71HOR/HUS,303.15,,6.04,2.27,8.70E-1,,
2,594,1,1,25,2 ADP(aq) = AMP(aq) + ATP(aq),71HOR/HUS,303.15,,5.6,2.61,7.09E-1,,
2,594,1,1,26,2 ADP(aq) = AMP(aq) + ATP(aq),71HOR/HUS,303.15,,5.57,2.27,8.26E-1,,
2,594,1,1,27,2 ADP(aq) = AMP(aq) + ATP(aq),71HOR/HUS,303.15,,5.49,2.61,8.40E-1,,
2,594,1,1,28,2 ADP(aq) = AMP(aq) + ATP(aq),71HOR/HUS,303.15,,5,2.61,6.62E-1,,
2,594,1,1,29,2 ADP(aq) = AMP(aq) + ATP(aq),71HOR/HUS,303.15,,5,2.27,8.62E-1,,
2,594,1,1,30,2 ADP(aq) = AMP(aq) + ATP(aq),71HOR/HUS,303.15,,4.9,2.27,7.87E-1,,
,,,,,,,,,,,,,
2,594,2,1,1,2 ADP(aq) = AMP(aq) + ATP(aq),73DEW/LOW,288.15,,7.25,1.65,3.17E-1,,pMg = 1.65
2,594,2,1,2,2 ADP(aq) = AMP(aq) + ATP(aq),73DEW/LOW,288.15,,7.25,1.7,3.21E-1,,pMg = 1.70
2,594,2,1,3,2 ADP(aq) = AMP(aq) + ATP(aq),73DEW/LOW,288.15,,7.25,1.85,3.52E-1,,pMg = 1.85
2,594,2,1,4,2 ADP(aq) = AMP(aq) + ATP(aq),73DEW/LOW,288.15,,7.25,1.9,3.80E-1,,pMg = 1.90
2,594,2,1,5,2 ADP(aq) = AMP(aq) + ATP(aq),73DEW/LOW,288.15,,7.25,2.15,5.88E-1,,pMg = 2.15
2,594,2,1,6,2 ADP(aq) = AMP(aq) + ATP(aq),73DEW/LOW,288.15,,7.25,2.2,5.49E-1,,pMg = 2.20
2,594,2,1,7,2 ADP(aq) = AMP(aq) + ATP(aq),73DEW/LOW,288.15,,7.25,2.25,3.83E-1,,pMg = 2.25
2,594,2,1,8,2 ADP(aq) = AMP(aq) + ATP(aq),73DEW/LOW,288.15,,7.25,2.3,6.17E-1,,pMg = 2.30
2,594,2,1,9,2 ADP(aq) = AMP(aq) + ATP(aq),73DEW/LOW,288.15,,7.25,2.67,9.71E-1,,pMg = 2.67
2,594,2,1,10,2 ADP(aq) = AMP(aq) + ATP(aq),73DEW/LOW,288.15,,7.25,2.68,9.35E-1,,pMg = 2.68
2,594,2,1,11,2 ADP(aq) = AMP(aq) + ATP(aq),73DEW/LOW,288.15,,7.25,2.8,8.77E-1,,pMg = 2.80
2,594,2,1,12,2 ADP(aq) = AMP(aq) + ATP(aq),73DEW/LOW,288.15,,7.25,2.8,1.24E0,,pMg = 2.80
2,594,2,1,13,2 ADP(aq) = AMP(aq) + ATP(aq),73DEW/LOW,288.15,,7.25,2.93,1.27E0,,pMg = 2.93
2,594,2,1,14,2 ADP(aq) = AMP(aq) + ATP(aq),73DEW/LOW,288.15,,7.25,3.12,1.41E0,,pMg = 3.12
2,594,2,1,15,2 ADP(aq) = AMP(aq) + ATP(aq),73DEW/LOW,288.15,,7.25,3.3,1.37E0,,pMg = 3.30
2,594,2,1,16,2 ADP(aq) = AMP(aq) + ATP(aq),73DEW/LOW,288.15,,7.25,3.5,1.45E0,,pMg = 3.50
2,594,2,1,17,2 ADP(aq) = AMP(aq) + ATP(aq),73DEW/LOW,288.15,,7.25,3.5,1.23E0,,pMg = 3.50
2,594,2,1,18,2 ADP(aq) = AMP(aq) + ATP(aq),73DEW/LOW,288.15,,7.25,3.78,1.14E0,,pMg = 3.78
2,594,2,1,19,2 ADP(aq) = AMP(aq) + ATP(aq),73DEW/LOW,288.15,,7.25,4.15,7.94E-1,,pMg = 4.00
2,594,2,1,20,2 ADP(aq) = AMP(aq) + ATP(aq),73DEW/LOW,288.15,,7.25,4.1,8.20E-1,,pMg = 4.10
2,594,2,1,21,2 ADP(aq) = AMP(aq) + ATP(aq),73DEW/LOW,288.15,,7.25,4,7.94E-1,,pMg = 4.15
2,594,2,1,22,2 ADP(aq) = AMP(aq) + ATP(aq),73DEW/LOW,288.15,,7.25,4.35,6.94E-1,,pmg = 4.35
2,594,2,1,23,2 ADP(aq) = AMP(aq) + ATP(aq),73DEW/LOW,288.15,,7.25,4.8,5.62E-1,,pMg = 4.80
2,594,2,1,24,2 ADP(aq) = AMP(aq) + ATP(aq),73DEW/LOW,288.15,,7.25,4.9,5.21E-1,,pMg = 4.90
2,594,2,1,25,2 ADP(aq) = AMP(aq) + ATP(aq),73DEW/LOW,288.15,,7.25,5,4.72E-1,,pMg = 5.00
2,594,2,1,26,2 ADP(aq) = AMP(aq) + ATP(aq),73DEW/LOW,288.15,,7.25,5.15,3.41E-1,,pMg = 5.15
2,594,2,1,27,2 ADP(aq) = AMP(aq) + ATP(aq),73DEW/LOW,288.15,,7.25,5.28,4.61E-1,,pMg = 5.28
2,594,2,1,28,2 ADP(aq) = AMP(aq) + ATP(aq),73DEW/LOW,288.15,,7.25,5.3,5.18E-1,,pMg = 5.30
2,594,2,1,29,2 ADP(aq) = AMP(aq) + ATP(aq),73DEW/LOW,288.15,,7.25,5.4,4.88E-1,,pMg = 5.40
2,594,2,1,30,2 ADP(aq) = AMP(aq) + ATP(aq),73DEW/LOW,288.15,,7.25,5.45,4.78E-1,,pMg = 5.45
2,594,2,1,31,2 ADP(aq) = AMP(aq) + ATP(aq),73DEW/LOW,288.15,,7.25,6.25,4.61E-1,,pMg = 6.25
2,594,2,1,32,2 ADP(aq) = AMP(aq) + ATP(aq),73DEW/LOW,288.15,,7.25,6.35,4.61E-1,,pMg = 6.35
2,594,2,1,33,2 ADP(aq) = AMP(aq) + ATP(aq),73DEW/LOW,288.15,,7.25,6.4,4.44E-1,,pMg = 6.40
2,594,2,1,34,2 ADP(aq) = AMP(aq) + ATP(aq),73DEW/LOW,288.15,,7.25,6.45,4.44E-1,,pMg = 6.45
2,594,2,1,35,2 ADP(aq) = AMP(aq) + ATP(aq),73DEW/LOW,288.15,,7.25,6.6,4.83E-1,,pMg = 6.60
2,594,2,1,36,2 ADP(aq) = AMP(aq) + ATP(aq),73DEW/LOW,288.15,,7.25,6.7,5.18E-1,,pMg = 6.70
2,594,2,1,37,2 ADP(aq) = AMP(aq) + ATP(aq),73DEW/LOW,288.15,,7.25,6.75,4.69E-1,,pMg = 6.75
2,594,2,1,38,2 ADP(aq) = AMP(aq) + ATP(aq),73DEW/LOW,288.15,,7.25,6.8,4.44E-1,,pMg = 6.80
2,594,2,1,39,2 ADP(aq) = AMP(aq) + ATP(aq),73DEW/LOW,288.15,,7.25,7.25,4.22E-1,,pMg = 7.25
2,594,2,1,40,2 ADP(aq) = AMP(aq) + ATP(aq),73DEW/LOW,288.15,,7.25,7.4,4.52E-1,,pMg = 7.40
,,,,,,,,,,,,,
2,594,2,2,1,2 ADP(aq) = AMP(aq) + ATP(aq),74JEB/TY,298.15,,7.4,2.3,5.50E-1,,c(MgCl2) = 0.005 M
2,595,1,1,1,2 ADP(aq) = AMP(aq) + ATP(aq),74LAN,298.15,0.296,6.4,2.81,4.90E-1,,buffer = Tris (0.2M); c(MgCl2) = 0.0015 M; c(Mg2+) = 0.0000623 M
2,595,1,1,2,2 ADP(aq) = AMP(aq) + ATP(aq),74LAN,298.15,0.311,6.4,2.81,5.15E-1,,buffer = Tris (0.2M); c(MgCl2) = 0.0015 M; c(Mg2+) = 0.0000511 M
2,595,1,1,3,2 ADP(aq) = AMP(aq) + ATP(aq),74LAN,298.15,0.288,6.4,2.28,5.95E-1,,buffer = Tris (0.2M); c(MgCl2) = 0.005 M; c(Mg2+) = 0.000285 M
2,595,1,1,4,2 ADP(aq) = AMP(aq) + ATP(aq),74LAN,298.15,0.298,6.4,2.28,5.13E-1,,buffer = Tris (0.2M); c(MgCl2) = 0.005 M; c(Mg2+) = 0.00024 M
2,595,1,1,5,2 ADP(aq) = AMP(aq) + ATP(aq),74LAN,298.15,0.283,6.4,1.96,7.63E-1,,buffer = Tris (0.2M); c(MgCl2) = 0.01 M; c(Mg2+) = 0.000873 M
2,595,1,1,6,2 ADP(aq) = AMP(aq) + ATP(aq),74LAN,298.15,0.288,6.4,1.97,6.71E-1,,buffer = Tris (0.2M); c(MgCl2) = 0.01 M; c(Mg2+) = 0.00764 M
2,595,1,1,7,2 ADP(aq) = AMP(aq) + ATP(aq),74LAN,298.15,0.284,6.4,1.63,7.58E-1,,buffer = Tris (0.2M); c(MgCl2) = 0.02 M; c(Mg2+) = 0.0036 M
2,595,1,1,8,2 ADP(aq) = AMP(aq) + ATP(aq),74LAN,298.15,0.287,6.4,1.63,7.09E-1,,buffer = Tris (0.2M); c(MgCl2) = 0.02 M; c(Mg2+) = 0.00333 M
2,595,1,1,9,2 ADP(aq) = AMP(aq) + ATP(aq),74LAN,298.15,0.343,6.4,1.12,4.29E-1,,buffer = Tris (0.2M); c(MgCl2) = 0.05 M; c(Mg2+) = 0.026 M
2,595,1,1,10,2 ADP(aq) = AMP(aq) + ATP(aq),74LAN,298.15,0.343,6.4,1.12,4.59E-1,,buffer = Tris (0.2M); c(MgCl2) = 0.05 M; c(Mg2+) = 0.0253 M
2,595,1,1,11,2 ADP(aq) = AMP(aq) + ATP(aq),74LAN,298.15,0.482,6.4,0.76,2.59E-1,,buffer = Tris (0.2M); c(MgCl2) = 0.1 M; c(Mg2+) = 0.0741 M
2,595,1,1,12,2 ADP(aq) = AMP(aq) + ATP(aq),74LAN,298.15,0.483,6.4,0.76,2.92E-1,,buffer = Tris (0.2M); c(MgCl2) = 0.1 M; c(Mg2+) = 0.0738 M
2,595,1,1,13,2 ADP(aq) = AMP(aq) + ATP(aq),74LAN,298.15,0.777,6.4,0.43,2.00E-1,,buffer = Tris (0.2M); c(MgCl2) = 0.2 M; c(Mg2+) = 0.173 M
2,595,1,1,14,2 ADP(aq) = AMP(aq) + ATP(aq),74LAN,298.15,0.777,6.4,0.43,2.20E-1,,buffer = Tris (0.2M); c(MgCl2) = 0.2 M; c(Mg2+) = 0.172 M
2,595,1,1,15,2 ADP(aq) = AMP(aq) + ATP(aq),74LAN,298.15,0.283,7.4,2.29,5.49E-1,,buffer = Tris (0.2M); c(MgCl2) = 0.005 M; c(Mg2+) = 0.000113 M
2,595,1,1,16,2 ADP(aq) = AMP(aq) + ATP(aq),74LAN,298.15,0.286,7.4,2.29,5.41E-1,,buffer = Tris (0.2M); c(MgCl2) = 0.005 M; c(Mg2+) = 0.00011 M
2,595,1,1,17,2 ADP(aq) = AMP(aq) + ATP(aq),74LAN,298.15,0.276,7.4,2.11,6.58E-1,,buffer = Tris (0.2M); c(MgCl2) = 0.0075 M; c(Mg2+) = 0.000216 M
2,595,1,1,18,2 ADP(aq) = AMP(aq) + ATP(aq),74LAN,298.15,0.276,7.4,2.11,6.62E-1,,buffer = Tris (0.2M); c(MgCl2) = 0.0075 M; c(Mg2+) = 0.000215 M
2,595,1,1,19,2 ADP(aq) = AMP(aq) + ATP(aq),74LAN,298.15,0.272,7.4,1.98,7.41E-1,,buffer = Tris (0.2M); c(MgCl2) = 0.01 M; c(Mg2+) = 0.000365 M
2,595,1,1,20,2 ADP(aq) = AMP(aq) + ATP(aq),74LAN,298.15,0.274,7.4,1.99,7.25E-1,,buffer = Tris (0.2M); c(MgCl2) = 0.01 M; c(Mg2+) = 0.000351 M
2,595,1,1,21,2 ADP(aq) = AMP(aq) + ATP(aq),74LAN,298.15,0.263,7.4,1.88,7.58E-1,,buffer = Tris (0.2M); c(MgCl2) = 0.0125 M; c(Mg2+) = 0.00066 M
2,595,1,1,22,2 ADP(aq) = AMP(aq) + ATP(aq),74LAN,298.15,0.268,7.4,1.88,7.58E-1,,buffer = Tris (0.2M); c(MgCl2) = 0.0125 M; c(Mg2+) = 0.000603 M
2,595,1,1,23,2 ADP(aq) = AMP(aq) + ATP(aq),74LAN,298.15,0.266,7.4,1.41,5.08E-1,,buffer = Tris (0.2M); c(MgCl2) = 0.03 M; c(Mg2+) = 0.0086 M
2,595,1,1,24,2 ADP(aq) = AMP(aq) + ATP(aq),74LAN,298.15,0.268,7.4,1.42,5.05E-1,,buffer = Tris (0.2M); c(MgCl2) = 0.03 M; c(Mg2+) = 0.00784 M
2,595,1,1,25,2 ADP(aq) = AMP(aq) + ATP(aq),74LAN,298.15,0.286,7.4,1.23,3.48E-1,,buffer = Tris (0.2M); c(MgCl2) = 0.04 M; c(Mg2+) = 0.0191 M
2,595,1,1,26,2 ADP(aq) = AMP(aq) + ATP(aq),74LAN,298.15,0.287,7.4,1.24,3.57E-1,,buffer = Tris (0.2M); c(MgCl2) = 0.04 M; c(Mg2+) = 0.0174 M
2,595,1,1,27,2 ADP(aq) = AMP(aq) + ATP(aq),74LAN,298.15,0.395,7.4,0.88,2.33E-1,,buffer = Tris (0.2M); c(MgCl2) = 0.08 M; c(Mg2+) = 0.0527 M
2,595,1,1,28,2 ADP(aq) = AMP(aq) + ATP(aq),74LAN,298.15,0.395,7.4,0.88,2.33E-1,,buffer = Tris (0.2M); c(MgCl2) = 0.08 M; c(Mg2+) = 0.0515 M
2,595,1,1,29,2 ADP(aq) = AMP(aq) + ATP(aq),74LAN,298.15,0.541,7.4,0.63,2.06E-1,,buffer = Tris (0.2M); c(MgCl2) = 0.13 M; c(Mg2+) = 0.102 M
2,595,1,1,30,2 ADP(aq) = AMP(aq) + ATP(aq),74LAN,298.15,0.54,7.4,0.64,1.86E-1,,buffer = Tris (0.2M); c(MgCl2) = 0.13 M; c(Mg2+) = 0.0999 M
2,595,1,1,31,2 ADP(aq) = AMP(aq) + ATP(aq),74LAN,298.15,0.748,7.4,0.43,1.45E-1,,buffer = Tris (0.2M); c(MgCl2) = 0.2 M; c(Mg2+) = 0.17 M
2,595,1,1,32,2 ADP(aq) = AMP(aq) + ATP(aq),74LAN,298.15,0.748,7.4,0.43,1.43E-1,,buffer = Tris (0.2M); c(MgCl2) = 0.2 M; c(Mg2+) = 0.171 M
2,595,1,1,33,2 ADP(aq) = AMP(aq) + ATP(aq),74LAN,298.15,1.65,7.4,0.01,1.23E-1,,buffer = Tris (0.2M); c(MgCl2) = 0.5 M; c(Mg2+) = 0.477 M
2,595,1,1,34,2 ADP(aq) = AMP(aq) + ATP(aq),74LAN,298.15,1.65,7.4,0.01,1.21E-1,,buffer = Tris (0.2M); c(MgCl2) = 0.5 M; c(Mg2+) = 0.474 M
2,595,1,1,35,2 ADP(aq) = AMP(aq) + ATP(aq),74LAN,298.15,3.15,7.4,-0.03,1.09E-1,,buffer = Tris (0.2M); c(MgCl2) = 0.1 M; c(Mg2+) = 0.974 M
2,595,1,1,36,2 ADP(aq) = AMP(aq) + ATP(aq),74LAN,298.15,3.15,7.4,-0.03,1.12E-1,,buffer = Tris (0.2M); c(MgCl2) = 0.1 M; c(Mg2+) = 0.975 M
2,595,1,1,37,2 ADP(aq) = AMP(aq) + ATP(aq),74LAN,298.15,0.216,8.4,3.3,4.17E-1,,buffer = Tris (0.2M); c(MgCl2) = 0.0005 M; c(Mg2+) = 0.00000574 M
2,595,1,1,38,2 ADP(aq) = AMP(aq) + ATP(aq),74LAN,298.15,0.227,8.4,3.3,4.27E-1,,buffer = Tris (0.2M); c(MgCl2) = 0.0005 M; c(Mg2+) = 0.00000526 M
2,595,1,1,39,2 ADP(aq) = AMP(aq) + ATP(aq),74LAN,298.15,0.208,8.4,2.69,4.65E-1,,buffer = Tris (0.2M); c(MgCl2) = 0.002 M; c(Mg2+) = 0.0000268 M
2,595,1,1,40,2 ADP(aq) = AMP(aq) + ATP(aq),74LAN,298.15,0.214,8.4,2.69,4.65E-1,,buffer = Tris (0.2M); c(MgCl2) = 0.002 M; c(Mg2+) = 0.000025 M
2,595,1,1,41,2 ADP(aq) = AMP(aq) + ATP(aq),74LAN,298.15,0.191,8.4,2.29,5.38E-1,,buffer = Tris (0.2M); c(MgCl2) = 0.005 M; c(Mg2+) = 0.000091 M
2,595,1,1,42,2 ADP(aq) = AMP(aq) + ATP(aq),74LAN,298.15,0.193,8.4,2.29,5.68E-1,,buffer = Tris (0.2M); c(MgCl2) = 0.005 M; c(Mg2+) = 0.0000894 M
2,595,1,1,43,2 ADP(aq) = AMP(aq) + ATP(aq),74LAN,298.15,0.179,8.4,1.99,7.69E-1,,buffer = Tris (0.2M); c(MgCl2) = 0.01 M; c(Mg2+) = 0.000319 M
2,595,1,1,44,2 ADP(aq) = AMP(aq) + ATP(aq),74LAN,298.15,0.183,8.4,1.99,7.04E-1,,buffer = Tris (0.2M); c(MgCl2) = 0.01 M; c(Mg2+) = 0.000295 M
2,595,1,1,45,2 ADP(aq) = AMP(aq) + ATP(aq),74LAN,298.15,0.216,8.4,1.13,2.65E-1,,buffer = Tris (0.2M); c(MgCl2) = 0.05 M; c(Mg2+) = 0.0246 M
2,595,1,1,46,2 ADP(aq) = AMP(aq) + ATP(aq),74LAN,298.15,0.216,8.4,1.13,2.74E-1,,buffer = Tris (0.2M); c(MgCl2) = 0.05 M; c(Mg2+) = 0.0233 M
2,595,1,1,47,2 ADP(aq) = AMP(aq) + ATP(aq),74LAN,298.15,0.654,8.4,0.43,1.53E-1,,buffer = Tris (0.2M); c(MgCl2) = 0.2 M; c(Mg2+) = 0.173 M
2,595,1,1,48,2 ADP(aq) = AMP(aq) + ATP(aq),74LAN,298.15,0.654,8.4,0.43,1.67E-1,,buffer = Tris (0.2M); c(MgCl2) = 0.2 M; c(Mg2+) = 0.173 M
2,595,1,1,49,2 ADP(aq) = AMP(aq) + ATP(aq),74LAN,298.15,0.283,7.4,2.29,6.33E-1,,buffer = TEA (0.205 M); c(MgCl2) = 0.005 M; c(Mg2+) = 0.0000988 M; [typo corrected in situ: pdf says c(Mg2+)=9.88-5]
2,595,1,1,50,2 ADP(aq) = AMP(aq) + ATP(aq),74LAN,298.15,0.281,7.4,2.29,5.38E-1,,buffer = TEA (0.205 M); c(MgCl2) = 0.005 M; c(Mg2+) = 0.000102 M
2,595,1,1,51,2 ADP(aq) = AMP(aq) + ATP(aq),74LAN,298.15,0.255,7.4,1.88,7.35E-1,,buffer = TEA (0.205 M); c(MgCl2) = 0.0125 M; c(Mg2+) = 0.000695 M
2,595,1,1,52,2 ADP(aq) = AMP(aq) + ATP(aq),74LAN,298.15,0.258,7.4,1.88,8.70E-1,,buffer = TEA (0.205 M); c(MgCl2) = 0.0125 M; c(Mg2+) = 0.000629 M
2,595,1,1,53,2 ADP(aq) = AMP(aq) + ATP(aq),74LAN,298.15,0.282,7.4,1.25,3.34E-1,,buffer = TEA (0.205 M); c(MgCl2) = 0.04 M; c(Mg2+) = 0.0157 M
2,595,1,1,54,2 ADP(aq) = AMP(aq) + ATP(aq),74LAN,298.15,0.282,7.4,1.25,3.26E-1,,buffer = TEA (0.205 M); c(MgCl2) = 0.04 M; c(Mg2+) = 0.0162 M
2,595,1,1,55,2 ADP(aq) = AMP(aq) + ATP(aq),74LAN,298.15,0.16,7.4,2.69,4.74E-1,,buffer = none; c(MgCl2) = 0.002 M; c(Mg2+) = 0.0000322 M
2,595,1,1,56,2 ADP(aq) = AMP(aq) + ATP(aq),74LAN,298.15,0.17,7.4,2.69,4.44E-1,,buffer = none; c(MgCl2) = 0.002 M; c(Mg2+) = 0.0000296 M
2,595,1,1,57,2 ADP(aq) = AMP(aq) + ATP(aq),74LAN,298.15,0.11,7.4,1.49,4.88E-1,,buffer = none; c(MgCl2) = 0.025 M; c(Mg2+) = 0.00769 M; [typo corrected in situ: PDF says c(Mg2+)=7.69E-e]
2,595,1,1,58,2 ADP(aq) = AMP(aq) + ATP(aq),74LAN,298.15,0.129,7.4,1.53,6.45E-1,,buffer = none; c(MgCl2) = 0.025 M; c(Mg2+) = 0.0045 M
2,595,1,1,59,2 ADP(aq) = AMP(aq) + ATP(aq),74LAN,298.15,0.163,7.4,1.1,2.61E-1,,buffer = none; c(MgCl2) = 0.05 M; c(Mg2+) = 0.0287 M
2,595,1,1,60,2 ADP(aq) = AMP(aq) + ATP(aq),74LAN,298.15,0.172,7.4,1.13,2.93E-1,,buffer = none; c(MgCl2) = 0.05 M; c(Mg2+) = 0.0241 M
2,595,1,1,61,2 ADP(aq) = AMP(aq) + ATP(aq),74LAN,298.15,0.013,7.4,3.14,1.54E0,,buffer = Tris (0.01 M); c(MgCl2) = 0.0005 M; c(Mg2+) = 0.000223 M
2,595,1,1,62,2 ADP(aq) = AMP(aq) + ATP(aq),74LAN,298.15,0.013,7.4,3.14,1.72E0,,buffer = Tris (0.01 M); c(MgCl2) = 0.0005 M; c(Mg2+) = 0.00023 M
2,595,1,1,63,2 ADP(aq) = AMP(aq) + ATP(aq),74LAN,298.15,0.013,7.4,2.91,1.41E0,,buffer = Tris (0.01 M); c(MgCl2) = 0.0008 M; c(Mg2+) = 0.000426 M
2,595,1,1,64,2 ADP(aq) = AMP(aq) + ATP(aq),74LAN,298.15,0.013,7.4,2.91,1.56E0,,buffer = Tris (0.01 M); c(MgCl2) = 0.0008 M; c(Mg2+) = 0.000444 M
2,595,1,1,65,2 ADP(aq) = AMP(aq) + ATP(aq),74LAN,298.15,0.012,7.4,3.14,1.59E0,,buffer = TEA (0.01 M); c(MgCl2) = 0.0005 M; c(Mg2+) = 0.000219 M
2,595,1,1,66,2 ADP(aq) = AMP(aq) + ATP(aq),74LAN,298.15,0.012,7.4,3.13,1.61E0,,buffer = TEA (0.01 M); c(MgCl2) = 0.0005 M; c(Mg2+) = 0.000234 M
2,595,1,1,67,2 ADP(aq) = AMP(aq) + ATP(aq),74LAN,298.15,0.012,7.4,2.91,1.25E0,,c(MgCl2) = 0.0008 M; buffer = TEA (0.01 M); c(Mg2+) = 4.36E-4 M
2,595,1,1,68,2 ADP(aq) = AMP(aq) + ATP(aq),74LAN,298.15,0.012,7.4,2.9,1.33E0,,c(MgCl2) = 0.0008 M; buffer = TEA (0.01 M); c(Mg2+) = 4.48E-4 M
2,595,1,1,69,2 ADP(aq) = AMP(aq) + ATP(aq),74LAN,298.15,0.093,7.4,3.13,8.33E-1,,c(MgCl2) = 0.0005 M; buffer = Tris (0.1 M); c(Mg2+) = 2.35E-4 M
2,595,1,1,70,2 ADP(aq) = AMP(aq) + ATP(aq),74LAN,298.15,0.093,7.4,3.13,6.67E-1,,c(MgCl2) = 0.0005 M; buffer = Tris (0.1 M); c(Mg2+) = 2.40E-4 M
2,595,1,1,71,2 ADP(aq) = AMP(aq) + ATP(aq),74LAN,298.15,0.093,7.4,2.9,7.75E-1,,c(MgCl2) = 0.0008 M; buffer = Tris (0.1 M); c(Mg2+) = 4.49E-4 M
2,595,1,1,72,2 ADP(aq) = AMP(aq) + ATP(aq),74LAN,298.15,0.093,7.4,2.9,7.81E-1,,c(MgCl2) = 0.0008 M; buffer = Tris (0.1 M); c(Mg2+) = 4.54E-4 M
2,595,1,1,73,2 ADP(aq) = AMP(aq) + ATP(aq),74LAN,298.15,,7.4,2.3,6.06E-1,,c(MgCl2) = 0.005 M; buffer = Tris (0.2 M)
2,595,1,1,74,2 ADP(aq) = AMP(aq) + ATP(aq),74LAN,298.15,,7.4,2.3,5.75E-1,,c(MgCl2) = 0.005 M; buffer = Tris (0.2 M)
2,595,1,1,75,2 ADP(aq) = AMP(aq) + ATP(aq),74LAN,298.15,,7.4,2.3,5.62E-1,,c(MgCl2) = 0.005 M; buffer = Tris (0.2 M)
2,595,1,1,76,2 ADP(aq) = AMP(aq) + ATP(aq),74LAN,298.15,,7.4,2.3,5.59E-1,,c(MgCl2) = 0.005 M; buffer = Tris (0.2 M)
2,595,1,1,77,2 ADP(aq) = AMP(aq) + ATP(aq),74LAN,298.15,,7.4,2.3,4.85E-1,,c(MgCl2) = 0.005 M; buffer = Tris (0.2 M)
2,595,1,1,78,2 ADP(aq) = AMP(aq) + ATP(aq),74LAN,298.15,,7.4,2.3,4.83E-1,,c(MgCl2) = 0.005 M; buffer = Tris (0.2 M)
2,595,1,1,79,2 ADP(aq) = AMP(aq) + ATP(aq),74LAN,298.15,0.594,7.4,2,5.10E-1,,c(MgCl2) = 0.01 M; buffer = Tris (0.2 M); c(Mg2+) =  4.94E-5 M
2,595,1,1,80,2 ADP(aq) = AMP(aq) + ATP(aq),74LAN,298.15,0.592,7.4,2,4.90E-1,,c(MgCl2) = 0.01 M; buffer = Tris (0.2 M); c(Mg2+) = 5.22E-5 M
2,595,1,1,81,2 ADP(aq) = AMP(aq) + ATP(aq),74LAN,298.15,0.454,7.4,1.29,6.67E-1,,c(MgCl2) = 0.05 M; buffer = Tris (0.2 M); c(Mg2+) = 1.28E-3 M
2,595,1,1,82,2 ADP(aq) = AMP(aq) + ATP(aq),74LAN,298.15,0.461,7.4,1.29,6.45E-1,,c(MgCl2) = 0.05 M; buffer = Tris (0.2 M); c(Mg2+) = 1.26E-3 M
2,595,1,1,83,2 ADP(aq) = AMP(aq) + ATP(aq),74LAN,298.15,0.474,7.4,0.86,3.22E-1,,c(MgCl2) = 0.11 M; buffer = Tris (0.2 M); c(Mg2+) = 2.66E-2 M
2,595,1,1,84,2 ADP(aq) = AMP(aq) + ATP(aq),74LAN,298.15,0.472,7.4,0.86,3.13E-1,,c(MgCl2) = 0.11 M; buffer = Tris (0.2 M); c(Mg2+) = 2.94E-2 M
2,595,1,1,85,2 ADP(aq) = AMP(aq) + ATP(aq),74LAN,298.15,1.55,7.4,0.7,5.26E-1,,c(MgCl2) = 0.2 M; buffer = Tris (0.2 M); c(Mg2+) = 1.40E-3 M
2,595,1,1,86,2 ADP(aq) = AMP(aq) + ATP(aq),74LAN,298.15,1.67,7.4,0.7,5.08E-1,,c(MgCl2) = 0.2 M; buffer = Tris (0.2 M); c(Mg2+) = 1.25E-3 M
2,595,1,1,87,2 ADP(aq) = AMP(aq) + ATP(aq),74LAN,298.15,0.704,7.4,0.52,1.82E-1,,c(MgCl2) = 0.2 M; buffer = Tris (0.2 M); c(Mg2+) = 0.100 M
2,595,1,1,88,2 ADP(aq) = AMP(aq) + ATP(aq),74LAN,298.15,0.723,7.4,0.64,2.87E-1,,c(MgCl2) = 0.2 M; buffer = Tris (0.2 M); c(Mg2+) = 0.027 M
,,,,,,,,,,,,,
,,,,,,,,,,,,,
,,,,,,,,,,,,,
,,,,,,,,,,,,,
2,596,1,1,1,2 ADP(aq) = AMP(aq) + ATP(aq),76LAW/GUY,310.15,0.25,6.91,2.97,9.83E-1,,c(Mg2+) = 1.08E-3 M
2,596,1,1,2,2 ADP(aq) = AMP(aq) + ATP(aq),76LAW/GUY,310.15,0.25,6.89,2.96,9.64E-1,,c(Mg2+) = 1.10E-3 M
2,596,1,1,3,2 ADP(aq) = AMP(aq) + ATP(aq),76LAW/GUY,310.15,0.25,6.91,2.97,9.80E-1,,c(Mg2+) = 1.08E-3 M
2,596,1,1,4,2 ADP(aq) = AMP(aq) + ATP(aq),76LAW/GUY,310.15,0.25,6.9,2.97,9.82E-1,,c(Mg2+) = 1.08E-3 M
2,596,1,1,5,2 ADP(aq) = AMP(aq) + ATP(aq),76LAW/GUY,310.15,0.25,6.97,3.42,9.81E-1,,c(Mg2+) = 0.38E-3 M
2,596,1,1,6,2 ADP(aq) = AMP(aq) + ATP(aq),76LAW/GUY,310.15,0.25,6.97,3.42,9.29E-1,,c(Mg2+) = 0.38E-3 M
2,596,1,1,7,2 ADP(aq) = AMP(aq) + ATP(aq),76LAW/GUY,310.15,0.25,6.98,3.43,9.46E-1,,c(Mg2+) = 0.37E-3 M
2,596,1,1,8,2 ADP(aq) = AMP(aq) + ATP(aq),76LAW/GUY,310.15,0.25,6.98,3.44,8.71E-1,,c(Mg2+) = 0.36E-3 M
2,596,1,1,9,2 ADP(aq) = AMP(aq) + ATP(aq),76LAW/GUY,310.15,0.25,6.99,4,7.08E-1,,c(Mg2+) = 0.10E-3 M
2,596,1,1,10,2 ADP(aq) = AMP(aq) + ATP(aq),76LAW/GUY,310.15,0.25,6.99,3.6,8.99E-1,,c(Mg2+) = 0.25E-3 M
2,596,1,1,11,2 ADP(aq) = AMP(aq) + ATP(aq),76LAW/GUY,310.15,0.25,6.99,3.36,1.01E0,,c(Mg2+) = 0.44E-3 M
2,596,1,1,12,2 ADP(aq) = AMP(aq) + ATP(aq),76LAW/GUY,310.15,0.25,6.99,3.18,1.04E0,,c(Mg2+) = 0.66E-3 M
2,596,1,1,13,2 ADP(aq) = AMP(aq) + ATP(aq),76LAW/GUY,310.15,0.25,6.99,3.08,1.06E0,,c(Mg2+) = 0.83E-3 M
2,596,1,1,14,2 ADP(aq) = AMP(aq) + ATP(aq),76LAW/GUY,310.15,0.25,6.99,2.71,8.42E-1,,c(Mg2+) = 1.95E-3 M
2,596,1,1,15,2 ADP(aq) = AMP(aq) + ATP(aq),76LAW/GUY,310.15,0.25,6.99,2.35,5.72E-1,,c(Mg2+) = 4.45E-3 M
2,596,1,1,16,2 ADP(aq) = AMP(aq) + ATP(aq),76LAW/GUY,310.15,0.25,6.99,2,3.80E-1,,c(Mg2+) = 9.98E-3 M
2,596,2,1,1,2 ADP(aq) = AMP(aq) + ATP(aq),78RAO/COH,277.15,,7,,2.60E0,,
2,597,1,1,1,2 ADP(aq) = AMP(aq) + ATP(aq),79LAW/VEE,310.15,0.25,6.91,2.97,9.80E-1,,c(Mg2+) = 1.08E-3 mol/dm3
2,597,1,1,2,2 ADP(aq) = AMP(aq) + ATP(aq),79LAW/VEE,310.15,0.25,6.9,2.97,9.82E-1,,c(Mg2+) = 1.08E-3 mol/dm3
2,597,1,1,3,2 ADP(aq) = AMP(aq) + ATP(aq),79LAW/VEE,310.15,0.25,6.91,2.97,9.83E-1,,c(Mg2+) = 1.08E-3 mol/dm3
2,597,1,1,4,2 ADP(aq) = AMP(aq) + ATP(aq),79LAW/VEE,310.15,0.25,6.89,2.96,9.64E-1,,c(Mg2+) = 1.10E-3 mol/dm3
2,597,1,1,5,2 ADP(aq) = AMP(aq) + ATP(aq),79LAW/VEE,310.15,0.25,6.98,3.43,9.46E-1,,c(Mg2+) = 0.37E-3 mol/dm3
2,597,1,1,6,2 ADP(aq) = AMP(aq) + ATP(aq),79LAW/VEE,310.15,0.25,6.98,3.44,8.71E-1,,c(Mg2+) = 0.36E-3 mol/dm3
2,597,1,1,7,2 ADP(aq) = AMP(aq) + ATP(aq),79LAW/VEE,310.15,0.25,6.97,3.42,9.81E-1,,c(Mg2+) = 0.38E-3 mol/dm3
2,597,1,1,8,2 ADP(aq) = AMP(aq) + ATP(aq),79LAW/VEE,310.15,0.25,6.97,3.42,9.29E-1,,c(Mg2+) = 0.38E-3 mol/dm3
2,597,1,1,9,2 ADP(aq) = AMP(aq) + ATP(aq),79LAW/VEE,310.15,0.25,6.99,4,7.08E-1,,c(Mg2+) = 0.10E-3 mol/dm3
2,597,1,1,10,2 ADP(aq) = AMP(aq) + ATP(aq),79LAW/VEE,310.15,0.25,6.99,3.6,8.99E-1,,c(Mg2+) = 0.25E-3 mol/dm3
2,597,1,1,11,2 ADP(aq) = AMP(aq) + ATP(aq),79LAW/VEE,310.15,0.25,6.99,3.36,1.014E0,,c(Mg2+) = 0.44E-3 mol/dm3
2,597,1,1,12,2 ADP(aq) = AMP(aq) + ATP(aq),79LAW/VEE,310.15,0.25,6.99,3.18,1.044E0,,c(Mg2+) = 0.66E-3 mol/dm3
2,597,1,1,13,2 ADP(aq) = AMP(aq) + ATP(aq),79LAW/VEE,310.15,0.25,6.99,3.08,1.06E0,,c(Mg2+) = 0.83E-3 mol/dm3
2,597,1,1,14,2 ADP(aq) = AMP(aq) + ATP(aq),79LAW/VEE,310.15,0.25,6.99,2.71,8.42E-1,,c(Mg2+) = 1.95E-3 mol/dm3
2,597,1,1,15,2 ADP(aq) = AMP(aq) + ATP(aq),79LAW/VEE,310.15,0.25,6.99,2.35,5.72E-1,,c(Mg2+) = 4.45E-3 mol/dm3
2,597,1,1,16,2 ADP(aq) = AMP(aq) + ATP(aq),79LAW/VEE,310.15,0.25,6.99,2,3.80E-1,,c(Mg2+) = 9.98E-3 mol/dm3
2,597,1,2,1,2 ADP(aq) = AMP(aq) + ATP(aq),81RAM/PIC,303.15,,7.4,,1.09E0,,
2,597,2,1,1,2 ADP(aq) = AMP(aq) + ATP(aq),83KHO/KAR,297.15,,6.1,3,8.00E-1,,c(MgCl2) = 0.001 mol/dm3
2,597,2,1,2,2 ADP(aq) = AMP(aq) + ATP(aq),83KHO/KAR,297.15,,7,3,6.00E-1,,c(MgCl2) = 0.001 mol/dm3
2,597,2,1,3,2 ADP(aq) = AMP(aq) + ATP(aq),83KHO/KAR,297.15,,8,3,5.50E-1,,c(MgCl2) = 0.001 mol/dm3
2,597,2,1,4,2 ADP(aq) = AMP(aq) + ATP(aq),83KHO/KAR,297.15,,9,3,5.70E-1,,c(MgCl2) = 0.001 mol/dm3
2,597,2,1,5,2 ADP(aq) = AMP(aq) + ATP(aq),83KHO/KAR,297.15,,10.1,3,4.20E-1,,c(MgCl2) = 0.001 mol/dm3
2,597,2,1,6,2 ADP(aq) = AMP(aq) + ATP(aq),83KHO/KAR,297.15,,8,3.52,5.20E-1,,c(MgCl2) = 0.0003 mol/dm3
2,597,2,1,7,2 ADP(aq) = AMP(aq) + ATP(aq),83KHO/KAR,297.15,,8,3,5.70E-1,,c(MgCl2) = 0.0010 mol/dm3
2,597,2,1,8,2 ADP(aq) = AMP(aq) + ATP(aq),83KHO/KAR,297.15,,8,2.77,7.00E-1,,c(MgCl2) = 0.0017 mol/dm3
2,597,2,1,9,2 ADP(aq) = AMP(aq) + ATP(aq),83KHO/KAR,297.15,,8,2.64,9.90E-1,,c(MgCl2) = 0.0023 mol/dm3
2,597,2,1,10,2 ADP(aq) = AMP(aq) + ATP(aq),83KHO/KAR,297.15,,8,2.51,8.40E-1,,c(MgCl2) = 0.0031 mol/dm3
2,597,2,1,11,2 ADP(aq) = AMP(aq) + ATP(aq),83KHO/KAR,297.15,,8,2.43,6.70E-1,,c(MgCl2) = 0.0037 mol/dm3
2,597,2,1,12,2 ADP(aq) = AMP(aq) + ATP(aq),83KHO/KAR,297.15,,8,2.34,6.40E-1,,c(MgCl2) = 0.0046 mol/dm3
2,597,2,1,13,2 ADP(aq) = AMP(aq) + ATP(aq),83KHO/KAR,297.15,,8,2.28,4.60E-1,,c(MgCl2) = 0.0052 mol/dm3
2,597,2,1,14,2 ADP(aq) = AMP(aq) + ATP(aq),83KHO/KAR,297.15,,8,2.26,4.00E-1,,c(MgCl2) = 0.0055 mol/dm3
2,597,2,1,15,2 ADP(aq) = AMP(aq) + ATP(aq),83KHO/KAR,297.15,,8,2.21,2.70E-1,,c(MgCl2) = 0.0061 mol/dm3
2,597,2,1,16,2 ADP(aq) = AMP(aq) + ATP(aq),83KHO/KAR,297.15,,8,2.05,2.50E-1,,c(MgCl2) = 0.0089 mol/dm3
2,597,2,1,17,2 ADP(aq) = AMP(aq) + ATP(aq),83KHO/KAR,297.15,,8,2,2.40E-1,,c(MgCl2) = 0.0099 mol/dm3
2,597,2,2,1,2 ADP(aq) = AMP(aq) + ATP(aq),91KLE/RAN,298.15,,8,5.83,3.40E-1,,
2,597,2,2,2,2 ADP(aq) = AMP(aq) + ATP(aq),91KLE/RAN,298.15,,8,5.53,3.70E-1,,
2,597,2,2,3,2 ADP(aq) = AMP(aq) + ATP(aq),91KLE/RAN,298.15,,8,5.37,4.90E-1,,
2,597,2,2,4,2 ADP(aq) = AMP(aq) + ATP(aq),91KLE/RAN,298.15,,8,4.88,5.20E-1,,
2,597,2,2,5,2 ADP(aq) = AMP(aq) + ATP(aq),91KLE/RAN,298.15,,8,4.37,9.20E-1,,
2,597,2,2,6,2 ADP(aq) = AMP(aq) + ATP(aq),91KLE/RAN,298.15,,8,3.84,1.28E0,,
2,597,2,2,7,2 ADP(aq) = AMP(aq) + ATP(aq),91KLE/RAN,298.15,,8,3.2,1.14E0,,
2,597,2,2,8,2 ADP(aq) = AMP(aq) + ATP(aq),91KLE/RAN,298.15,,8,3.04,1.06E0,,
2,597,2,2,9,2 ADP(aq) = AMP(aq) + ATP(aq),91KLE/RAN,298.15,,8,3,9.20E-1,,
2,597,2,2,10,2 ADP(aq) = AMP(aq) + ATP(aq),91KLE/RAN,298.15,,8,2.68,6.70E-1,,
2,597,2,2,11,2 ADP(aq) = AMP(aq) + ATP(aq),91KLE/RAN,298.15,,8,2.49,4.60E-1,,
2,597,2,2,12,2 ADP(aq) = AMP(aq) + ATP(aq),91KLE/RAN,298.15,,8,2.28,3.40E-1,,
2,597,2,2,13,2 ADP(aq) = AMP(aq) + ATP(aq),91KLE/RAN,298.15,,8,2.17,3.20E-1,,
2,597,2,2,14,2 ADP(aq) = AMP(aq) + ATP(aq),91KLE/RAN,298.15,,8,2.08,3.00E-1,,
2,598,1,1,1,2 ADP(aq) = AMP(aq) + ATP(aq),91TEW/GOL2,298.15,,8.31,3.29,3.43E-1,,"m(MgCl2) = 0.0005101 mol/kg, I_m = 0.072 mol/kg, pMg = 6.72"
2,598,1,1,2,2 ADP(aq) = AMP(aq) + ATP(aq),91TEW/GOL2,298.15,,8.54,3.29,3.46E-1,,"m(MgCl2) = 0.0005099 mol/kg, I_m = 0.081 mol/kg, pMg = 6.71"
2,598,1,1,3,2 ADP(aq) = AMP(aq) + ATP(aq),91TEW/GOL2,286.05,,8.68,3.29,3.55E-1,,"m(MgCl2) = 0.0005101 mol/kg, I_m = 0.072 mol/kg, pMg = 6.59"
2,598,1,1,4,2 ADP(aq) = AMP(aq) + ATP(aq),91TEW/GOL2,286.05,,8.85,3.29,3.56E-1,,"m(MgCl2) = 0.0005099 mol/kg, I_m = 0.080 mol/kg, pMg = 6.59"
2,598,1,1,5,2 ADP(aq) = AMP(aq) + ATP(aq),91TEW/GOL2,292.15,,8.46,3.29,3.52E-1,,"m(MgCl2) = 0.0005101 mol/kg, I_m = 0.071 mol/kg, pMg = 6.66"
2,598,1,1,6,2 ADP(aq) = AMP(aq) + ATP(aq),91TEW/GOL2,292.15,,8.67,3.29,3.49E-1,,"m(MgCl2) = 0.0005099 mol/kg, I_m = 0.080 mol/kg, pMg = 6.65"
2,598,1,1,7,2 ADP(aq) = AMP(aq) + ATP(aq),91TEW/GOL2,304.15,,8.16,3.29,3.57E-1,,"m(MgCl2) = 0.0005101 mol/kg, I_m = 0.072 mol/kg, pMg = 6.78"
2,598,1,1,8,2 ADP(aq) = AMP(aq) + ATP(aq),91TEW/GOL2,304.15,,8.34,3.29,3.51E-1,,"m(MgCl2) = 0.0005099 mol/kg, I_m = 0.080 mol/kg, pMg = 6.78"
2,598,1,1,9,2 ADP(aq) = AMP(aq) + ATP(aq),91TEW/GOL2,310.25,,7.98,3.29,3.51E-1,,"m(MgCl2) = 0.0005101 mol/kg, I_m = 0.071 mol/kg, pMg = 6.84"
2,598,1,1,10,2 ADP(aq) = AMP(aq) + ATP(aq),91TEW/GOL2,310.25,,8.13,3.29,3.48E-1,,"m(MgCl2) = 0.0005099 mol/kg, I_m = 0.078 mol/kg, pMg = 6.84"
2,598,1,1,11,2 ADP(aq) = AMP(aq) + ATP(aq),91TEW/GOL2,298.15,,8.34,2.62,3.81E-1,,"m(MgCl2) = 0.002412 mol/kg, I_m = 0.070 mol/kg, pMg = 6.02"
2,598,1,1,12,2 ADP(aq) = AMP(aq) + ATP(aq),91TEW/GOL2,298.15,,8.54,2.62,3.78E-1,,"m(MgCl2) = 0.002410 mol/kg, I_m = 0.080 mol/kg, pMg = 6.02"
2,598,1,1,13,2 ADP(aq) = AMP(aq) + ATP(aq),91TEW/GOL2,298.15,,8.28,1.61,8.61E-1,,"m(MgCl2) = 0.02433 mol/kg, I_m = 0.061 mol/kg, pMg = 4.70"
2,598,1,1,14,2 ADP(aq) = AMP(aq) + ATP(aq),91TEW/GOL2,298.15,,8.51,1.61,8.54E-1,,"m(MgCl2) = 0.02432 mol/kg, I_m = 0.068 mol/kg, pMg = 4.69"
2,598,1,1,15,2 ADP(aq) = AMP(aq) + ATP(aq),91TEW/GOL2,298.15,,8.4,0.61,2.60E-1,,"m(MgCl2) = 0.2372 mol/kg, I_m = 0.093 mol/kg, pMg = 2.24"
2,598,1,1,16,2 ADP(aq) = AMP(aq) + ATP(aq),91TEW/GOL2,298.15,,8.56,0.62,2.58E-1,,"m(MgCl2) = 0.2371 mol/kg, I_m = 0.096 mol/kg, pMg = 2.27"
2,598,1,1,17,2 ADP(aq) = AMP(aq) + ATP(aq),91TEW/GOL2,298.15,,8.33,1.11,6.34E-1,,"m(MgCl2) = 0.07690 mol/kg, I_m = 0.056 mol/kg, pMg = 3.12"
2,598,1,1,18,2 ADP(aq) = AMP(aq) + ATP(aq),91TEW/GOL2,298.15,,8.53,1.11,6.03E-1,,"m(MgCl2) = 0.07688 mol/kg, I_m = 0.062 mol/kg, pMg = 3.16"
2,598,1,1,19,2 ADP(aq) = AMP(aq) + ATP(aq),91TEW/GOL2,298.15,,8.3,2.13,4.75E-1,,"m(MgCl2) = 0.007455 mol/kg, I_m = 0.069 mol/kg, pMg = 5.49"
2,598,1,1,20,2 ADP(aq) = AMP(aq) + ATP(aq),91TEW/GOL2,298.15,,8.5,2.13,4.84E-1,,"m(MgCl2) = 0.007453 mol/kg, I_m = 0.076 mol/kg, pMg = 5.48"
2,598,1,1,21,2 ADP(aq) = AMP(aq) + ATP(aq),91TEW/GOL2,298.15,,8.32,1.4,1.30E0,,"m(MgCl2) = 0.03994 mol/kg, I_m = 0.057 mol/kg, pMg = 4.07"
2,598,1,1,22,2 ADP(aq) = AMP(aq) + ATP(aq),91TEW/GOL2,298.15,,8.5,1.4,1.27E0,,"m(MgCl2) = 0.03993 mol/kg, I_m = 0.063 mol/kg, pMg = 4.13"
2,598,1,1,23,2 ADP(aq) = AMP(aq) + ATP(aq),91TEW/GOL2,298.15,,8.4,3.71,3.49E-1,,"m(MgCl2) = 0.0001959 mol/kg, I_m = 0.071 mol/kg, pMg = 7.12"
2,598,1,1,24,2 ADP(aq) = AMP(aq) + ATP(aq),91TEW/GOL2,298.15,,8.54,3.71,3.61E-1,,"m(MgCl2) = 0.0001957 mol/kg, I_m = 0.079 mol/kg, pMg = 7.12"
2,598,1,1,25,2 ADP(aq) = AMP(aq) + ATP(aq),91TEW/GOL2,298.15,,8.49,3.71,4.08E-1,,"m(MgCl2) = 0.0001958 mol/kg, m(KCl) = 0.0491 mol/kg, I_m = 0.125 mol/kg, pMg = 6.92"
2,598,1,1,26,2 ADP(aq) = AMP(aq) + ATP(aq),91TEW/GOL2,298.15,,8.67,3.71,4.12E-1,,"m(MgCl2) = 0.0001950 mol/kg, m(KCl) = 0.0489 mol/kg, I_m = 0.132 mol/kg, pMg = 6.93"
2,598,1,1,27,2 ADP(aq) = AMP(aq) + ATP(aq),91TEW/GOL2,298.15,,8.57,3.71,4.50E-1,,"m(MgCl2) = 0.0001957 mol/kg, m(KCl) = 0.1506 mol/kg, I_m = 0.228 mol/kg, pMg = 6.67"
2,598,1,1,28,2 ADP(aq) = AMP(aq) + ATP(aq),91TEW/GOL2,298.15,,8.73,3.71,4.44E-1,,"m(MgCl2) = 0.0001934 mol/kg, m(KCl) = 0.1488 mol/kg, I_m = 0.233 mol/kg, pMg = 6.70"
2,598,1,1,29,2 ADP(aq) = AMP(aq) + ATP(aq),91TEW/GOL2,298.15,,8.68,3.71,4.62E-1,,"m(MgCl2) = 0.0001958 mol/kg, m(KCl) = 0.2540 mol/kg, I_m = 0.329 mol/kg, pMg = 6.46"
2,598,1,1,30,2 ADP(aq) = AMP(aq) + ATP(aq),91TEW/GOL2,298.15,,8.87,3.72,4.58E-1,,"m(MgCl2) = 0.0001922 mol/kg, m(KCl) = 0.2493 mol/kg, I_m = 0.326 mol/kg, pMg = 6.46"
2,598,1,1,31,2 ADP(aq) = AMP(aq) + ATP(aq),91TEW/GOL2,298.15,,7.79,3.67,3.66E-1,,"m(MgCl2) = 0.0002121 mol/kg, I_m = 0.052 mol/kg, pMg = 7.13"
2,598,1,1,32,2 ADP(aq) = AMP(aq) + ATP(aq),91TEW/GOL2,298.15,,7.93,3.67,3.64E-1,,"m(MgCl2) = 0.0002119 mol/kg, I_m = 0.061 mol/kg, pMg = 7.15"
2,598,1,1,33,2 ADP(aq) = AMP(aq) + ATP(aq),91TEW/GOL2,298.15,,6.04,3.67,3.66E-1,,"m(MgCl2) = 0.0002121 mol/kg, I_m = 0.026 mol/kg, pMg = 6.34"
2,598,1,1,34,2 ADP(aq) = AMP(aq) + ATP(aq),91TEW/GOL2,298.15,,6.67,3.67,3.77E-1,,"m(MgCl2) = 0.0002119 mol/kg, I_m = 0.037 mol/kg, pMg = 6.84"
2,598,1,1,35,2 ADP(aq) = AMP(aq) + ATP(aq),91TEW/GOL2,298.15,,6.77,3.77,3.64E-1,,"m(MgCl2) = 0.0001700 mol/kg, I_m = 0.034 mol/kg, pMg = 6.97"
2,598,1,1,36,2 ADP(aq) = AMP(aq) + ATP(aq),91TEW/GOL2,298.15,,6.88,3.77,3.65E-1,,"m(MgCl2) = 0.0001699 mol/kg, I_m = 0.038 mol/kg, pMg = 7.05"
2,598,1,1,37,2 ADP(aq) = AMP(aq) + ATP(aq),91TEW/GOL2,298.15,,7.41,3.77,3.65E-1,,"m(MgCl2) = 0.0001700 mol/kg, I_m = 0.044 mol/kg, pMg = 7.22"
2,598,1,1,38,2 ADP(aq) = AMP(aq) + ATP(aq),91TEW/GOL2,298.15,,7.45,3.77,3.66E-1,,"m(MgCl2) = 0.0001699 mol/kg, I_m = 0.048 mol/kg, pMg = 7.24"
2,598,1,1,39,2 ADP(aq) = AMP(aq) + ATP(aq),91TEW/GOL2,311.15,,6.83,1.61,9.34E-1,,"m(MgCl2) = 0.02426 mol/kg, m(KCl) = 0.2303 mol/kg, I_m = 0.249 mol/kg, pMg = 3.51"
2,598,1,1,40,2 ADP(aq) = AMP(aq) + ATP(aq),91TEW/GOL2,311.15,,7.04,1.61,9.28E-1,,"m(MgCl2) = 0.02429 mol/kg, m(KCl) = 0.2264 mol/kg, I_m = 0.245 mol/kg, pMg = 3.54"
,,,,,,,,,,,,,
2,598,1,2,1,2 ADP(aq) = AMP(aq) + ATP(aq),91TEW/GOL2,298.15,,8.37,3.58,,-1.2,"m(MgCl2) = 0.0002643 mol/kg, I_m = 0.058 mol/kg, pMg = 6.89"
2,598,1,2,2,2 ADP(aq) = AMP(aq) + ATP(aq),91TEW/GOL2,304.55,,8.2,3.53,,-0.79,"m(MgCl2) = 0.0002927 mol/kg, I_m = 0.056 mol/kg, pMg = 6.90"
2,598,1,2,3,2 ADP(aq) = AMP(aq) + ATP(aq),91TEW/GOL2,310.25,,8.1,3.55,,-1.43,"m(MgCl2) = 0.0002827 mol/kg, I_m = 0.059 mol/kg, pMg = 6.97"
2,599,1,1,1,ADP(aq) + ADP-N1-oxide(aq) = ATP-N1-oxide(aq) + AMP(aq),74JEB/TY,298.15,,7.4,,9.08E-1,,c(MgCl2) = 0.005 M
2,599,1,2,1,2 dADP(aq) = dAMP(aq) + dATP(aq),68SU/RUS,303.15,,7,2.09,8.30E-1,,c(MgCl2) = 0.0081 mol/dm3
2,599,1,2,2,2 dADP(aq) = dAMP(aq) + dATP(aq),68SU/RUS,303.15,,7,1.8,5.63E-1,,c(MgCl2) = 0.016 mol/dm3
2,599,1,2,3,2 dADP(aq) = dAMP(aq) + dATP(aq),68SU/RUS,303.15,,7,1.49,3.06E-1,,c(MgCl2) = 0.032 mol/dm3
2,599,1,2,4,2 dADP(aq) = dAMP(aq) + dATP(aq),68SU/RUS,303.15,,7,1.19,2.70E-1,,c(MgCl2) = 0.065 mol/dm3
2,599,1,3,1,ATP(aq) + ADP(aq) = adenosine 5'-tetraphosphate(aq) + AMP(aq),86KUP/FER,303.15,,8,,1.00E-1,,
2,599,1,4,1,ATP(aq) + UDP(aq) = ADP(aq) + UTP(aq),69GAR/CLE,303.15,,8,,1.28E0,,
2,599,2,1,1,ATP(aq) + UDP(aq) = ADP(aq) + UTP(aq),59KIR/TUR,303.15,,8,,9.10E-1,,
2,599,2,2,1,UTP(aq) + UMP(aq) = 2 UDP(aq),55LIE/KOR2,309.15,,7.5,,9.40E-1,,
2,599,2,3,1,ATP(aq) + inosine 5'-diphosphate(aq) = ADP(aq) + inosine 5'-triphosphate(aq),54BER/JOK,310.15,,6,,1.00E0,,
2,599,2,4,1,ATP(aq) + GDP(aq) = ADP(aq) + GTP(aq),78LYN/GUY,311.15,0.25,7,,1.04E0,,
2,600,1,1,1,ATP(aq) + GMP(aq) = ADP(aq) + GDP(aq),71SHI/SUG,310.15,,7.5,,2.40E-1,,
2,600,1,2,1,ATP(aq) + dGMP(aq) = ADP(aq) + dGDP(aq),71SHI/SUG,310.15,,7.5,,2.80E-1,,
2,600,1,3,1,GTP(aq) + AMP(aq) = ADP(aq) + GDP(aq),70ALB,298.15,,8.5,,8.20E-1,,
2,600,1,4,1,ATP(aq) + dTMP(aq) = ADP(aq) + dTDP(aq),65BES/HER,310.15,,7.4,,1.40E0,,
2,600,2,1,1,ATP(aq) + CMP(aq) = ADP(aq) + CDP(aq),62MEN,310.15,,7.5,,1.00E0,,
2,600,2,2,1,ATP(aq) + dCMP(aq) = ADP(aq) + dCDP(aq),58MAL/OCH,303.15,,7.5,,1.49E0,,
2,600,2,3,1,ATP(aq) + D-ribose 5-phosphate(aq) = AMP(aq) + 5-phospho-{\alpha}-D-ribose 1-diphosphate(aq),69SWI,310.15,,7.5,,2.86E1,,
2,600,2,4,1,ATP(aq) + D-ribose 5-phosphate(aq) = AMP(aq) + 5-phospho-{\alpha}-D-ribose 1-diphosphate(aq),92KIM/KIN,311.15,0.25,7.4,3,6.48E1,,c(MgCl2+) = 0.001 M
2,601,1,1,1,ATP(aq) + {\beta}-nicotinamide mononucleotide(aq) = NAD(aq) + pyrophosphate(aq),48KOR,311.15,,7.4,,4.00E-1,,
2,601,1,2,1,ATP(aq) + {\beta}-nicotinamide mononucleotide(aq) = NAD(aq) + pyrophosphate(aq),50KOR,311.15,,7.4,,4.50E-1,,
2,601,1,3,1,ATP(aq) + sulfate(aq) = adenosine 5'-phosphosulfate(aq) + pyrophosphate(aq),58ROB/LIP,310.15,,8,,1.10E-8,,
2,601,1,4,1,ATP(aq) + sulfate(aq) = adenosine 5'-phosphosulfate(aq) + pyrophosphate(aq),58WIL/BAN,303.15,,7.5,,4.00E-8,,
2,601,2,1,1,ATP(aq) + sulfate(aq) = adenosine 5'-phosphosulfate(aq) + pyrophosphate(aq),62AKA/CAM,303.15,,7.2,,1.80E-8,,
2,601,2,1,2,ATP(aq) + sulfate(aq) = adenosine 5'-phosphosulfate(aq) + pyrophosphate(aq),62AKA/CAM,303.15,,8,,6.20E-9,,
2,601,2,2,1,ATP(aq) + sulfate(aq) + H2O(l) = 2 orthophosphate(aq) + adenosine 5'-phosphosulfate(aq),58WIL/BAN,303.15,,7.5,,6.00E-7,,[K' noted as K'c in table header]
2,601,2,3,1,dTTP(aq) + 9/20-DNA oligomer(aq) = 10/20-DNA oligomer(aq) + pyrophosphate(aq),87KUC/MIZ,295.15,,7.4,,5.13E2,,
2,602,1,1,1,UTP(aq) + {\alpha}-D-glucose 1-phosphate(aq) = pyrophosphate(aq) + UDPglucose(aq),55MUN,310.15,,7.4,,1.50E0,,
2,602,1,2,1,UTP(aq) + {\alpha}-D-glucose 1-phosphate(aq) = pyrophosphate(aq) + UDPglucose(aq),58TUR/TUR,303.15,,7.9,2.6,1.19E-1,,c(MgCl2) = 0.0025 M
2,602,1,2,2,UTP(aq) + {\alpha}-D-glucose 1-phosphate(aq) = pyrophosphate(aq) + UDPglucose(aq),58TUR/TUR,303.15,,7.9,2.3,1.39E-1,,c(MgCl2) = 0.0050 M
2,602,1,2,3,UTP(aq) + {\alpha}-D-glucose 1-phosphate(aq) = pyrophosphate(aq) + UDPglucose(aq),58TUR/TUR,303.15,,7.9,2,2.63E-1,,c(MgCl2) = 0.010 M
2,602,1,2,4,UTP(aq) + {\alpha}-D-glucose 1-phosphate(aq) = pyrophosphate(aq) + UDPglucose(aq),58TUR/TUR,303.15,,7,2.6,2.86E-1,,c(MgCl2) = 0.0025 M
2,602,1,3,1,UTP(aq) + {\alpha}-D-glucose 1-phosphate(aq) = pyrophosphate(aq) + UDPglucose(aq),61KLE,298.15,,,,1.00E0,,
2,602,1,4,1,UTP(aq) + {\alpha}-D-glucose 1-phosphate(aq) = pyrophosphate(aq) + UDPglucose(aq),63VIL/LAR,303.15,,7.45,,1.00E0,,
2,602,2,1,1,UTP(aq) + {\alpha}-D-glucose 1-phosphate(aq) = pyrophosphate(aq) + UDPglucose(aq),66ALB/BAS,303.15,,7.8,,3.20E-1,,
2,602,2,2,1,UTP(aq) + {\alpha}-D-glucose 1-phosphate(aq) = pyrophosphate(aq) + UDPglucose(aq),66HAN/ALB,298.15,,7.8,,3.10E-1,,
2,602,2,3,1,UTP(aq) + {\alpha}-D-glucose 1-phosphate(aq) = pyrophosphate(aq) + UDPglucose(aq),70KNO/HAN,303.15,,7.8,,1.55E-1,,
2,603,1,1,1,UTP(aq) + {\alpha}-D-glucose 1-phosphate(aq) = pyrophosphate(aq) + UDPglucose(aq),72GUS/GAN,310.15,,8.5,3.7,1.30E-1,,c(MgSO4) = 0.0002 M
2,603,1,1,2,UTP(aq) + {\alpha}-D-glucose 1-phosphate(aq) = pyrophosphate(aq) + UDPglucose(aq),72GUS/GAN,310.15,,8.5,3.4,1.70E-1,,c(MgSO4) = 0.0004 M
2,603,1,1,3,UTP(aq) + {\alpha}-D-glucose 1-phosphate(aq) = pyrophosphate(aq) + UDPglucose(aq),72GUS/GAN,310.15,,8.5,3.22,2.00E-1,,c(MgSO4) = 0.0006 M
2,603,1,1,4,UTP(aq) + {\alpha}-D-glucose 1-phosphate(aq) = pyrophosphate(aq) + UDPglucose(aq),72GUS/GAN,310.15,,8.5,3,2.60E-1,,c(MgSO4) = 0.0010 M
2,603,1,1,5,UTP(aq) + {\alpha}-D-glucose 1-phosphate(aq) = pyrophosphate(aq) + UDPglucose(aq),72GUS/GAN,310.15,,8.5,2.4,3.30E-1,,c(MgSO4) = 0.0040 M
2,603,1,1,6,UTP(aq) + {\alpha}-D-glucose 1-phosphate(aq) = pyrophosphate(aq) + UDPglucose(aq),72GUS/GAN,310.15,,8.5,2,6.30E-1,,c(MgSO4) = 0.0100 M
2,603,1,2,1,UTP(aq) + {\alpha}-D-glucose 1-phosphate(aq) = pyrophosphate(aq) + UDPglucose(aq),74GUY/VEL,311.15,0.25,7.07,3,2.20E-1,,c(Mg2+) = 0.001 M
2,603,1,3,1,UTP(aq) + {\alpha}-D-glucose 1-phosphate(aq) = pyrophosphate(aq) + UDPglucose(aq),74TUR/GIL,305.15,,7.8,,1.60E-1,,
2,603,2,1,1,UTP(aq) + {\alpha}-D-glucose 1-phosphate(aq) = pyrophosphate(aq) + UDPglucose(aq),81HSI/SU,310.15,,7.2,3.1,3.00E-1,,c(MgSO4) = 0.0002 M
2,603,2,1,2,UTP(aq) + {\alpha}-D-glucose 1-phosphate(aq) = pyrophosphate(aq) + UDPglucose(aq),81HSI/SU,310.15,,7.2,3,3.20E-1,,c(MgSO4) = 0.0004 M
2,603,2,1,3,UTP(aq) + {\alpha}-D-glucose 1-phosphate(aq) = pyrophosphate(aq) + UDPglucose(aq),81HSI/SU,310.15,,7.2,3.22,3.20E-1,,c(MgSO4) = 0.0006 M
2,603,2,1,4,UTP(aq) + {\alpha}-D-glucose 1-phosphate(aq) = pyrophosphate(aq) + UDPglucose(aq),81HSI/SU,310.15,,7.2,3.7,3.30E-1,,c(MgSO4) = 0.0008 M
2,603,2,1,5,UTP(aq) + {\alpha}-D-glucose 1-phosphate(aq) = pyrophosphate(aq) + UDPglucose(aq),81HSI/SU,310.15,,7.2,3.4,3.20E-1,,c(MgSO4) = 0.0010 M
2,603,2,1,6,UTP(aq) + {\alpha}-D-glucose 1-phosphate(aq) = pyrophosphate(aq) + UDPglucose(aq),81HSI/SU,310.15,,7.2,2.7,3.60E-1,,c(MgSO4) = 0.0020 M
2,603,2,1,7,UTP(aq) + {\alpha}-D-glucose 1-phosphate(aq) = pyrophosphate(aq) + UDPglucose(aq),81HSI/SU,310.15,,7.2,2,4.40E-1,,c(MgSO4) = 0.0040 M
2,603,2,1,8,UTP(aq) + {\alpha}-D-glucose 1-phosphate(aq) = pyrophosphate(aq) + UDPglucose(aq),81HSI/SU,310.15,,7.2,2.4,4.40E-1,,c(MgSO4) = 0.0100 M
2,603,2,2,1,UTP(aq) + {\alpha}-D-glucose 1-phosphate(aq) = pyrophosphate(aq) + UDPglucose(aq),83HON/HAR,310.15,,8,,4.80E-1,,
2,603,2,3,1,UDPglucose(aq) + {\alpha}-D-galactose 1-phosphate(aq) =-D-glucose 1-phosphate(aq) + UDPgalactose(aq),60KUR/SUG,303.15,,8.75,,1.10E0,,
2,603,2,4,1,UDPglucose(aq) + {\alpha}-D-galactose 1-phosphate(aq) =-D-glucose 1-phosphate(aq) + UDPgalactose(aq),74WON/FRE,300.15,,8.5,,2.10E0,,
2,604,1,1,1,{\alpha}-D-galactose 1-phosphate(aq) ={\alpha}-D-glucose 1-phosphate(aq),52LEL/CAR,310.15,,7.4,,3.00E0,,
2,604,1,2,1,GTP(aq) + {\alpha}-D-mannose 1-phosphate(aq) = GDPmannose(aq) + pyrophosphate(aq),64PRE/WOO,310.15,,8.26,,2.50E0,,
2,604,1,3,1,CTP(aq) + O-phosphorylethanolamine(aq) = pyrophosphate(aq) + CDPethanolamine(aq),75SUN,310.15,,7.8,,4.60E-1,,
2,604,1,4,1,CTP(aq) + phosphorylcholine(aq) = pyrophosphate(aq) + CDPcholine(aq),78INF/KIN,310.15,0.15,7.5,3,2.00E-1,,c(Mg2+) = 3.0 M
2,604,2,1,1,UTP(aq) + N-acetyl-{\alpha}-D-glucosamine 1-phosphate(aq) = UDP-N-acetyl-D-glucosamine(aq) + pyrophosphate(aq),59STR/SMI,310.15,,7.4,,5.00E-1,,
2,604,2,2,1,dTTP(aq) + {\alpha}-D-glucose 1-phosphate(aq) = dTDPglucose(aq) + pyrophosphate(aq),61KOR/GLA,298.15,,8,,6.70E-1,,
2,604,2,3,1,ATP(aq) + {\alpha}-D-glucose 1-phosphate(aq) = ADPglucose(aq) + pyrophosphate(aq),62ESP,310.15,,7.9,,1.10E0,,
2,605,1,1,1,CTP(aq) + D-glucose 1-phosphate(aq) = CDPglucose(aq) + pyrophosphate(aq),65MAY/GIN,310.15,,8,,1.00E0,,
2,605,1,2,1,CTP(aq) + D-glucose 1-phosphate(aq) = CDPglucose(aq) + pyrophosphate(aq),66KIM/SUZ,310.15,,8.5,,5.70E-1,,
2,605,1,3,1,GTP(aq) + {\alpha}-D-glucose 1-phosphate(aq) = GDPglucose(aq) + pyrophosphate(aq),66VER/ROD,303.15,,7.8,,2.50E-1,,
2,605,1,4,1,ATP(aq) + [L-glutamate:ammonia ligase(ADP-forming)](aq) = pyrophosphate(aq) + adenylyl-[L-glutamate:ammonia ligase(ADP-forming)](aq),70MAN/HOL,310.15,,7.36,,8.50E0,,[corrects https://w3id.org/related-to/doi.org/10.5281/zenodo.3978439/files/TECRDB.csv#entry515]
,,,,,,,,,,,,,
2,605,2,1,1,1-phospho-{\alpha}-D-glucuronate(aq) + UTP(aq) = UDP-D-glucuronate(aq) + pyrophosphate(aq),71ROB,303.15,,8.2,,3.40E-1,,
2,605,2,2,1,ATP(aq) + pyruvate(aq) + orthophosphate(aq) = AMP(aq) + phosphoenolpyruvate(aq) + pyrophosphate(aq),68HAT/SLA,295.15,,8.3,,2.00E-4,,
2,605,2,3,1,ATP(aq) + pyruvate(aq) + orthophosphate(aq) = AMP(aq) + phosphoenolpyruvate(aq) + pyrophosphate(aq),68REE/MEN,298.15,,6.51,,1.75E-4,,
2,605,2,3,2,ATP(aq) + pyruvate(aq) + orthophosphate(aq) = AMP(aq) + phosphoenolpyruvate(aq) + pyrophosphate(aq),68REE/MEN,298.15,,6.91,,9.35E-4,,
2,605,2,3,3,ATP(aq) + pyruvate(aq) + orthophosphate(aq) = AMP(aq) + phosphoenolpyruvate(aq) + pyrophosphate(aq),68REE/MEN,298.15,,7,,8.77E-4,,
2,605,2,3,4,ATP(aq) + pyruvate(aq) + orthophosphate(aq) = AMP(aq) + phosphoenolpyruvate(aq) + pyrophosphate(aq),68REE/MEN,298.15,,7.06,,8.26E-4,,
2,605,2,3,5,ATP(aq) + pyruvate(aq) + orthophosphate(aq) = AMP(aq) + phosphoenolpyruvate(aq) + pyrophosphate(aq),68REE/MEN,298.15,,7.18,,1.19E-3,,
2,605,2,3,6,ATP(aq) + pyruvate(aq) + orthophosphate(aq) = AMP(aq) + phosphoenolpyruvate(aq) + pyrophosphate(aq),68REE/MEN,298.15,,7.22,,1.45E-3,,
2,605,2,3,7,ATP(aq) + pyruvate(aq) + orthophosphate(aq) = AMP(aq) + phosphoenolpyruvate(aq) + pyrophosphate(aq),68REE/MEN,298.15,,7.39,,5.55E-3,,
2,605,2,3,8,ATP(aq) + pyruvate(aq) + orthophosphate(aq) = AMP(aq) + phosphoenolpyruvate(aq) + pyrophosphate(aq),68REE/MEN,298.15,,7.53,,1.00E-2,,
2,605,2,3,9,ATP(aq) + pyruvate(aq) + orthophosphate(aq) = AMP(aq) + phosphoenolpyruvate(aq) + pyrophosphate(aq),68REE/MEN,298.15,,7.88,,7.10E-2,,
2,605,2,3,10,ATP(aq) + pyruvate(aq) + orthophosphate(aq) = AMP(aq) + phosphoenolpyruvate(aq) + pyrophosphate(aq),68REE/MEN,298.15,,8.19,,1.70E-1,,
2,605,2,3,11,ATP(aq) + pyruvate(aq) + orthophosphate(aq) = AMP(aq) + phosphoenolpyruvate(aq) + pyrophosphate(aq),68REE/MEN,298.15,,8.39,,5.00E-1,,
2,606,1,1,1,ATP(aq) + pyruvate(aq) + orthophosphate(aq) = AMP(aq) + phosphoenolpyruvate(aq) + pyrophosphate(aq),73SUG,298.15,,7.24,,4.90E-3,,
2,606,1,2,1,"3,5-dinitrophenol(aq) + 3'-phosphoadenylylsulfate(aq) = 3,5-dinitrophenolsulfate(aq) + adenosine 3',5'-biphosphate(aq)",57GRE/LIP,303.15,,7.8,,4.10E0,,
2,606,1,3,1,"4-nitrophenol(aq) + 3'-phosphoadenylylsulfate(aq) = 4-nitrophenol sulfate(aq) + adenosine 3',5'-biphosphate(aq)",57GRE/LIP,303.15,,7.8,,2.64E1,,
2,606,1,4,1,succinyl-CoA(aq) + acetoacetate(aq) = succinate(aq) + acetoacetyl-CoA(aq),53LYN/OCH,298.15,,8.1,,1.00E-2,,
2,606,2,1,1,succinyl-CoA(aq) + acetoacetate(aq) = succinate(aq) + acetoacetyl-CoA(aq),53STE/COO,298.15,,8.1,,1.00E-2,,
2,606,2,2,1,succinyl-CoA(aq) + acetoacetate(aq) = succinate(aq) + acetoacetyl-CoA(aq),56STE/COO,303.15,,7,,2.80E-3,,c(MgCl2) = 0 M
2,606,2,2,2,succinyl-CoA(aq) + acetoacetate(aq) = succinate(aq) + acetoacetyl-CoA(aq),56STE/COO,303.15,,7,2.28,4.90E-3,,c(MgCl2) = 0.0053 M
2,606,2,2,3,succinyl-CoA(aq) + acetoacetate(aq) = succinate(aq) + acetoacetyl-CoA(aq),56STE/COO,303.15,,7.5,,4.20E-3,,c(MgCl2) = 0 M
2,606,2,2,4,succinyl-CoA(aq) + acetoacetate(aq) = succinate(aq) + acetoacetyl-CoA(aq),56STE/COO,303.15,,7.5,2.28,5.90E-3,,c(MgCl2) = 0.0053 M
2,606,2,2,5,succinyl-CoA(aq) + acetoacetate(aq) = succinate(aq) + acetoacetyl-CoA(aq),56STE/COO,303.15,,8.1,,4.30E-3,,c(MgCl2) = 0 M
2,606,2,2,6,succinyl-CoA(aq) + acetoacetate(aq) = succinate(aq) + acetoacetyl-CoA(aq),56STE/COO,303.15,,8.1,2.28,8.80E-3,,c(MgCl2) = 0.0053 M
2,606,2,2,7,succinyl-CoA(aq) + acetoacetate(aq) = succinate(aq) + acetoacetyl-CoA(aq),56STE/COO,303.15,,9.2,,8.60E-3,,c(MgCl2) = 0 M
2,606,2,2,8,succinyl-CoA(aq) + acetoacetate(aq) = succinate(aq) + acetoacetyl-CoA(aq),56STE/COO,303.15,,9.2,2.28,1.50E-2,,c(MgCl2) = 0.0053 M
2,607,1,1,1,succinyl-CoA(aq) + acetoacetate(aq) = succinate(aq) + acetoacetyl-CoA(aq),56STE,303.15,,7,,2.80E-3,,c(MgCl2) = 0 M
2,607,1,1,2,succinyl-CoA(aq) + acetoacetate(aq) = succinate(aq) + acetoacetyl-CoA(aq),56STE,303.15,,7,2.28,4.60E-3,,c(MgCl2) = 0.0053 M
2,607,1,1,3,succinyl-CoA(aq) + acetoacetate(aq) = succinate(aq) + acetoacetyl-CoA(aq),56STE,303.15,,7.5,,4.00E-3,,c(MgCl2) = 0 M
2,607,1,1,4,succinyl-CoA(aq) + acetoacetate(aq) = succinate(aq) + acetoacetyl-CoA(aq),56STE,303.15,,7.5,2.28,4.90E-3,,c(MgCl2) = 0.0053 M
2,607,1,1,5,succinyl-CoA(aq) + acetoacetate(aq) = succinate(aq) + acetoacetyl-CoA(aq),56STE,303.15,,8.1,,3.90E-3,,c(MgCl2) = 0 M
2,607,1,1,6,succinyl-CoA(aq) + acetoacetate(aq) = succinate(aq) + acetoacetyl-CoA(aq),56STE,303.15,,8.1,2.28,4.80E-3,,c(MgCl2) = 0.0053 M
2,607,1,1,7,succinyl-CoA(aq) + acetoacetate(aq) = succinate(aq) + acetoacetyl-CoA(aq),56STE,303.15,,9.2,,5.50E-3,,c(MgCl2) = 0 M
2,607,1,1,8,succinyl-CoA(aq) + acetoacetate(aq) = succinate(aq) + acetoacetyl-CoA(aq),56STE,303.15,,9.2,2.28,3.00E-3,,c(MgCl2) = 0.0053 M
2,607,1,2,1,succinyl-CoA(aq) + acetoacetate(aq) = succinate(aq) + acetoacetyl-CoA(aq),67HER/JEN,298.15,,8.1,,6.70E-2,,
2,607,2,1,1,acetyl-CoA(aq) + acetoacetate(aq) = acetoacetyl-CoA(aq) + acetate(aq),77SRA/FRE,298.15,,8.1,,1.30E-1,,
3,1038,1,1,1,n-decanoic acid glycerol diester(sln) + H2O(sln) = n-decanoic acid(sln) + n-decanoic acid glycerol monoester(sln),93JAN/PAD,308.15,,,,2.00E0,,
3,1038,1,2,1,n-decanoic acid glycerol monoester(sln) + H2O(sln) = n-decanoic acid(sln) + glycerol(sln),93JAN/PAD,308.15,,,,9.10E-1,,
3,1038,2,1,1,n-decanoic acid glycerol triester(sln) + H2O(sln) = n-decanoic acid(sln) + n-decanoic acid glycerol diester(sln),93JAN/PAD,308.15,,,,2.50E0,,
3,1038,2,2,1,n-octanoic acid glycerol diester(sln) + H2O(sln) = n-octanoic acid(sln) + n-octanoic acid glycerol monoester(sln),93JAN/PAD,308.15,,,,9.10E-1,,
3,1038,2,3,1,n-octanoic acid glycerol monoester(sln) + H2O(sln) = n-octanoic acid(sln) + glycerol(sln),93JAN/PAD,308.15,,,,7.10E-1,,
3,1039,1,1,1,n-octanoic acid glycerol triester(sln) + H2O(sln) = n-octanoic acid(sln) + n-octanoic acid glycerol diester(sln),93JAN/PAD,308.15,,,,1.70E0,,
3,1039,1,2,1,diolein(aq) + H2O(aq) = oleic acid(aq) + monoolein(aq),92LOR/TRA,333.15,,,,2.00E-2,,
3,1039,1,3,1,diolein(sln) + H2O(sln) = oleic acid(sln) + monoolein(sln),93JAN/PAD,308.15,,,,1.30E0,,
3,1039,1,4,1,monoolein(aq) + H2O(aq) = oleic acid(aq) + glycerol(aq),92LOR/TRA,333.15,,,,4.80E-1,,
3,1039,2,1,1,monoolein(sln) + H2O(sln) = oleic acid(sln) + glycerol(sln),93JAN/PAD,308.15,,,,9.10E-1,,
3,1039,2,2,1,triolein(aq) + H2O(aq) = oleic acid(aq) + diolein(aq),92LOR/TRA,333.15,,,,8.30E-2,,
3,1039,2,3,1,triolein(sln) + H2O(sln) = oleic acid(sln) + diolein(sln),93JAN/PAD,308.15,,,,1.70E0,,
3,1039,2,4,1,acetylcholine(aq) + H2O(l) = acetate(aq) + choline(aq),49HES,296.15,,5.1,,5.38E2,,
3,1040,1,1,1,acetylcholine(aq) + H2O(l) = acetate(aq) + choline(aq),50HES,296.15,,5.1,,5.10E2,,
3,1040,1,1,2,acetylcholine(aq) + H2O(l) = acetate(aq) + choline(aq),50HES,296.15,,5.9,,2.18E3,,
3,1040,1,2,1,acetylcholine(aq) + H2O(l) = acetate(aq) + choline(aq),72STU,298.15,,7.1,,,-3.57,
3,1040,1,3,1,acetylcholine(aq) + H2O(l) = acetate(aq) + choline(aq),85DAS/BRO,310.15,,7.2,,,-4.4,buffer=phosphate
3,1040,1,3,2,acetylcholine(aq) + H2O(l) = acetate(aq) + choline(aq),85DAS/BRO,310.15,,,,,-3.9,buffer=none
3,1040,2,1,1,acetylcholine(aq) + H2O(l) = acetate(aq) + choline(aq),92WAN/CHE,298.15,,7,,,-2.76,media=sodium phosphate buffer
3,1040,2,1,2,acetylcholine(aq) + H2O(l) = acetate(aq) + choline(aq),92WAN/CHE,298.15,,7,,,-1.63,media=acetylcholine receptor membrane vesicles
3,1040,2,2,1,propionylcholine(aq) + H2O(l) = propionate(aq) + choline(aq),50HES,291.15,,5,,4.80E2,,
3,1040,2,2,2,propionylcholine(aq) + H2O(l) = propionate(aq) + choline(aq),50HES,291.15,,5.8,,1.73E3,,
3,1040,2,3,1,retinyl palmitate(aq) + H2O(l) = retinol(aq) + palmitate(aq),90OCO/BUT,310.15,,7.5,,2.80E-3,,
3,1041,1,1,1,D-glucose 6-phosphate(aq) + NADP(aq) + H2O(l) = 6-phospho-D-gluconate(aq) + NADPH(aq),86CAS/VEE2,311.15,,6.03,,1.50E3,,"[PDF says reference is 86CAS/VEE; randr says 86CAS/VEE2, which does not make sense]; [same data was shown in part 1, page 548, col 1, table 2; the occurence in part 1 is considered the authoritative one]"
3,1041,1,1,2,D-glucose 6-phosphate(aq) + NADP(aq) + H2O(l) = 6-phospho-D-gluconate(aq) + NADPH(aq),86CAS/VEE2,311.15,,6.47,,8.90E3,,"[PDF says reference is 86CAS/VEE; randr says 86CAS/VEE2, which does not make sense]; [same data was shown in part 1, page 548, col 1, table 2; the occurence in part 1 is considered the authoritative one]"
3,1041,1,1,3,D-glucose 6-phosphate(aq) + NADP(aq) + H2O(l) = 6-phospho-D-gluconate(aq) + NADPH(aq),86CAS/VEE2,311.15,,7.03,,8.30E4,,"[PDF says reference is 86CAS/VEE; randr says 86CAS/VEE2, which does not make sense]; [same data was shown in part 1, page 548, col 1, table 2; the occurence in part 1 is considered the authoritative one]"
3,1041,1,2,1,N-acetylethanolamine phosphate(aq) + H2O(l) = N-acetylethanolamine(aq) + orthophosphate(aq),63DAY/WIL,298.15,,8,,3.10E1,,
3,1041,1,3,1,acetyl phosphate^{2-}(aq) + H2O(l) = acetate^{-}(aq) + HPO4^{2-}(aq),70GEO/WIT,298.15,,,,,-26.8,
3,1041,2,1,1,ADP^{3-}(aq) + H2O(l) = AMP^{-2}(aq) + HPO4^{2-}(aq) + H^{+}(aq),69GEO/TRA,298.15,,8.5,,,-24.3,
3,1041,2,2,1,AMP^{2-}(aq) + H2O(l) = adenosine(aq) + HPO4^{2-}(aq),69GEO/TRA,298.15,,8.5,,,0.4,
3,1041,2,3,1,AMP^{2-}(aq) + H2O(l) = adenosine(aq) + HPO4^{2-}(aq),70GEO/WIT,298.15,0,,,,,
3,1041,2,4,1,AMP(aq) + H2O(l) = adenosine(aq) + orthophosphate(aq),93LAR/TEW,298.15,,8.86,4.5,1.89E2,,pMg=4.5; I_m = 1.40 mol/kg
3,1042,1,1,1,AMP(aq) + H2O(l) = adenosine(aq) + orthophosphate(aq),93LAR/TEW,298.15,,8.02,3,,2.44,m(MgCl2)=0.0010 mol/kg; I_m = 0.078 mol/kg
3,1042,1,1,2,AMP(aq) + H2O(l) = adenosine(aq) + orthophosphate(aq),93LAR/TEW,298.15,,8.42,3,,1.76,m(MgCl2)=0.0010 mol/kg; I_m = 0.052 mol/kg
3,1042,1,1,3,AMP(aq) + H2O(l) = adenosine(aq) + orthophosphate(aq),93LAR/TEW,298.15,,8.85,3,,0.55,m(MgCl2)=0.0010 mol/kg; I_m = 0.052 mol/kg
3,1042,1,1,4,AMP(aq) + H2O(l) = adenosine(aq) + orthophosphate(aq),93LAR/TEW,304.55,,7.78,3,,2.53,m(MgCl2)=0.0010 mol/kg; I_m = 0.086 mol/kg
3,1042,1,1,5,AMP(aq) + H2O(l) = adenosine(aq) + orthophosphate(aq),93LAR/TEW,310.15,,7.62,3,,3.5,m(MgCl2)=0.0010 mol/kg; I_m = 0.083 mol/kg
3,1042,1,2,1,ethylene glycol phosphate(aq) + H2O(l) = ethylene glycol(aq) + orthophosphate(aq),89ROM/DEM,308.15,,7,,6.00E1,,c(MgCl2)=0 M
3,1042,1,2,2,ethylene glycol phosphate(aq) + H2O(l) = ethylene glycol(aq) + orthophosphate(aq),89ROM/DEM,308.15,,7,,5.90E1,,c(MgCl2)=0.1 M
3,1042,1,3,1,"D-fructose 1,6-bisphosphate(aq) + H2O(l) = D-fructose 1-phosphate(aq) + orthophosphate(aq)",49MEY/GRE,311.15,,8.5,,1.40E1,,
3,1042,2,1,1,"D-fructose 1,6-bisphosphate(aq) + H2O(l) = D-fructose 6-phosphate(aq) + orthophosphate(aq)",49MEY/GRE,311.15,,8.5,,6.30E0,,
3,1042,2,2,1,D-fructose 1-phosphate(aq) + H2O(l) = D-fructose(aq) + orthophosphate(aq),49MEY/GRE,311.15,,8.5,,5.30E1,,
3,1042,2,3,1,D-fructose 6-phosphate(aq) + H2O(l) = D-fructose(aq) + orthophosphate(aq),49MEY/GRE,311.15,,8.5,,1.24E2,,
3,1042,2,4,1,D-fructose 6-phosphate(aq) + H2O(l) = D-fructose(aq) + orthophosphate(aq),88TEW/STE,298.15,0.29,8.4,,2.62E2,,
3,1043,1,1,1,D-fructose 6-phosphate(aq) + H2O(l) = D-fructose(aq) + orthophosphate(aq),88TEW/STE,311.15,,7.87,2.21,,-5.52,c(MgCl2)=0.0061 M; c(Tris)=0.10 M
3,1043,1,1,2,D-fructose 6-phosphate(aq) + H2O(l) = D-fructose(aq) + orthophosphate(aq),88TEW/STE,311.15,,8.42,2.21,,-6.7,c(MgCl2)=0.0061 M; c(Tris)=0.10 M
3,1043,1,1,3,D-fructose 6-phosphate(aq) + H2O(l) = D-fructose(aq) + orthophosphate(aq),88TEW/STE,311.15,,8.54,2.21,,-6.9,c(MgCl2)=0.0061 M; c(Tris)=0.10 M
3,1043,1,1,4,D-fructose 6-phosphate(aq) + H2O(l) = D-fructose(aq) + orthophosphate(aq),88TEW/STE,311.15,,8.62,2.21,,-6.82,c(MgCl2)=0.0061 M; c(Tris)=0.10 M
3,1043,1,1,5,D-fructose 6-phosphate(aq) + H2O(l) = D-fructose(aq) + orthophosphate(aq),88TEW/STE,311.15,,8.99,2.21,,-6.95,c(MgCl2)=0.0061 M; c(Tris)=0.10 M
3,1043,1,1,6,D-fructose 6-phosphate(aq) + H2O(l) = D-fructose(aq) + orthophosphate(aq),88TEW/STE,311.15,,8.8,2.25,,-8.08,c(MgCl2)=0.00054 M; c(Tris)=0.10 M
3,1043,1,1,7,D-fructose 6-phosphate(aq) + H2O(l) = D-fructose(aq) + orthophosphate(aq),88TEW/STE,311.15,,8.8,2.49,,-7.99,c(MgCl2)=0.0011 M; c(Tris)=0.10 M
3,1043,1,1,8,D-fructose 6-phosphate(aq) + H2O(l) = D-fructose(aq) + orthophosphate(aq),88TEW/STE,311.15,,8.8,2.96,,-7.07,c(MgCl2)=0.0032 M; c(Tris)=0.10 M
3,1043,1,1,9,D-fructose 6-phosphate(aq) + H2O(l) = D-fructose(aq) + orthophosphate(aq),88TEW/STE,311.15,,8.8,3.11,,-7.29,c(MgCl2)=0.0056 M; c(Tris)=0.10 M
3,1043,1,1,10,D-fructose 6-phosphate(aq) + H2O(l) = D-fructose(aq) + orthophosphate(aq),88TEW/STE,311.15,,8.8,3.11,,-8.52,c(MgCl2)=0.00078 M; c(Tris)=0.30 M
3,1043,1,1,11,D-fructose 6-phosphate(aq) + H2O(l) = D-fructose(aq) + orthophosphate(aq),88TEW/STE,311.15,,8.8,3.27,,-9.25,c(MgCl2)=0.00078 M; c(Tris)=0.64 M
3,1043,1,1,12,D-fructose 6-phosphate(aq) + H2O(l) = D-fructose(aq) + orthophosphate(aq),88TEW/STE,298.15,,8.85,3.27,,-7.43,c(MgCl2)=0.00054 M; c(Tris)=0.10 M
3,1043,1,1,13,D-fructose 6-phosphate(aq) + H2O(l) = D-fructose(aq) + orthophosphate(aq),88TEW/STE,304.8,,8.85,3.27,,-7.58,c(MgCl2)=0.00054 M; c(Tris)=0.10 M
3,1043,1,2,1,D-galactose 6-phosphate(aq) + H2O(l) = D-galactose(aq) + orthophosphate(aq),49MEY/GRE,311.15,,8.5,,8.70E1,,
3,1043,1,3,1,GDP(aq) + 2 H2O(l) = guanosine(aq) + 2 orthophosphate(aq),81HIN/POL,298.15,,8,,,-43.6,c(KCl)=0.6 M; buffer=Hepes
3,1043,1,3,2,GDP(aq) + 2 H2O(l) = guanosine(aq) + 2 orthophosphate(aq),81HIN/POL,298.15,,9,,,-42.8,c(KCl)=0.6 M; buffer=Hepes
3,1043,1,3,3,GDP(aq) + 2 H2O(l) = guanosine(aq) + 2 orthophosphate(aq),81HIN/POL,298.15,,9,,,-69.2,c(KCl)=0.6 M; buffer=Tris
3,1043,2,1,1,D-glucose 6-phosphate(aq) + H2O(l) = D-glucose(aq) + orthophosphate(aq),49MEY/GRE,311.15,,8.5,,6.20E1,,
3,1043,2,2,1,D-glucose 6-phosphate(aq) + H2O(l) = D-glucose(aq) + orthophosphate(aq),54GIN,310.15,,8.2,,5.50E1,,
3,1043,2,3,1,D-glucose 6-phosphate(aq) + H2O(l) = D-glucose(aq) + orthophosphate(aq),61ATK/JOH,298.15,,7,,2.63E2,,
3,1044,2,2,1,L-{\alpha}-glycerophosphate(aq) + H2O(l) = glycerol(aq) + orthophosphate(aq),49MEY/GRE,311.15,,8.5,,1.60E1,,"[K' was given with ""approximate"" sign]"
3,1044,2,3,1,L-{\alpha}-glycerophosphate(aq) + H2O(l) = glycerol(aq) + orthophosphate(aq),54GIN,310.15,,6.7,,4.00E1,,
3,1044,2,3,2,L-{\alpha}-glycerophosphate(aq) + H2O(l) = glycerol(aq) + orthophosphate(aq),54GIN,310.15,,7.5,,5.50E1,,2.50E-06
3,1044,2,3,3,L-{\alpha}-glycerophosphate(aq) + H2O(l) = glycerol(aq) + orthophosphate(aq),54GIN,310.15,,7.8,,4.60E1,,
3,1044,2,3,4,L-{\alpha}-glycerophosphate(aq) + H2O(l) = glycerol(aq) + orthophosphate(aq),54GIN,310.15,,8.3,,2.40E1,,
3,1044,2,3,5,L-{\alpha}-glycerophosphate(aq) + H2O(l) = glycerol(aq) + orthophosphate(aq),54GIN,310.15,,8.8,,3.60E1,,
3,1044,1,1,1,D-glucose 6-phosphate^{2-}(aq) + H2O(l) = D-glucose(aq) + HPO4^{2-}(aq),70GEO/WIT,298.15,,,,,-2.5,
3,1044,1,2,1,D-glucose 6-phosphate(aq) + H2O(l) = D-glucose(aq) + orthophosphate(aq),76LAW/GUY,310.15,0.25,6.99,3,1.10E2,,pMg=3.0
3,1044,1,3,1,D-glucose 6-phosphate(aq) + H2O(l) = D-glucose(aq) + orthophosphate(aq),79LAW/VEE,310.15,0.25,6.99,,1.09E2,,c(ZnCl2)=2.5e-5M
3,1044,1,3,2,D-glucose 6-phosphate(aq) + H2O(l) = D-glucose(aq) + orthophosphate(aq),79LAW/VEE,310.15,0.25,6.99,2.22,1.10E2,,c(MgCl2)=0.00604 M
3,1044,1,4,1,D-glucose 6-phosphate(aq) + H2O(l) = D-glucose(aq) + orthophosphate(aq),88TEW/STE,311.15,,7.87,2.2,,2.46,c(Tris)=0.10 M; c(MgCl2)=0.0063 M
3,1044,1,4,2,D-glucose 6-phosphate(aq) + H2O(l) = D-glucose(aq) + orthophosphate(aq),88TEW/STE,311.15,,8.53,2.2,,1.17,c(Tris)=0.10 M; c(MgCl2)=0.0063 M
3,1044,1,4,3,D-glucose 6-phosphate(aq) + H2O(l) = D-glucose(aq) + orthophosphate(aq),88TEW/STE,311.15,,8.58,2.2,,1.09,c(Tris)=0.10 M; c(MgCl2)=0.0063 M
3,1044,1,4,4,D-glucose 6-phosphate(aq) + H2O(l) = D-glucose(aq) + orthophosphate(aq),88TEW/STE,311.15,,8.68,2.2,,1.37,c(Tris)=0.10 M; c(MgCl2)=0.0063 M
3,1044,1,4,5,D-glucose 6-phosphate(aq) + H2O(l) = D-glucose(aq) + orthophosphate(aq),88TEW/STE,311.15,,9.15,2.2,,0.95,c(Tris)=0.10 M; c(MgCl2)=0.0063 M
3,1044,1,4,6,D-glucose 6-phosphate(aq) + H2O(l) = D-glucose(aq) + orthophosphate(aq),88TEW/STE,311.15,,8.8,2.2,,0.47,c(Tris)=0.10 M; c(MgCl2)=0.00054 M
3,1044,1,4,7,D-glucose 6-phosphate(aq) + H2O(l) = D-glucose(aq) + orthophosphate(aq),88TEW/STE,311.15,,8.8,2.49,,0.42,c(Tris)=0.10 M; c(MgCl2)=0.00108 M
3,1044,1,4,8,D-glucose 6-phosphate(aq) + H2O(l) = D-glucose(aq) + orthophosphate(aq),88TEW/STE,311.15,,8.8,2.97,,0.8,c(Tris)=0.10 M; c(MgCl2)=0.0032 M
3,1044,1,4,9,D-glucose 6-phosphate(aq) + H2O(l) = D-glucose(aq) + orthophosphate(aq),88TEW/STE,311.15,,8.8,3.27,,1.17,c(Tris)=0.10 M; c(MgCl2)=0.0063 M
3,1044,1,4,10,D-glucose 6-phosphate(aq) + H2O(l) = D-glucose(aq) + orthophosphate(aq),88TEW/STE,311.15,,8.83,3.18,,0.18,c(Tris)=0.30 M; c(MgCl2)=0.00066 M
3,1044,1,4,11,D-glucose 6-phosphate(aq) + H2O(l) = D-glucose(aq) + orthophosphate(aq),88TEW/STE,311.15,,8.83,3.18,,-0.44,c(Tris)=0.64 M; c(MgCl2)=0.00066 M
3,1044,1,4,12,D-glucose 6-phosphate(aq) + H2O(l) = D-glucose(aq) + orthophosphate(aq),88TEW/STE,298.15,,8.9,3,,0.99,c(Tris)=0.10M; c(MgCl2)=0.00054 M
3,1044,1,4,13,D-glucose 6-phosphate(aq) + H2O(l) = D-glucose(aq) + orthophosphate(aq),88TEW/STE,298.15,,8.9,3.27,,0.94,c(Tris)=0.10 M; c(MgCl2)=0.00108 M
3,1044,1,4,14,D-glucose 6-phosphate(aq) + H2O(l) = D-glucose(aq) + orthophosphate(aq),88TEW/STE,304.8,,8.9,3.27,,0.76,c(Tris)=0.10 M; c(MgCl2)=0.00054 M
3,1044,2,1,1,D-glucose 6-phosphate(aq) + H2O(l) = D-glucose(aq) + orthophosphate(aq),89ROM/DEM,308.15,,7,,5.50E1,,
3,1044,2,1,2,D-glucose 6-phosphate(aq) + H2O(l) = D-glucose(aq) + orthophosphate(aq),89ROM/DEM,308.15,,7,1,5.60E1,,c(MgCl2)=0.100 M
3,1045,1,1,1,L-{\alpha}-glycerophosphate(aq) + H2O(l) = glycerol(aq) + orthophosphate(aq),89ROM/DEM,308.15,,7,,6.80E1,,
3,1045,1,1,2,L-{\alpha}-glycerophosphate(aq) + H2O(l) = glycerol(aq) + orthophosphate(aq),89ROM/DEM,308.15,,7,,7.30E1,,c(MgCl2)=0.100 M
3,1045,1,1,3,L-{\alpha}-glycerophosphate(aq) + H2O(l) = glycerol(aq) + orthophosphate(aq),89ROM/DEM,308.15,,8,,2.60E1,,c(MgCl2)=0.0009 M
3,1045,1,1,4,L-{\alpha}-glycerophosphate(aq) + H2O(l) = glycerol(aq) + orthophosphate(aq),89ROM/DEM,308.15,,8,,2.20E1,,c(MgCl2)=0.0009 M; solute=dimethyl sulfoxide (50% v/v)
3,1045,1,1,5,L-{\alpha}-glycerophosphate(aq) + H2O(l) = glycerol(aq) + orthophosphate(aq),89ROM/DEM,308.15,,8,,9.00E0,,c(MgCl2)=0.0009 M; solute=poly(ethylene glycol) (50% w/v)
3,1045,1,2,1,GMP(aq) + H2O(l) = guanosine(aq) + orthophosphate(aq),81HIN/POL,298.15,,9,,,2.6,buffer=Tris; c(KCl)=0.60M
3,1045,1,2,2,GMP(aq) + H2O(l) = guanosine(aq) + orthophosphate(aq),81HIN/POL,298.15,,9,,,2.7,buffer=Hepes; c(KCl)=0.60M
3,1045,1,3,1,GTP(aq) + 3 H2O(l) = guanosine(aq) + 3 orthophosphate(aq),81HIN/POL,298.15,,8,,,-90,buffer=Hepes; c(KCl)=0.60M
3,1045,1,3,2,GTP(aq) + 3 H2O(l) = guanosine(aq) + 3 orthophosphate(aq),81HIN/POL,298.15,,9,,,-88.7,buffer=Hepes; c(KCl)=0.60M
3,1045,1,3,3,GTP(aq) + 3 H2O(l) = guanosine(aq) + 3 orthophosphate(aq),81HIN/POL,298.15,,9,,,-141.8,buffer=Tris; c(KCl)=0.60M
3,1045,1,3,4,GTP(aq) + 3 H2O(l) = guanosine(aq) + 3 orthophosphate(aq),81HIN/POL,308.15,,9,,,-141.6,buffer=Tris; c(KCl)=0.60M
3,1045,2,1,1,"3-hydroxypropyl phosphate(aq) + H2O(l) = 1,3-propanediol(aq) + orthophosphate(aq)",75GER/WES,298.15,,7.3,,,1.5,
3,1045,2,2,1,IMP(aq) + H2O(l) = inosine(aq) + orthophosphate(aq),93LAR/TEW,298.15,,8.55,4.44,1.58E2,,pMg=4.44; I_m = 1.53 mol/kg
3,1045,2,3,1,IMP(aq) + H2O(l) = inosine(aq) + orthophosphate(aq),93LAR/TEW,298.15,,8.15,3,,1.54,m(MgCl2)=0.0010 mol/kg; I_m = 0.083 M
3,1045,2,3,2,IMP(aq) + H2O(l) = inosine(aq) + orthophosphate(aq),93LAR/TEW,298.15,,8.55,3,,-0.62,m(MgCl2)=0.0010 mol/kg; I_m = 0.063 M
3,1045,2,3,3,IMP(aq) + H2O(l) = inosine(aq) + orthophosphate(aq),93LAR/TEW,298.15,,9.14,3,,-1.89,m(MgCl2)=0.0010 mol/kg; I_m = 0.045 M
3,1045,2,3,4,IMP(aq) + H2O(l) = inosine(aq) + orthophosphate(aq),93LAR/TEW,304.55,,7.92,3,,-1.83,m(MgCl2)=0.0010 mol/kg; I_m = 0.087 M
3,1045,2,3,5,IMP(aq) + H2O(l) = inosine(aq) + orthophosphate(aq),93LAR/TEW,310.15,,7.81,3,,2.3,m(MgCl2)=0.0010 mol/kg; I_m = 0.087 M
3,1046,1,1,1,D-mannose 6-phosphate(aq) + H2O(l) = D-mannose(aq) + orthophosphate(aq),49MEY/GRE,311.15,,8.5,,3.90E1,,
3,1046,1,2,1,D-mannose 6-phosphate(aq) + H2O(l) = D-mannose(aq) + orthophosphate(aq),88TEW/STE,298.15,,8.6,,,1.78,
3,1046,1,2,2,D-mannose 6-phosphate(aq) + H2O(l) = D-mannose(aq) + orthophosphate(aq),88TEW/STE,304.65,,8.6,,,1.48,
3,1046,1,2,3,D-mannose 6-phosphate(aq) + H2O(l) = D-mannose(aq) + orthophosphate(aq),88TEW/STE,310.15,,8.6,,,1.22,
3,1046,1,3,1,methyl {\alpha}-D-glucopyranoside 6-phosphate(aq) + H2O(l) = methyl {\alpha}-D-glucopyranose(aq) + orthophosphate(aq),75GER/WES,298.15,,7.3,,,0,
3,1046,1,4,1,methyl {\beta}-D-ribofuranoside 5-phosphate(aq) + H2O(l) = methyl {\beta}-D-ribofuranose + orthophosphate(aq),75GER/WES,298.15,,7.3,,,-1.3,
3,1046,2,1,1,monoethyl phosphate(aq) + H2O(l) = ethanol(aq) + orthophosphate(aq),75GER/WES,298.15,,7.3,,,-0.4,
3,1046,2,2,1,1-naphthyl phosphate(aq) + H2O(l) = 1-naphthol(aq) + orthophosphate(aq),87ANT,298.15,,10.4,,,-6.53,
3,1046,2,3,1,4-nitrophenyl phosphate(aq) + H2O(l) = 4-nitrophenol(aq) + orthophosphate(aq),52OHL/SHA,302.15,,9.6,,,-19,
3,1046,2,4,1,4-nitrophenyl phosphate(aq) + H2O(l) = 4-nitrophenol(aq) + orthophosphate(aq),87ANT,298.15,,10.4,,,-11.9,
3,1047,1,1,1,4-nitrophenyl phosphate(aq) + H2O(l) = 4-nitrophenol(aq) + orthophosphate(aq),92REK/TIS,298.15,,8.5,,,-43.2,
3,1047,1,2,1,4-nitrophenyl phenylphosphonate(aq) + H2O(l) = 4-nitrophenol(aq) + phenylphosphonate(aq),79LAB/DEB,303.15,,8,,,-72.2,
3,1047,1,3,1,phenyl phosphate(aq) + H2O(l) = phenol(aq) + orthophosphate(aq),87ANT,298.15,,10.4,,,-7.45,
3,1047,1,4,1,phospho-L-arginine(aq) + H2O(l) = L-arginine(aq) + orthophosphate(aq),35MEY/SCH,293.15,,,,,-31,
3,1047,2,1,1,phosphocreatine(aq) + H2O(l) = creatine(aq) + orthophosphate(aq),35MEY/SCH,293.15,,,,,-44.8,
3,1047,2,2,1,phosphocreatine(aq) + H2O(l) = creatine(aq) + orthophosphate(aq),65PIN,298.15,,9,,,-35.6,
3,1047,2,3,1,phosphocreatine(aq) = creatine(aq) + orthophosphate(aq),72WOL,298.15,,6.1,,,-20,
3,1047,2,3,2,phosphocreatine(aq) = creatine(aq) + orthophosphate(aq),72WOL,298.15,,7.1,,,-28,
3,1047,2,3,3,phosphocreatine(aq) = creatine(aq) + orthophosphate(aq),72WOL,298.15,,7.78,,,-34,
3,1047,2,3,4,phosphocreatine(aq) = creatine(aq) + orthophosphate(aq),72WOL,298.15,,8.33,,,-37.5,
3,1047,2,3,5,phosphocreatine(aq) = creatine(aq) + orthophosphate(aq),72WOL,298.15,,8.73,,,-40,
3,1047,2,4,1,phosphocreatine(aq) + H2O(l) = creatine(aq) + orthophosphate(aq),87WOL/REI,273.15,,8,,,43,buffer=camosine
3,1047,2,4,2,phosphocreatine(aq) + H2O(l) = creatine(aq) + orthophosphate(aq),87WOL/REI,298.15,,8,,,42,buffer=camosine
3,1047,2,4,3,phosphocreatine(aq) + H2O(l) = creatine(aq) + orthophosphate(aq),87WOL/REI,310.15,,8,,,44,buffer=Tris
3,1048,1,1,1,3-phospho-D-glycerate(aq) + H2O(l) = (R)-glycerate(aq) + orthophosphate(aq),35MEY/SCH,293.15,,,,,-34.5,
3,1048,1,2,1,3-phospho-D-glycerate(aq) + H2O(l) = (R)-glycerate(aq) + orthophosphate(aq),82GUY,311.15,0.25,7,2.04,2.94E2,,c(MgCl2)=0.0010M
3,1048,1,2,2,3-phospho-D-glycerate(aq) + H2O(l) = (R)-glycerate(aq) + orthophosphate(aq),82GUY,311.15,0.25,7,3,3.36E2,,c(MgCl2)=0.00099M
3,1048,1,2,3,3-phospho-D-glycerate(aq) + H2O(l) = (R)-glycerate(aq) + orthophosphate(aq),82GUY,311.15,0.25,7,2.32,2.69E2,,c(MgCl2)=0.0048M
3,1048,1,2,4,3-phospho-D-glycerate(aq) + H2O(l) = (R)-glycerate(aq) + orthophosphate(aq),82GUY,311.15,0.25,7,2.04,3.03E2,,c(MgCl2)=0.0091M
3,1048,1,2,5,3-phospho-D-glycerate(aq) + H2O(l) = (R)-glycerate(aq) + orthophosphate(aq),82GUY,311.15,0.25,7,4,3.32E2,,c(MgCl2)=0.0001M
3,1048,1,2,6,3-phospho-D-glycerate(aq) + H2O(l) = (R)-glycerate(aq) + orthophosphate(aq),82GUY,311.15,0.25,7,3,3.19E2,,c(MgCl2)=0.00099M
3,1048,1,2,7,3-phospho-D-glycerate(aq) + H2O(l) = (R)-glycerate(aq) + orthophosphate(aq),82GUY,311.15,0.25,7,2.32,3.10E2,,c(MgCl2)=0.0048M
3,1048,1,2,8,3-phospho-D-glycerate(aq) + H2O(l) = (R)-glycerate(aq) + orthophosphate(aq),82GUY,311.15,0.25,7,3,2.94E2,,c(MgCl2)=0.0091M
3,1048,1,2,9,3-phospho-D-glycerate(aq) + H2O(l) = (R)-glycerate(aq) + orthophosphate(aq),82GUY,311.15,0.25,6.95,,2.88E2,,
3,1048,1,2,10,3-phospho-D-glycerate(aq) + H2O(l) = (R)-glycerate(aq) + orthophosphate(aq),82GUY,311.15,0.25,6.86,,3.41E2,,
3,1048,1,2,11,3-phospho-D-glycerate(aq) + H2O(l) = (R)-glycerate(aq) + orthophosphate(aq),82GUY,311.15,0.25,6.95,3,3.38E2,,c(MgCl2)=0.0010M
3,1048,1,2,12,3-phospho-D-glycerate(aq) + H2O(l) = (R)-glycerate(aq) + orthophosphate(aq),82GUY,311.15,0.25,6.92,2.4,3.01E2,,c(MgCl2)=0.0040M
3,1048,1,2,13,3-phospho-D-glycerate(aq) + H2O(l) = (R)-glycerate(aq) + orthophosphate(aq),82GUY,311.15,0.25,6.89,2.15,2.60E2,,c(MgCl2)=0.0070M
3,1048,1,2,14,3-phospho-D-glycerate(aq) + H2O(l) = (R)-glycerate(aq) + orthophosphate(aq),82GUY,311.15,0.25,6.87,2,2.47E2,,c(MgCl2)=0.0100M
3,1048,1,2,15,3-phospho-D-glycerate(aq) + H2O(l) = (R)-glycerate(aq) + orthophosphate(aq),82GUY,311.15,0.25,6.96,3,3.84E2,,c(MgCl2)=0.0010M
3,1048,1,2,16,3-phospho-D-glycerate(aq) + H2O(l) = (R)-glycerate(aq) + orthophosphate(aq),82GUY,311.15,0.25,6.93,2.4,2.97E2,,c(MgCl2)=0.0040M
3,1048,1,2,17,3-phospho-D-glycerate(aq) + H2O(l) = (R)-glycerate(aq) + orthophosphate(aq),82GUY,311.15,0.25,6.9,2.15,2.55E2,,c(MgCl2)=0.0070M
3,1048,1,2,18,3-phospho-D-glycerate(aq) + H2O(l) = (R)-glycerate(aq) + orthophosphate(aq),82GUY,311.15,0.25,6.88,2,2.70E2,,c(MgCl2)=0.0100M
3,1048,1,2,19,3-phospho-D-glycerate(aq) + H2O(l) = (R)-glycerate(aq) + orthophosphate(aq),82GUY,311.15,0.25,6.73,3,3.07E2,,c(MgCl2)=0.0010M
3,1048,1,2,20,3-phospho-D-glycerate(aq) + H2O(l) = (R)-glycerate(aq) + orthophosphate(aq),82GUY,311.15,0.25,6.72,3,3.06E2,,c(MgCl2)=0.0010M
3,1048,1,2,21,3-phospho-D-glycerate(aq) + H2O(l) = (R)-glycerate(aq) + orthophosphate(aq),82GUY,311.15,0.25,6.91,,2.98E2,,
3,1048,1,2,22,3-phospho-D-glycerate(aq) + H2O(l) = (R)-glycerate(aq) + orthophosphate(aq),82GUY,311.15,0.25,6.92,,2.90E2,,
,,,,,,,,,,,,,
3,1048,2,1,1,phosphoguanidinoacetate(aq) + H2O(l) = guanidinoacetate(aq) + orthophosphate(aq),65PIN,298.15,,9,,,-30.1,
3,1048,2,2,1,phosphoenolpyruvate(aq) + H2O(l) = pyruvate^{-}(aq) + orthophosphate(aq),35MEY/SCH,293.15,,,,,-35.4,
3,1048,2,3,1,phosphoenolpyruvate^{3-}(aq) + H2O(l) = pyruvate^{-}(aq) + HPO4^{2-}(aq),70GEO/WIT,298.15,,,,,-25.1,
3,1049,1,1,1,phosphorylcholine(aq) + H2O(l) = choline(aq) + orthophosphate(aq),76GUY,311.15,0.25,6.9,2.85,4.96E1,,c(MgCl2)=0.0014M
3,1049,1,1,2,phosphorylcholine(aq) + H2O(l) = choline(aq) + orthophosphate(aq),76GUY,311.15,0.25,6.9,3.3,4.90E1,,c(MgCl2)=0.0005M
3,1049,1,1,3,phosphorylcholine(aq) + H2O(l) = choline(aq) + orthophosphate(aq),76GUY,311.15,0.25,6.9,2.3,3.44E1,,c(MgCl2)=0.0050M
3,1049,1,1,4,phosphorylcholine(aq) + H2O(l) = choline(aq) + orthophosphate(aq),76GUY,311.15,0.25,6.95,3.3,3.46E1,,c(MgCl2)=0.0005M
3,1049,1,1,5,phosphorylcholine(aq) + H2O(l) = choline(aq) + orthophosphate(aq),76GUY,311.15,0.25,6.94,2.72,3.90E1,,c(MgCl2)=0.0019M
3,1049,1,1,6,phosphorylcholine(aq) + H2O(l) = choline(aq) + orthophosphate(aq),76GUY,311.15,0.25,6.92,2.33,3.68E1,,c(MgCl2)=0.0047M
3,1049,1,1,7,phosphorylcholine(aq) + H2O(l) = choline(aq) + orthophosphate(aq),76GUY,311.15,0.25,6.9,2.09,3.73E1,,c(MgCl2)=0.0082M
3,1049,1,1,8,phosphorylcholine(aq) + H2O(l) = choline(aq) + orthophosphate(aq),76GUY,311.15,0.25,6.88,1.94,3.89E1,,c(MgCl2)=0.0114M
3,1049,1,1,9,phosphorylcholine(aq) + H2O(l) = choline(aq) + orthophosphate(aq),76GUY,311.15,0.25,6.86,1.85,3.93E1,,c(MgCl2)=0.0141M
3,1049,1,1,10,phosphorylcholine(aq) + H2O(l) = choline(aq) + orthophosphate(aq),76GUY,311.15,0.25,6.9,2.19,5.14E1,,c(MgCl2)=0.0065M
3,1049,1,1,11,phosphorylcholine(aq) + H2O(l) = choline(aq) + orthophosphate(aq),76GUY,311.15,0.25,6.9,2.54,4.99E1,,c(MgCl2)=0.0029M
3,1049,1,1,12,phosphorylcholine(aq) + H2O(l) = choline(aq) + orthophosphate(aq),76GUY,311.15,0.25,6.88,2.3,4.45E1,,c(MgCl2)=0.0050M
3,1049,1,1,13,phosphorylcholine(aq) + H2O(l) = choline(aq) + orthophosphate(aq),76GUY,311.15,0.25,6.88,2.3,4.31E1,,c(MgCl2)=0.0050M
3,1049,1,1,14,phosphorylcholine(aq) + H2O(l) = choline(aq) + orthophosphate(aq),76GUY,311.15,0.25,7.15,2.3,3.59E1,,c(MgCl2)=0.0050M
3,1049,1,1,15,phosphorylcholine(aq) + H2O(l) = choline(aq) + orthophosphate(aq),76GUY,311.15,0.25,7.15,2.3,3.69E1,,c(MgCl2)=0.0050M
3,1049,1,1,16,phosphorylcholine(aq) + H2O(l) = choline(aq) + orthophosphate(aq),76GUY,311.15,0.25,7.32,2.3,3.35E1,,c(MgCl2)=0.0050M
3,1049,1,1,17,phosphorylcholine(aq) + H2O(l) = choline(aq) + orthophosphate(aq),76GUY,311.15,0.25,7.32,2.3,3.44E1,,c(MgCl2)=0.0050M
3,1049,1,1,18,phosphorylcholine(aq) + H2O(l) = choline(aq) + orthophosphate(aq),76GUY,311.15,0.25,6.95,3.3,3.99E1,,c(MgCl2)=0.0005M
3,1049,1,1,19,phosphorylcholine(aq) + H2O(l) = choline(aq) + orthophosphate(aq),76GUY,311.15,0.25,6.95,3.3,4.01E1,,c(MgCl2)=0.0005M
3,1049,1,1,20,phosphorylcholine(aq) + H2O(l) = choline(aq) + orthophosphate(aq),76GUY,311.15,0.25,6.95,3.3,3.94E1,,c(MgCl2)=0.0005M
3,1049,1,1,21,phosphorylcholine(aq) + H2O(l) = choline(aq) + orthophosphate(aq),76GUY,311.15,0.25,7.09,3.3,3.04E1,,c(MgCl2)=0.0005M
3,1049,1,1,22,phosphorylcholine(aq) + H2O(l) = choline(aq) + orthophosphate(aq),76GUY,311.15,0.25,7.09,3.3,2.82E1,,c(MgCl2)=0.0005M
3,1049,1,1,23,phosphorylcholine(aq) + H2O(l) = choline(aq) + orthophosphate(aq),76GUY,311.15,0.25,7.23,3.3,3.13E1,,c(MgCl2)=0.0005M
3,1049,1,1,24,phosphorylcholine(aq) + H2O(l) = choline(aq) + orthophosphate(aq),76GUY,311.15,0.25,7.23,3.3,3.41E1,,c(MgCl2)=0.0005M
3,1049,1,1,25,phosphorylcholine(aq) + H2O(l) = choline(aq) + orthophosphate(aq),76GUY,311.15,0.25,7.99,3.3,2.16E1,,c(MgCl2)=0.0005M
3,1049,1,1,26,phosphorylcholine(aq) + H2O(l) = choline(aq) + orthophosphate(aq),76GUY,311.15,0.25,7.99,3.3,2.89E1,,c(MgCl2)=0.0005M
3,1049,1,1,27,phosphorylcholine(aq) + H2O(l) = choline(aq) + orthophosphate(aq),76GUY,311.15,0.25,7.08,3.3,3.24E1,,c(MgCl2)=0.0005M
3,1049,1,1,28,phosphorylcholine(aq) + H2O(l) = choline(aq) + orthophosphate(aq),76GUY,311.15,0.25,7.08,3.3,3.16E1,,c(MgCl2)=0.0005M
3,1049,1,1,29,phosphorylcholine(aq) + H2O(l) = choline(aq) + orthophosphate(aq),76GUY,311.15,0.25,7.22,3.3,2.67E1,,c(MgCl2)=0.0005M
3,1049,1,1,30,phosphorylcholine(aq) + H2O(l) = choline(aq) + orthophosphate(aq),76GUY,311.15,0.25,7.92,3.3,2.41E1,,c(MgCl2)=0.0005M
3,1049,1,1,31,phosphorylcholine(aq) + H2O(l) = choline(aq) + orthophosphate(aq),76GUY,311.15,0.25,7.92,3.3,2.55E1,,c(MgCl2)=0.0005M
3,1049,1,1,32,phosphorylcholine(aq) + H2O(l) = choline(aq) + orthophosphate(aq),76GUY,311.15,0.25,6.9,2.77,4.46E1,,c(MgCl2)=0.0017M
3,1049,1,1,33,phosphorylcholine(aq) + H2O(l) = choline(aq) + orthophosphate(aq),76GUY,311.15,0.25,6.9,1.92,3.83E1,,c(MgCl2)=0.0120M
3,1049,1,1,34,phosphorylcholine(aq) + H2O(l) = choline(aq) + orthophosphate(aq),76GUY,311.15,0.25,6.9,3.3,4.69E1,,c(MgCl2)=0.0005M
3,1049,1,1,35,phosphorylcholine(aq) + H2O(l) = choline(aq) + orthophosphate(aq),76GUY,311.15,0.25,6.9,,3.44E1,,c(MgCl2)=0.0050M
3,1049,1,1,36,phosphorylcholine(aq) + H2O(l) = choline(aq) + orthophosphate(aq),76GUY,311.15,0.25,6.91,3.3,2.99E1,,c(MgCl2)=0.0005M
3,1049,1,1,37,phosphorylcholine(aq) + H2O(l) = choline(aq) + orthophosphate(aq),76GUY,311.15,0.25,6.89,2.3,3.99E1,,c(MgCl2)=0.0050M
3,1049,1,1,38,phosphorylcholine(aq) + H2O(l) = choline(aq) + orthophosphate(aq),76GUY,311.15,0.25,6.87,2.06,3.57E1,,c(MgCl2)=0.0087M
3,1049,1,1,39,phosphorylcholine(aq) + H2O(l) = choline(aq) + orthophosphate(aq),76GUY,311.15,0.25,6.95,1.92,3.74E1,,c(MgCl2)=0.0121M
3,1049,1,1,40,phosphorylcholine(aq) + H2O(l) = choline(aq) + orthophosphate(aq),76GUY,311.15,0.25,6.85,1.82,4.00E1,,c(MgCl2)=0.0150M
3,1049,1,1,41,phosphorylcholine(aq) + H2O(l) = choline(aq) + orthophosphate(aq),76GUY,311.15,0.25,6.9,2.25,4.33E1,,c(MgCl2)=0.0056M
3,1049,1,1,42,phosphorylcholine(aq) + H2O(l) = choline(aq) + orthophosphate(aq),76GUY,311.15,0.25,6.9,2.59,4.50E1,,c(MgCl2)=0.0026M
3,1049,1,1,43,phosphorylcholine(aq) + H2O(l) = choline(aq) + orthophosphate(aq),76GUY,311.15,0.25,6.88,2.3,4.47E1,,c(MgCl2)=0.0050M
3,1049,1,1,44,phosphorylcholine(aq) + H2O(l) = choline(aq) + orthophosphate(aq),76GUY,311.15,0.25,6.88,2.3,4.13E1,,c(MgCl2)=0.0050M
3,1049,1,1,45,phosphorylcholine(aq) + H2O(l) = choline(aq) + orthophosphate(aq),76GUY,311.15,0.25,7.16,2.3,3.40E1,,c(MgCl2)=0.0050M
3,1049,1,1,46,phosphorylcholine(aq) + H2O(l) = choline(aq) + orthophosphate(aq),76GUY,311.15,0.25,7.35,2.3,3.36E1,,c(MgCl2)=0.0050M
3,1049,1,1,47,phosphorylcholine(aq) + H2O(l) = choline(aq) + orthophosphate(aq),76GUY,311.15,0.25,7.35,2.3,3.68E1,,c(MgCl2)=0.0050M
3,1049,1,1,48,phosphorylcholine(aq) + H2O(l) = choline(aq) + orthophosphate(aq),76GUY,311.15,0.25,6.94,3.3,3.61E1,,c(MgCl2)=0.0005M
3,1049,1,1,49,phosphorylcholine(aq) + H2O(l) = choline(aq) + orthophosphate(aq),76GUY,311.15,0.25,6.94,3.3,3.65E1,,c(MgCl2)=0.0005M
3,1049,1,1,50,phosphorylcholine(aq) + H2O(l) = choline(aq) + orthophosphate(aq),76GUY,311.15,0.25,6.94,3.3,3.76E1,,c(MgCl2)=0.0005M
,,,,,,,,,,,,,
,,,,,,,,,,,,,
3,1050,1,1,1,L-O-phosphoserine(aq) + H2O(l) = L-serine(aq) + orthophosphate(aq),89ROM/DEM,308.15,,5,,3.20E2,,buffer=succinic acid (0.050 mol dm-3) + NaOH
3,1050,1,1,2,L-O-phosphoserine(aq) + H2O(l) = L-serine(aq) + orthophosphate(aq),89ROM/DEM,308.15,,5,2,2.14E2,,buffer=succinic acid (0.050 mol dm-3) + NaOH; c(MgCl2)=0.010M
3,1050,1,1,3,L-O-phosphoserine(aq) + H2O(l) = L-serine(aq) + orthophosphate(aq),89ROM/DEM,308.15,,6,,1.56E2,,buffer=Mes (0.05 mol dm-3) + KOH
3,1050,1,1,4,L-O-phosphoserine(aq) + H2O(l) = L-serine(aq) + orthophosphate(aq),89ROM/DEM,308.15,,6,2,1.00E2,,buffer=Mes (0.05 mol dm-3) + KOH; c(MgCl2)=0.010M
3,1050,1,1,5,L-O-phosphoserine(aq) + H2O(l) = L-serine(aq) + orthophosphate(aq),89ROM/DEM,308.15,,6.1,3,1.40E2,,buffer=Mes (0.10 mol dm-3) + KOH
3,1050,1,1,6,L-O-phosphoserine(aq) + H2O(l) = L-serine(aq) + orthophosphate(aq),89ROM/DEM,308.15,,6.1,,1.40E2,,buffer=Mes (0.10 mol dm-3) + KOH; c(MgCl2)=0.0010M
3,1050,1,1,7,L-O-phosphoserine(aq) + H2O(l) = L-serine(aq) + orthophosphate(aq),89ROM/DEM,308.15,,6.1,2.3,1.20E2,,buffer=Mes (0.10 mol dm-3) + KOH; c(MgCl2)=0.0021M
3,1050,1,1,8,L-O-phosphoserine(aq) + H2O(l) = L-serine(aq) + orthophosphate(aq),89ROM/DEM,308.15,,6.1,2.68,1.20E2,,buffer=Mes (0.10 mol dm-3) + KOH; c(MgCl2)=0.0050M
3,1050,1,1,9,L-O-phosphoserine(aq) + H2O(l) = L-serine(aq) + orthophosphate(aq),89ROM/DEM,308.15,,6.1,2,1.10E2,,buffer=Mes (0.10 mol dm-3) + KOH; c(MgCl2)=0.010M
3,1050,1,1,10,L-O-phosphoserine(aq) + H2O(l) = L-serine(aq) + orthophosphate(aq),89ROM/DEM,308.15,,6.1,1.72,1.00E2,,buffer=Mes (0.10 mol dm-3) + KOH; c(MgCl2)=0.019M
3,1050,1,1,11,L-O-phosphoserine(aq) + H2O(l) = L-serine(aq) + orthophosphate(aq),89ROM/DEM,308.15,,6.1,1.3,9.60E1,,buffer=Mes (0.10 mol dm-3) + KOH; c(MgCl2)=0.050M
3,1050,1,1,12,L-O-phosphoserine(aq) + H2O(l) = L-serine(aq) + orthophosphate(aq),89ROM/DEM,308.15,,6.1,1,8.30E1,,buffer=Mes (0.10 mol dm-3) + KOH; c(MgCl2)=0.100M
3,1050,1,1,13,L-O-phosphoserine(aq) + H2O(l) = L-serine(aq) + orthophosphate(aq),89ROM/DEM,308.15,,6.1,0.76,7.40E1,,buffer=Mes (0.10 mol dm-3) + KOH; c(MgCl2)=0.174M
3,1050,1,1,14,L-O-phosphoserine(aq) + H2O(l) = L-serine(aq) + orthophosphate(aq),89ROM/DEM,308.15,,7,2,6.30E1,,buffer=Mops (0.05 mol dm-3) + KOH
3,1050,1,1,15,L-O-phosphoserine(aq) + H2O(l) = L-serine(aq) + orthophosphate(aq),89ROM/DEM,308.15,,7,,5.60E1,,buffer=Mops (0.10 mol dm-3) + KOH
3,1050,1,1,16,L-O-phosphoserine(aq) + H2O(l) = L-serine(aq) + orthophosphate(aq),89ROM/DEM,308.15,,7,,4.90E1,,buffer=Mops (0.10 mol dm-3) + KOH
3,1050,1,1,17,L-O-phosphoserine(aq) + H2O(l) = L-serine(aq) + orthophosphate(aq),89ROM/DEM,308.15,,7,3,5.60E1,,buffer=Mops (0.05 mol dm-3) + KOH; c(MgCl2)=0.0010M
3,1050,1,1,18,L-O-phosphoserine(aq) + H2O(l) = L-serine(aq) + orthophosphate(aq),89ROM/DEM,308.15,,7,3,5.60E1,,buffer=Mops (0.10 mol dm-3) + KOH; c(MgCl2)=0.0010M
3,1050,1,1,19,L-O-phosphoserine(aq) + H2O(l) = L-serine(aq) + orthophosphate(aq),89ROM/DEM,308.15,,7,2.72,5.60E1,,buffer=Mops (0.10 mol dm-3) + KOH; c(MgCl2)=0.0019M
3,1050,1,1,20,L-O-phosphoserine(aq) + H2O(l) = L-serine(aq) + orthophosphate(aq),89ROM/DEM,308.15,,7,2.68,5.60E1,,buffer=Mops (0.10 mol dm-3) + KOH; c(MgCl2)=0.0021M
3,1050,1,1,21,L-O-phosphoserine(aq) + H2O(l) = L-serine(aq) + orthophosphate(aq),89ROM/DEM,308.15,,7,2.3,3.90E1,,buffer=Mops (0.10 mol dm-3) + KOH; c(MgCl2)=0.0050M
3,1050,1,1,22,L-O-phosphoserine(aq) + H2O(l) = L-serine(aq) + orthophosphate(aq),89ROM/DEM,308.15,,7,2.3,6.10E1,,buffer=Mops (0.10 mol dm-3) + KOH; c(MgCl2)=0.0050M
3,1050,1,1,23,L-O-phosphoserine(aq) + H2O(l) = L-serine(aq) + orthophosphate(aq),89ROM/DEM,308.15,,7,,6.30E1,,buffer=Mops (0.05 mol dm-3) + KOH; c(MgCl2)=0.010M
3,1050,1,1,24,L-O-phosphoserine(aq) + H2O(l) = L-serine(aq) + orthophosphate(aq),89ROM/DEM,308.15,,7,1,4.60E1,,buffer=Mops (0.10 mol dm-3) + KOH; c(MgCl2)=0.100M
3,1050,1,1,25,L-O-phosphoserine(aq) + H2O(l) = L-serine(aq) + orthophosphate(aq),89ROM/DEM,308.15,,7,1,6.10E1,,buffer=Mops (0.10 mol dm-3) + KOH; c(MgCl2)=0.100M
3,1050,1,1,26,L-O-phosphoserine(aq) + H2O(l) = L-serine(aq) + orthophosphate(aq),89ROM/DEM,308.15,,7,0.7,5.60E1,,buffer=Mops (0.10 mol dm-3) + KOH; c(MgCl2)=0.200M
3,1050,1,1,27,L-O-phosphoserine(aq) + H2O(l) = L-serine(aq) + orthophosphate(aq),89ROM/DEM,308.15,,7,2.1,2.10E1,,buffer=Mops (0.10 mol dm-3) + KOH; c(MgCl2)=0.008M; solute=poly(ethylene glycol) (50% w/v)
3,1050,1,1,28,L-O-phosphoserine(aq) + H2O(l) = L-serine(aq) + orthophosphate(aq),89ROM/DEM,308.15,,7.2,2.1,5.80E1,,buffer=Mops (0.050 mol dm-3) + KOH; c(MgCl2)=0.008M
3,1050,1,1,29,L-O-phosphoserine(aq) + H2O(l) = L-serine(aq) + orthophosphate(aq),89ROM/DEM,308.15,,7.2,2.1,5.60E1,,buffer=Mops (0.050 mol dm-3) + KOH; c(MgCl2)=0.008M; solute=dimethyl sulfoxide (50% v/v)
3,1050,1,1,30,L-O-phosphoserine(aq) + H2O(l) = L-serine(aq) + orthophosphate(aq),89ROM/DEM,308.15,,7.2,2.1,2.90E1,,buffer=Mops (0.050 mol dm-3) + KOH; c(MgCl2)=0.008M; solute=dimethyl sulfoxide (50% v/v)
3,1050,1,1,31,L-O-phosphoserine(aq) + H2O(l) = L-serine(aq) + orthophosphate(aq),89ROM/DEM,308.15,,7.8,1,4.50E1,,buffer=glycylglycine (0.10 mol dm-3) + KOH
3,1050,1,1,32,L-O-phosphoserine(aq) + H2O(l) = L-serine(aq) + orthophosphate(aq),89ROM/DEM,308.15,,7.8,3,4.70E1,,buffer=glycylglycine (0.05 mol dm-3) + KOH; c(MgCl2)=0.001M
3,1050,1,1,33,L-O-phosphoserine(aq) + H2O(l) = L-serine(aq) + orthophosphate(aq),89ROM/DEM,308.15,,7.8,,4.50E1,,buffer=glycylglycine (0.10 mol dm-3) + KOH; c(MgCl2)=0.010M
3,1050,1,1,34,L-O-phosphoserine(aq) + H2O(l) = L-serine(aq) + orthophosphate(aq),89ROM/DEM,308.15,,7.8,1.3,4.90E1,,buffer=glycylglycine (0.10 mol dm-3) + KOH; c(MgCl2)=0.050M
3,1050,1,1,35,L-O-phosphoserine(aq) + H2O(l) = L-serine(aq) + orthophosphate(aq),89ROM/DEM,308.15,,7.8,2,4.50E1,,buffer=glycylglycine (0.10 mol dm-3) + KOH; c(MgCl2)=0.100M
3,1050,1,1,36,L-O-phosphoserine(aq) + H2O(l) = L-serine(aq) + orthophosphate(aq),89ROM/DEM,308.15,,8,,4.70E1,,buffer=glycylglycine (0.050 mol dm-3) + KOH
3,1050,1,1,37,L-O-phosphoserine(aq) + H2O(l) = L-serine(aq) + orthophosphate(aq),89ROM/DEM,308.15,,8,3.05,4.20E1,,buffer=glycylglycine (0.050 mol dm-3) + KOH; c(MgCl2)=0.0009M
3,1050,1,1,38,L-O-phosphoserine(aq) + H2O(l) = L-serine(aq) + orthophosphate(aq),89ROM/DEM,308.15,,8,2,5.30E1,,buffer=glycylglycine (0.050 mol dm-3) + KOH; c(MgCl2)=0.010M
3,1050,1,1,39,L-O-phosphoserine(aq) + H2O(l) = L-serine(aq) + orthophosphate(aq),89ROM/DEM,308.15,,8,3.05,1.20E1,,buffer=glycylglycine (0.050 mol dm-3) + KOH; c(MgCl2)=0.0009M; solute=poly(ethylene glycol) (50% w/v)
3,1050,1,1,40,L-O-phosphoserine(aq) + H2O(l) = L-serine(aq) + orthophosphate(aq),89ROM/DEM,308.15,,9,,4.70E1,,buffer=glycine (0.050 mol dm-3) + KOH
3,1050,1,1,41,L-O-phosphoserine(aq) + H2O(l) = L-serine(aq) + orthophosphate(aq),89ROM/DEM,308.15,,10,,4.70E1,,buffer=glycine (0.050 mol dm-3) + KOH
3,1050,1,1,42,L-O-phosphoserine(aq) + H2O(l) = L-serine(aq) + orthophosphate(aq),89ROM/DEM,298.2,,7.8,2,6.20E2,,buffer=Mops (0.10 mol dm-3) + KOH; c(MgCl2)=0.010M
3,1050,1,1,43,L-O-phosphoserine(aq) + H2O(l) = L-serine(aq) + orthophosphate(aq),89ROM/DEM,298.2,,7.8,1.3,4.90E2,,buffer=Mops (0.10 mol dm-3) + KOH; c(MgCl2)=0.050M
3,1050,1,1,44,L-O-phosphoserine(aq) + H2O(l) = L-serine(aq) + orthophosphate(aq),89ROM/DEM,303.5,,7.8,2,5.00E2,,buffer=Mops (0.10 mol dm-3) + KOH; c(MgCl2)=0.010M
3,1050,1,1,45,L-O-phosphoserine(aq) + H2O(l) = L-serine(aq) + orthophosphate(aq),89ROM/DEM,303.5,,7.8,1.3,5.30E2,,buffer=Mops (0.10 mol dm-3) + KOH; c(MgCl2)=0.050M
3,1050,1,1,46,L-O-phosphoserine(aq) + H2O(l) = L-serine(aq) + orthophosphate(aq),89ROM/DEM,308.2,,7.8,2,4.90E2,,buffer=Mops (0.10 mol dm-3) + KOH; c(MgCl2)=0.010M
3,1050,1,1,47,L-O-phosphoserine(aq) + H2O(l) = L-serine(aq) + orthophosphate(aq),89ROM/DEM,308.2,,7.8,1.3,5.50E2,,buffer=Mops (0.10 mol dm-3) + KOH; c(MgCl2)=0.050M
3,1050,1,1,48,L-O-phosphoserine(aq) + H2O(l) = L-serine(aq) + orthophosphate(aq),89ROM/DEM,311,,7.8,2,4.40E2,,buffer=Mops (0.10 mol dm-3) + KOH; c(MgCl2)=0.010M
3,1050,1,1,49,L-O-phosphoserine(aq) + H2O(l) = L-serine(aq) + orthophosphate(aq),89ROM/DEM,311,,7.8,1.3,5.30E2,,buffer=Mops (0.10 mol dm-3) + KOH; c(MgCl2)=0.050M
3,1050,1,1,50,L-O-phosphoserine(aq) + H2O(l) = L-serine(aq) + orthophosphate(aq),89ROM/DEM,313.4,,7.8,2,4.00E2,,buffer=Mops (0.10 mol dm-3) + KOH; c(MgCl2)=0.010M
3,1050,1,1,51,L-O-phosphoserine(aq) + H2O(l) = L-serine(aq) + orthophosphate(aq),89ROM/DEM,313.4,,7.8,1.3,4.90E2,,buffer=Mops (0.10 mol dm-3) + KOH; c(MgCl2)=0.050M
,,,,,,,,,,,,,
,,,,,,,,,,,,,
3,1051,1,1,1,phosphotaurocyamine(aq) + H2O(l) = taurocyamine(aq) + orthophosphate(aq),65PIN,298.15,,9,,,-31,
3,1051,1,2,1,pyrophosphate(aq) + H2O(l) = 2 orthophosphate(aq),65STI/DIA,298.15,,7.3,,6.90E4,,
3,1051,2,1,1,pyrophosphate(aq) + H2O(l) = 2 orthophosphate(aq),67WU/WIT,298.15,,6.76,,,-15.5,
3,1051,2,1,2,pyrophosphate(aq) + H2O(l) = 2 orthophosphate(aq),67WU/WIT,298.15,,6.93,,,-14.6,
3,1051,2,1,3,pyrophosphate(aq) + H2O(l) = 2 orthophosphate(aq),67WU/WIT,298.15,,6.88,,,-14.6,
3,1051,2,1,4,pyrophosphate(aq) + H2O(l) = 2 orthophosphate(aq),67WU/WIT,298.15,,6.89,,,-16.3,
3,1052,1,1,1,pyrophosphate(aq) + H2O(l) = 2 orthophosphate(aq),89ROM/DEM,308.15,,6,2,1.34E3,,buffer=imidazole (0.050 mol dm-3) + HCl; c(MgCl2) = 0.010M
3,1052,1,1,2,pyrophosphate(aq) + H2O(l) = 2 orthophosphate(aq),89ROM/DEM,308.15,,6.1,2.72,1.50E4,,buffer=imidazole (0.050 mol dm-3) + HCl; c(MgCl2) = 0.0019M
3,1052,1,1,3,pyrophosphate(aq) + H2O(l) = 2 orthophosphate(aq),89ROM/DEM,308.15,,6.1,2.38,3.10E3,,buffer=imidazole (0.050 mol dm-3) + HCl; c(MgCl2) = 0.0042M
3,1052,1,1,4,pyrophosphate(aq) + H2O(l) = 2 orthophosphate(aq),89ROM/DEM,308.15,,6.1,2,1.30E3,,buffer=imidazole (0.050 mol dm-3) + HCl; c(MgCl2) = 0.010M
3,1052,1,1,5,pyrophosphate(aq) + H2O(l) = 2 orthophosphate(aq),89ROM/DEM,308.15,,6.1,1.44,4.20E2,,buffer=imidazole (0.050 mol dm-3) + HCl; c(MgCl2) = 0.036M
3,1052,1,1,6,pyrophosphate(aq) + H2O(l) = 2 orthophosphate(aq),89ROM/DEM,308.15,,6.1,1,1.30E2,,buffer=imidazole (0.050 mol dm-3) + HCl; c(MgCl2) = 0.100M
3,1052,1,1,7,pyrophosphate(aq) + H2O(l) = 2 orthophosphate(aq),89ROM/DEM,308.15,,6.1,0.7,7.30E1,,buffer=imidazole (0.050 mol dm-3) + HCl; c(MgCl2) = 0.200M
3,1052,1,1,8,pyrophosphate(aq) + H2O(l) = 2 orthophosphate(aq),89ROM/DEM,308.15,,6.53,2,8.38E2,,buffer=imidazole (0.050 mol dm-3) + HCl; c(MgCl2) = 0.010M
3,1052,1,1,9,pyrophosphate(aq) + H2O(l) = 2 orthophosphate(aq),89ROM/DEM,308.15,,6.97,2,3.01E2,,buffer=imidazole (0.050 mol dm-3) + HCl; c(MgCl2) = 0.010M
3,1052,1,1,10,pyrophosphate(aq) + H2O(l) = 2 orthophosphate(aq),89ROM/DEM,308.15,,7,3.15,2.00E4,,buffer=imidazole (0.050 mol dm-3) + HCl; c(MgCl2) = 0.0007M
3,1052,1,1,11,pyrophosphate(aq) + H2O(l) = 2 orthophosphate(aq),89ROM/DEM,308.15,,7,3,3.90E3,,buffer=imidazole (0.050 mol dm-3) + HCl; c(MgCl2) = 0.001M
3,1052,1,1,12,pyrophosphate(aq) + H2O(l) = 2 orthophosphate(aq),89ROM/DEM,308.15,,7,3,3.70E3,,buffer=imidazole (0.050 mol dm-3) + HCl; c(MgCl2) = 0.0010M
3,1052,1,1,13,pyrophosphate(aq) + H2O(l) = 2 orthophosphate(aq),89ROM/DEM,308.15,,7,2.38,4.90E2,,buffer=imidazole (0.050 mol dm-3) + HCl; c(MgCl2) = 0.0042M
3,1052,1,1,14,pyrophosphate(aq) + H2O(l) = 2 orthophosphate(aq),89ROM/DEM,308.15,,7,2,2.90E2,,buffer=imidazole (0.050 mol dm-3) + HCl; c(MgCl2) = 0.010M
3,1052,1,1,15,pyrophosphate(aq) + H2O(l) = 2 orthophosphate(aq),89ROM/DEM,308.15,,7,1.72,1.60E2,,buffer=imidazole (0.050 mol dm-3) + HCl; c(MgCl2) = 0.019M
3,1052,1,1,16,pyrophosphate(aq) + H2O(l) = 2 orthophosphate(aq),89ROM/DEM,308.15,,7,1.38,1.00E2,,buffer=imidazole (0.050 mol dm-3) + HCl; c(MgCl2) = 0.042M
3,1052,1,1,17,pyrophosphate(aq) + H2O(l) = 2 orthophosphate(aq),89ROM/DEM,308.15,,7,1,5.80E1,,buffer=imidazole (0.050 mol dm-3) + HCl; c(MgCl2) = 0.100M
3,1052,1,1,18,pyrophosphate(aq) + H2O(l) = 2 orthophosphate(aq),89ROM/DEM,308.15,,7,2.1,9.00E-1,,buffer=imidazole (0.050 mol dm-3) + HCl; c(MgCl2) = 0.008M; solute=poly(ethylene glycol) (50% w/v)
3,1052,1,1,19,pyrophosphate(aq) + H2O(l) = 2 orthophosphate(aq),89ROM/DEM,308.15,,7.2,2.1,2.56E2,,buffer=imidazole (0.050 mol dm-3) + HCl; c(MgCl2) = 0.008M
3,1052,1,1,20,pyrophosphate(aq) + H2O(l) = 2 orthophosphate(aq),89ROM/DEM,308.15,,7.2,2.1,1.40E1,,buffer=imidazole (0.050 mol dm-3) + HCl; c(MgCl2) = 0.008M; solute=dimethyl sulfoxide (50% v/v)
3,1052,1,1,21,pyrophosphate(aq) + H2O(l) = 2 orthophosphate(aq),89ROM/DEM,308.15,,7.8,3,1.40E3,,buffer=Tris (0.05 mol dm-3) + HCl; c(MgCl2) = 0.001M
3,1052,1,1,22,pyrophosphate(aq) + H2O(l) = 2 orthophosphate(aq),89ROM/DEM,308.15,,7.8,3,1.60E3,,buffer=Tris (0.10 mol dm-3) + HCl; c(MgCl2) = 0.001M
3,1052,1,1,23,pyrophosphate(aq) + H2O(l) = 2 orthophosphate(aq),89ROM/DEM,308.15,,7.8,2.68,5.90E2,,buffer=Tris (0.05 mol dm-3) + HCl; c(MgCl2) = 0.0021M
3,1052,1,1,24,pyrophosphate(aq) + H2O(l) = 2 orthophosphate(aq),89ROM/DEM,308.15,,7.8,2.38,3.30E2,,buffer=Tris (0.05 mol dm-3) + HCl; c(MgCl2) = 0.0042M
3,1052,1,1,25,pyrophosphate(aq) + H2O(l) = 2 orthophosphate(aq),89ROM/DEM,308.15,,7.8,2,3.13E2,,buffer=Tris (0.10 mol dm-3) + HCl; c(MgCl2) = 0.010M
3,1052,1,1,26,pyrophosphate(aq) + H2O(l) = 2 orthophosphate(aq),89ROM/DEM,308.15,,7.8,2,1.84E2,,buffer=Tris (0.05 mol dm-3) + HCl; c(MgCl2) = 0.010M
3,1052,1,1,27,pyrophosphate(aq) + H2O(l) = 2 orthophosphate(aq),89ROM/DEM,308.15,,7.8,2,3.57E2,,buffer=Tris (0.10 mol dm-3) + HCl; c(MgCl2) = 0.010M
3,1052,1,1,28,pyrophosphate(aq) + H2O(l) = 2 orthophosphate(aq),89ROM/DEM,308.15,,7.8,2,1.80E2,,buffer=Tris (0.05 mol dm-3) + HCl; c(MgCl2) = 0.010M
3,1052,1,1,29,pyrophosphate(aq) + H2O(l) = 2 orthophosphate(aq),89ROM/DEM,308.15,,7.8,1.38,8.30E1,,buffer=Tris (0.05 mol dm-3) + HCl; c(MgCl2) = 0.042M
3,1052,1,1,30,pyrophosphate(aq) + H2O(l) = 2 orthophosphate(aq),89ROM/DEM,308.15,,7.8,1.3,1.12E2,,buffer=Tris (0.10 mol dm-3) + HCl; c(MgCl2) = 0.050M
3,1052,1,1,31,pyrophosphate(aq) + H2O(l) = 2 orthophosphate(aq),89ROM/DEM,308.15,,7.8,1.3,1.00E2,,buffer=Tris (0.10 mol dm-3) + HCl; c(MgCl2) = 0.050M
3,1052,1,1,32,pyrophosphate(aq) + H2O(l) = 2 orthophosphate(aq),89ROM/DEM,308.15,,8,3.05,3.46E2,,buffer=Tris (0.05 mol dm-3) + HCl; c(MgCl2) = 0.0009M
3,1052,1,1,33,pyrophosphate(aq) + H2O(l) = 2 orthophosphate(aq),89ROM/DEM,308.15,,8,3.05,2.00E-1,,buffer=Tris (0.05 mol dm-3) + HCl; c(MgCl2) = 0.0009M; solute=poly(ethylene glycol) (50% w/v)
3,1052,1,1,34,pyrophosphate(aq) + H2O(l) = 2 orthophosphate(aq),89ROM/DEM,308.15,,8.83,2,1.27E2,,buffer=Tris (0.05 mol dm-3) + HCl; c(MgCl2) = 0.010M
3,1052,1,1,35,pyrophosphate(aq) + H2O(l) = 2 orthophosphate(aq),89ROM/DEM,293.2,,7.8,2,8.67E2,,buffer=Tris (0.10 mol dm-3) + HCl; c(MgCl2) = 0.010M
3,1052,1,1,36,pyrophosphate(aq) + H2O(l) = 2 orthophosphate(aq),89ROM/DEM,293.2,,7.8,1.3,2.18E2,,buffer=Tris (0.10 mol dm-3) + HCl; c(MgCl2) = 0.050M
3,1052,1,1,37,pyrophosphate(aq) + H2O(l) = 2 orthophosphate(aq),89ROM/DEM,299.9,,7.8,2,5.49E2,,buffer=Tris (0.10 mol dm-3) + HCl; c(MgCl2) = 0.010M
3,1052,1,1,38,pyrophosphate(aq) + H2O(l) = 2 orthophosphate(aq),89ROM/DEM,299.9,,7.8,1.3,1.58E2,,buffer=Tris (0.10 mol dm-3) + HCl; c(MgCl2) = 0.050M
3,1052,1,1,39,pyrophosphate(aq) + H2O(l) = 2 orthophosphate(aq),89ROM/DEM,302.3,,7.8,2,4.58E2,,buffer=Tris (0.10 mol dm-3) + HCl; c(MgCl2) = 0.010M
3,1052,1,1,40,pyrophosphate(aq) + H2O(l) = 2 orthophosphate(aq),89ROM/DEM,302.3,,7.8,1.3,1.28E2,,buffer=Tris (0.10 mol dm-3) + HCl; c(MgCl2) = 0.050M
3,1052,1,1,41,pyrophosphate(aq) + H2O(l) = 2 orthophosphate(aq),89ROM/DEM,313.2,,7.8,1.3,8.20E1,,buffer=Tris (0.10 mol dm-3) + HCl; c(MgCl2) = 0.050M
,,,,,,,,,,,,,
,,,,,,,,,,,,,
3,1053,1,1,1,D-ribose 5-phosphate(aq) + H2O(l) = D-ribose(aq) + orthophosphate(aq),88TEW/STE,298.15,,8.4,,,-5.03,
3,1053,1,1,2,D-ribose 5-phosphate(aq) + H2O(l) = D-ribose(aq) + orthophosphate(aq),88TEW/STE,304.65,,8.4,,,-5.57,
3,1053,1,1,3,D-ribose 5-phosphate(aq) + H2O(l) = D-ribose(aq) + orthophosphate(aq),88TEW/STE,310.15,,8.4,,,-5.76,
3,1053,1,2,1,D-ribulose 5-phosphate(aq) + H2O(l) = D-ribulose(aq) + orthophosphate(aq),88TEW/STE,298.15,,8.5,,,-11.96,
3,1053,1,2,2,D-ribulose 5-phosphate(aq) + H2O(l) = D-ribulose(aq) + orthophosphate(aq),88TEW/STE,304.65,,8.5,,,-12.46,
3,1053,1,2,3,D-ribulose 5-phosphate(aq) + H2O(l) = D-ribulose(aq) + orthophosphate(aq),88TEW/STE,310.15,,8.5,,,-13.07,
3,1053,1,3,1,acetyl phosphate(aq) + H2O(l) = acetate(aq) + orthophosphate(aq),52MEY/SHA,306.15,,5.6,,,29.9,
3,1053,2,1,1,AMP(aq) + H2O(l) = adenosine(aq) + orthophosphate(aq),45OHL,297.45,,3.7,,,-6.49,
3,1053,2,2,1,ATP(aq) + 3 H2O(l) = adenosine(aq) + 3 orthophosphate(aq),45OHL,297.45,,3.7,,,-107.9,
3,1053,2,3,1,D-fructose 1-phosphate(aq) + H2O(l) = D-fructose(aq) + orthophosphate(aq),49MEY/GRE,311.15,,5.8,,1.68E2,,
3,1053,2,4,1,D-fructose 6-phosphate(aq) + H2O(l) = D-fructose(aq) + orthophosphate(aq),49MEY/GRE,311.15,,5.8,,2.60E2,,
3,1054,1,1,1,"D-fructose 1,6-bisphosphate(aq) + H2O(l) = D-fructose 1-phosphate(aq) + orthophosphate(aq)",49MEY/GRE,311.15,,5.8,,8.00E0,,
3,1054,1,2,1,"D-fructose 1,6-bisphosphate(aq) + H2O(l) = D-fructose 6-phosphate(aq) + orthophosphate(aq)",49MEY/GRE,311.15,,5.8,,5.30E0,,
3,1054,1,3,1,L-{\alpha}-glycerophosphate(aq) + H2O(l) = glycerol(aq) + orthophosphate(aq),45OHL,297.45,,4.5,,,-5.2,
3,1054,1,4,1,L-{\alpha}-glycerophosphate(aq) + H2O(l) = glycerol(aq) + orthophosphate(aq),46OHL,274,,5.8,,2.20E1,,c(glycerol)=10.86 M
3,1054,1,4,2,L-{\alpha}-glycerophosphate(aq) + H2O(l) = glycerol(aq) + orthophosphate(aq),46OHL,293,,5.8,,7.50E1,,c(glycerol)=2.72 M
3,1054,1,4,3,L-{\alpha}-glycerophosphate(aq) + H2O(l) = glycerol(aq) + orthophosphate(aq),46OHL,293,,5.8,,2.10E1,,c(glycerol)=11.1 M
3,1054,1,4,4,L-{\alpha}-glycerophosphate(aq) + H2O(l) = glycerol(aq) + orthophosphate(aq),46OHL,310,,5.8,,1.90E1,,c(glycerol)=10.86 M
3,1054,2,1,1,L-{\alpha}-glycerophosphate(aq) + H2O(l) = glycerol(aq) + orthophosphate(aq),49MEY/GRE,311.15,,5.8,,4.00E1,,
3,1054,2,2,1,4-nitrophenyl phosphate(aq) + H2O(l) = 4-nitrophenol(aq) + orthophosphate(aq),55STU,298.15,0.046,5.85,,,-17,
3,1054,2,2,2,4-nitrophenyl phosphate(aq) + H2O(l) = 4-nitrophenol(aq) + orthophosphate(aq),55STU,298.15,0.04,5.37,,,-20,
3,1054,2,2,3,4-nitrophenyl phosphate(aq) + H2O(l) = 4-nitrophenol(aq) + orthophosphate(aq),55STU,298.15,0.039,5.27,,,-20.6,
3,1054,2,2,4,4-nitrophenyl phosphate(aq) + H2O(l) = 4-nitrophenol(aq) + orthophosphate(aq),55STU,298.15,0.025,4.76,,,-24.2,
3,1054,2,2,5,4-nitrophenyl phosphate(aq) + H2O(l) = 4-nitrophenol(aq) + orthophosphate(aq),55STU,298.15,0.025,4.74,,,-24.2,
3,1054,2,2,6,4-nitrophenyl phosphate(aq) + H2O(l) = 4-nitrophenol(aq) + orthophosphate(aq),55STU,298.15,0.014,4.32,,,-25.7,
3,1054,2,2,7,4-nitrophenyl phosphate(aq) + H2O(l) = 4-nitrophenol(aq) + orthophosphate(aq),55STU,298.15,0.005,3.82,,,-26.1,
3,1054,2,2,8,4-nitrophenyl phosphate(aq) + H2O(l) = 4-nitrophenol(aq) + orthophosphate(aq),55STU,298.15,0.05,3.72,,,-26.1,
3,1054,2,2,9,4-nitrophenyl phosphate(aq) + H2O(l) = 4-nitrophenol(aq) + orthophosphate(aq),55STU,298.15,0.0025,3.62,,,-26.4,
3,1054,2,3,1,4-nitrophenyl phosphate(aq) + H2O(l) = 4-nitrophenol(aq) + orthophosphate(aq),92REK/TIS,298.15,,3,,,-25.9,
3,1055,1,1,1,L-O-phosphoserine(aq) + H2O(l) = L-serine(aq) + orthophosphate(aq),61VLA/KOM,308.15,,7.05,,6.73E2,,
3,1055,1,1,2,L-O-phosphoserine(aq) + H2O(l) = L-serine(aq) + orthophosphate(aq),61VLA/KOM,308.15,,9.7,,2.87E2,,
3,1055,1,2,1,L-O-phosphoserine(aq) + H2O(l) = L-serine(aq) + orthophosphate(aq),82GUY/THA,311.15,0.25,5.9,,1.25E2,,
3,1055,1,2,2,L-O-phosphoserine(aq) + H2O(l) = L-serine(aq) + orthophosphate(aq),82GUY/THA,311.15,0.25,5.99,,1.22E2,,
3,1055,1,2,3,L-O-phosphoserine(aq) + H2O(l) = L-serine(aq) + orthophosphate(aq),82GUY/THA,311.15,0.25,6.47,,7.68E1,,
3,1055,1,2,4,L-O-phosphoserine(aq) + H2O(l) = L-serine(aq) + orthophosphate(aq),82GUY/THA,311.15,0.25,6.49,,6.86E1,,
3,1055,1,2,5,L-O-phosphoserine(aq) + H2O(l) = L-serine(aq) + orthophosphate(aq),82GUY/THA,311.15,0.25,6.52,,7.04E1,,
3,1055,1,2,6,L-O-phosphoserine(aq) + H2O(l) = L-serine(aq) + orthophosphate(aq),82GUY/THA,311.15,0.25,6.53,,7.42E1,,
3,1055,1,2,7,L-O-phosphoserine(aq) + H2O(l) = L-serine(aq) + orthophosphate(aq),82GUY/THA,311.15,0.25,6.89,,5.65E1,,
3,1055,1,2,8,L-O-phosphoserine(aq) + H2O(l) = L-serine(aq) + orthophosphate(aq),82GUY/THA,311.15,0.25,6.89,,5.51E1,,
3,1055,1,2,9,L-O-phosphoserine(aq) + H2O(l) = L-serine(aq) + orthophosphate(aq),82GUY/THA,311.15,0.25,6.89,,5.84E1,,
3,1055,1,2,10,L-O-phosphoserine(aq) + H2O(l) = L-serine(aq) + orthophosphate(aq),82GUY/THA,311.15,0.25,6.89,,5.51E1,,
3,1055,1,2,11,L-O-phosphoserine(aq) + H2O(l) = L-serine(aq) + orthophosphate(aq),82GUY/THA,311.15,0.25,6.91,,5.98E1,,
3,1055,1,2,12,L-O-phosphoserine(aq) + H2O(l) = L-serine(aq) + orthophosphate(aq),82GUY/THA,311.15,0.25,6.91,,5.94E1,,
3,1055,1,2,13,L-O-phosphoserine(aq) + H2O(l) = L-serine(aq) + orthophosphate(aq),82GUY/THA,311.15,0.25,6.91,,5.77E1,,
3,1055,1,2,14,L-O-phosphoserine(aq) + H2O(l) = L-serine(aq) + orthophosphate(aq),82GUY/THA,311.15,0.25,6.92,,5.98E1,,
3,1055,1,2,15,L-O-phosphoserine(aq) + H2O(l) = L-serine(aq) + orthophosphate(aq),82GUY/THA,311.15,0.25,6.95,,5.72E1,,
3,1055,1,2,16,L-O-phosphoserine(aq) + H2O(l) = L-serine(aq) + orthophosphate(aq),82GUY/THA,311.15,0.25,6.95,,5.72E1,,
3,1055,1,2,17,L-O-phosphoserine(aq) + H2O(l) = L-serine(aq) + orthophosphate(aq),82GUY/THA,311.15,0.25,6.95,,5.28E1,,
3,1055,1,2,18,L-O-phosphoserine(aq) + H2O(l) = L-serine(aq) + orthophosphate(aq),82GUY/THA,311.15,0.25,6.95,,5.72E1,,
3,1055,1,2,19,L-O-phosphoserine(aq) + H2O(l) = L-serine(aq) + orthophosphate(aq),82GUY/THA,311.15,0.25,6.98,,5.49E1,,
3,1055,1,2,20,L-O-phosphoserine(aq) + H2O(l) = L-serine(aq) + orthophosphate(aq),82GUY/THA,311.15,0.25,7.36,,4.98E1,,
3,1055,1,2,21,L-O-phosphoserine(aq) + H2O(l) = L-serine(aq) + orthophosphate(aq),82GUY/THA,311.15,0.25,7.43,,4.61E1,,
3,1055,1,2,22,L-O-phosphoserine(aq) + H2O(l) = L-serine(aq) + orthophosphate(aq),82GUY/THA,311.15,0.25,7.66,,4.50E1,,
3,1055,1,2,23,L-O-phosphoserine(aq) + H2O(l) = L-serine(aq) + orthophosphate(aq),82GUY/THA,311.15,0.25,7.73,,4.68E1,,
3,1055,1,2,24,L-O-phosphoserine(aq) + H2O(l) = L-serine(aq) + orthophosphate(aq),82GUY/THA,311.15,0.25,8.02,,4.70E1,,
3,1055,1,2,25,L-O-phosphoserine(aq) + H2O(l) = L-serine(aq) + orthophosphate(aq),82GUY/THA,311.15,0.25,8.13,,4.94E1,,
3,1055,1,2,26,L-O-phosphoserine(aq) + H2O(l) = L-serine(aq) + orthophosphate(aq),82GUY/THA,311.15,0.25,8.12,,4.83E1,,
3,1055,1,2,27,L-O-phosphoserine(aq) + H2O(l) = L-serine(aq) + orthophosphate(aq),82GUY/THA,311.15,0.25,8.16,,5.10E1,,
3,1055,1,2,28,L-O-phosphoserine(aq) + H2O(l) = L-serine(aq) + orthophosphate(aq),82GUY/THA,311.15,0.25,7,,4.99E1,,
3,1055,1,2,29,L-O-phosphoserine(aq) + H2O(l) = L-serine(aq) + orthophosphate(aq),82GUY/THA,311.15,0.25,7,2.17,4.74E1,,
3,1055,1,2,30,L-O-phosphoserine(aq) + H2O(l) = L-serine(aq) + orthophosphate(aq),82GUY/THA,311.15,0.25,7,2.17,4.78E1,,c(MgCl2)=0.0067 M
3,1055,1,2,31,L-O-phosphoserine(aq) + H2O(l) = L-serine(aq) + orthophosphate(aq),82GUY/THA,311.15,0.25,7,,4.74E1,,c(MgCl2)=0.0067 M
3,1055,1,2,32,L-O-phosphoserine(aq) + H2O(l) = L-serine(aq) + orthophosphate(aq),82GUY/THA,311.15,0.25,7,2,4.78E1,,c(MgCl2)=0.010 M
3,1055,1,2,33,L-O-phosphoserine(aq) + H2O(l) = L-serine(aq) + orthophosphate(aq),82GUY/THA,311.15,0.25,7,1.88,4.98E1,,c(MgCl2)=0.010 M
3,1055,1,2,34,L-O-phosphoserine(aq) + H2O(l) = L-serine(aq) + orthophosphate(aq),82GUY/THA,311.15,0.25,7,1.7,5.00E1,,c(MgCl2)=0.0133 M
3,1055,1,2,35,L-O-phosphoserine(aq) + H2O(l) = L-serine(aq) + orthophosphate(aq),82GUY/THA,311.15,0.25,7,2,4.98E1,,c(MgCl2)=0.0133 M
3,1055,1,2,36,L-O-phosphoserine(aq) + H2O(l) = L-serine(aq) + orthophosphate(aq),82GUY/THA,311.15,0.25,7,1.88,5.00E1,,c(MgCl2)=0.0200 M
3,1055,1,2,37,L-O-phosphoserine(aq) + H2O(l) = L-serine(aq) + orthophosphate(aq),82GUY/THA,311.15,0.25,7,1.7,5.11E1,,c(MgCl2)=0.0200 M
3,1055,1,2,38,L-O-phosphoserine(aq) + H2O(l) = L-serine(aq) + orthophosphate(aq),82GUY/THA,311.15,0.12,6.98,,5.48E1,,
3,1055,1,2,39,L-O-phosphoserine(aq) + H2O(l) = L-serine(aq) + orthophosphate(aq),82GUY/THA,311.15,0.12,6.98,,5.06E1,,
3,1055,1,2,40,L-O-phosphoserine(aq) + H2O(l) = L-serine(aq) + orthophosphate(aq),82GUY/THA,311.15,0.41,6.98,,5.89E1,,
3,1055,1,2,41,L-O-phosphoserine(aq) + H2O(l) = L-serine(aq) + orthophosphate(aq),82GUY/THA,311.15,0.41,6.98,,5.61E1,,
3,1055,1,2,42,L-O-phosphoserine(aq) + H2O(l) = L-serine(aq) + orthophosphate(aq),82GUY/THA,311.15,0.56,6.98,,5.75E1,,
3,1055,1,2,43,L-O-phosphoserine(aq) + H2O(l) = L-serine(aq) + orthophosphate(aq),82GUY/THA,311.15,0.56,6.98,,5.39E1,,
3,1055,1,2,44,L-O-phosphoserine(aq) + H2O(l) = L-serine(aq) + orthophosphate(aq),82GUY/THA,311.15,0.71,6.98,,5.82E1,,
3,1055,1,2,45,L-O-phosphoserine(aq) + H2O(l) = L-serine(aq) + orthophosphate(aq),82GUY/THA,311.15,0.71,6.98,,5.58E1,,
3,1055,1,2,46,L-O-phosphoserine(aq) + H2O(l) = L-serine(aq) + orthophosphate(aq),82GUY/THA,311.15,1,6.98,,5.89E1,,
3,1055,1,2,47,L-O-phosphoserine(aq) + H2O(l) = L-serine(aq) + orthophosphate(aq),82GUY/THA,311.15,1,6.98,,5.58E1,,
,,,,,,,,,,,,,
,,,,,,,,,,,,,
3,1055,2,1,1,AMP(aq) + H2O(l) = adenosine(aq) + orthophosphate(aq),92KIM/KIN,311.15,0.25,7,3,1.76E2,,c(Mg2+)=0.001 M
3,1055,2,2,1,"D-fructose 1,6-bisphosphate(aq) + H2O(l) = D-fructose 6-phosphate(aq) + orthophosphate(aq)",76LAW/GUY,310.15,0.25,6.99,3.05,1.74E2,,pMg=3.05
3,1056,1,1,1,"D-fructose 1,6-bisphosphate(aq) + H2O(l) = D-fructose 6-phosphate(aq) + orthophosphate(aq)",79LAW/VEE,310.15,0.25,6.99,,2.27E2,,c(MnCl2) = 2.5E-5 M
3,1056,1,1,2,"D-fructose 1,6-bisphosphate(aq) + H2O(l) = D-fructose 6-phosphate(aq) + orthophosphate(aq)",79LAW/VEE,310.15,0.25,6.99,2.22,1.74E2,,c(MgCl2) = 0.00604 M
3,1056,1,2,1,"D-fructose 1,6-bisphosphate(aq) + H2O(l) = D-fructose 6-phosphate(aq) + orthophosphate(aq)",91LIU/FRO,288.15,,7.5,,4.70E1,,
3,1056,1,3,1,adenosine 3':5'-(cyclic)phosphate(aq) + H2O(l) = AMP(aq),69GRE/RUD,298.15,,7.3,,,-59,
3,1056,2,1,1,2'-deoxyadenosine 3':5'-(cyclic)phosphate(aq) + H2O(l) = 2'-deoxyadenosine 5'-monophosphate(aq),71RUD/JOH,298.15,,7.3,,,-54.4,
3,1056,2,2,1,guanosine 3':5'-(cyclic)phosphate(aq) + H2O(l) = GMP(aq),69GRE/RUD,298.15,,7.3,,,-43.8,
3,1056,2,3,1,inosine 3':5'-(cyclic)phosphate(aq) + H2O(l) = IMP(aq),71RUD/JOH,298.15,,7.3,,,-56.1,
3,1057,1,1,1,uridine 3':5'-(cyclic)phosphate(aq) + H2O(l) = UMP(aq),71RUD/JOH,298.15,,7.3,,,-50.2,
3,1057,1,2,1,adenosine 3':5'-(cyclic)phosphate(aq) + H2O(l) = AMP(aq),74CHE/PAT,298.15,,7.8,,,-61.1,
3,1057,1,3,1,adenosine 3':5'-(cyclic)phosphate(aq) + H2O(l) = AMP(aq),75GER/WES,298.15,,7.2,,,-50.6,
3,1057,1,3,2,adenosine 3':5'-(cyclic)phosphate(aq) + H2O(l) = AMP(aq),75GER/WES,310.15,,7.3,,,-55.4,
3,1057,2,1,1,adenosine 3':5'-(cyclic)phosphate(aq) + H2O(l) = adenosine 3'-monophosphate(aq),75GER/WES,298.15,,7.3,3,,-48.1,"c(MgCl2)=0.001M; [PDF says: EC identifier is 3.1.4.a, but this is equivalent and can be ignored]"
3,1057,2,1,2,adenosine 3':5'-(cyclic)phosphate(aq) + H2O(l) = adenosine 3'-monophosphate(aq),75GER/WES,310.15,,7.2,3,,-46.4,"c(MgCl2)=0.001M; [PDF says: EC identifier is 3.1.4.a, but this is equivalent and can be ignored]"
3,1057,2,2,1,diethyl phosphate(aq) + H2O(l) = monoethyl phosphate(aq) + ethanol(aq),73STU/GER,298.15,,7.3,,,-20.1,buffer=Pipes
3,1057,2,3,1,diethyl phosphate(aq) + H2O(l) = monoethyl phosphate(aq) + ethanol(aq),75GER/WES,298.15,,7.3,,,-10.5,
3,1058,1,1,1,ethylene phosphate(aq) + H2O(l) = 2-hydroxyethyl phosphate(aq),73STU/GER,298.15,,7.3,,,-39.5,buffer=Pipes
3,1058,1,1,2,ethylene phosphate(aq) + H2O(l) = 2-hydroxyethyl phosphate(aq),73STU/GER,298.15,,7.3,,,-69.5,buffer=Tris
3,1058,1,2,1,ethylene phosphate(aq) + H2O(l) = 2-hydroxyethyl phosphate(aq),75GER/WES,298.15,,7.3,,,-28.9,
3,1058,1,2,2,ethylene phosphate(aq) + H2O(l) = 2-hydroxyethyl phosphate(aq),75GER/WES,310.15,,7.2,,,-32.3,
3,1058,1,3,1,"methyl {\alpha}-D-glucopyranoside 4,6-(cyclic)phosphate(aq) + H2O(l) = methyl {\alpha}-D-glucopyranoside 6-phosphate(aq)",75GER/WES,298.15,,7.3,,,-28.7,
3,1058,1,4,1,"methyl {\beta}-D-ribofuranoside 3,5-(cyclic)phosphate(aq) + H2O(l) = methyl {\beta}-D-ribofuranoside 5-phosphate(aq)",75GER/WES,298.15,,7.3,,,-49.1,
3,1058,1,4,2,"methyl {\beta}-D-ribofuranoside 3,5-(cyclic)phosphate(aq) + H2O(l) = methyl {\beta}-D-ribofuranoside 5-phosphate(aq)",75GER/WES,310.15,,7.2,,,-50.3,
3,1058,2,1,1,tetramethylene phosphate(aq) + H2O(l) = 4-hydroxybutyl phosphate(aq),73STU/GER,298.15,,7.3,,,-19.6,buffer=Pipes
3,1058,2,2,1,tetramethylene phosphate(aq) + H2O(l) = 4-hydroxybutyl phosphate(aq),75GER/WES,298.15,,7.3,,,-11,
3,1058,2,3,1,trimethylene phosphate(aq) + H2O(l) = 3-hydroxypropyl phosphate(aq),73STU/GER,298.15,,7.3,,,24.8,buffer=Pipes
3,1058,2,3,2,trimethylene phosphate(aq) + H2O(l) = 3-hydroxypropyl phosphate(aq),73STU/GER,298.15,,7.3,,,-54.4,buffer=Tris
3,1059,1,1,1,trimethylene phosphate(aq) + H2O(l) = 3-hydroxypropyl phosphate(aq),75GER/WES,298.15,,7.3,,,-16,
3,1059,1,2,1,adenosine 2':3'-(cyclic)phosphate(aq) + H2O(l) = adenosine 3'-monophosphate(aq),71RUD/JOH,298.15,,6.5,,,-39.5,
3,1059,1,3,1,guanosine 2':3'-(cyclic)phosphate(aq) + H2O(l) = guanosine 3'-monophosphate(aq),71RUD/JOH,298.15,,6.5,,,-39.7,
3,1059,2,1,1,cytidine 2':3'-(cyclic)phosphate(aq) + H2O(l) = cytidine 3'-monophosphate(aq),65BAH/CAT,298.15,,5,,3.60E2,,
3,1059,2,1,2,cytidine 2':3'-(cyclic)phosphate(aq) + H2O(l) = cytidine 3'-monophosphate(aq),65BAH/CAT,298.15,,6,,1.06E3,,
3,1059,2,2,1,cytidine 2':3'-(cyclic)phosphate(aq) + H2O(l) = cytidine 3'-monophosphate(aq),65BAH/CAT,298.15,,8.4,,,-50.6,
3,1059,2,3,1,cytidine 2':3'-(cyclic)phosphate(aq) + H2O(l) = cytidine 3'-monophosphate(aq),71RUD/JOH,298.15,,7.3,,,-33.9,
3,1060,1,1,1,cytidine 2':3'-(cyclic)phosphate(aq) + H2O(l) = cytidine 3'-monophosphate(aq),76TRI/PAR,298.15,0.1,5,,,-33.9,"[pdf says: T=8.15K; assuming this to be a typo, do immediate correction to 308.15K]"
3,1060,1,2,1,uridine 2':3'-(cyclic)phosphate(aq) + H2O(l) = uridine 3'-monophosphate(aq),71RUD/JOH,298.15,,7.3,,,-32.4,
3,1060,1,3,1,adenylyl(3'->5')adenosine(aq) = adenosine 2':3'-(cyclic)phosphate(aq) + adenosine(aq),72KHA/ZHE,273.15,,7,,8.00E0,,
3,1060,2,1,1,adenylyl(3'->5')cytidine(aq) = adenosine 2':3'-(cyclic)phosphate(aq) + cytidine(aq),72KHA/ZHE,273.15,,7,,6.00E-1,,
3,1060,2,2,1,adenylyl(3'->5')uridine(aq) = adenosine 2':3'-(cyclic)phosphate(aq) + uridine(aq),72KHA/ZHE,273.15,,7,,4.00E0,,
3,1060,2,3,1,cytidylyl(3'->5')cytidine(aq) = cytidine 2':3'-(cyclic)phosphate(aq) + cytidine(aq),72KHA/ZHE,273.15,,5.2,,6.00E0,,buffer=acetate
3,1060,2,3,2,cytidylyl(3'->5')cytidine(aq) = cytidine 2':3'-(cyclic)phosphate(aq) + cytidine(aq),72KHA/ZHE,273.15,,7,,5.00E0,,buffer=imidazole
3,1060,2,3,3,cytidylyl(3'->5')cytidine(aq) = cytidine 2':3'-(cyclic)phosphate(aq) + cytidine(aq),72KHA/ZHE,273.15,,7,,5.00E0,,buffer=phosphate
3,1061,1,1,1,cytidylyl(3'->5')uridine(aq) = cytidine 2':3'-(cyclic)phosphate(aq) + uridine(aq),72KHA/ZHE,273.15,,7,,1.40E1,,
3,1061,1,2,1,guanylyl(3'->5')adenosine(aq) = guanosine 2':3'-(cyclic)phosphate(aq) + adenosine(aq),72KHA/ZHE,273.15,,7,,8.00E0,,
3,1061,1,3,1,guanylyl(3'->5')cytidine(aq) = guanosine 2':3'-(cyclic)phosphate(aq) + cytidine(aq),72KHA/ZHE,273.15,,4.65,,1.00E0,,
3,1061,1,3,2,guanylyl(3'->5')cytidine(aq) = guanosine 2':3'-(cyclic)phosphate(aq) + cytidine(aq),72KHA/ZHE,273.15,,5.2,,6.00E0,,
3,1061,1,4,1,guanylyl(3'->5')uridine(aq) = guanosine 2':3'-(cyclic)phosphate(aq) + uridine(aq),72KHA/ZHE,273.15,,7,,4.00E0,,
3,1061,2,1,1,uridylyl(3'->5')cytidine(aq) = uridine 2':3'-(cyclic)phosphate(aq) + cytidine(aq),72KHA/ZHE,273.15,,5.2,,6.00E0,,buffer=acetate
3,1061,2,1,2,uridylyl(3'->5')cytidine(aq) = uridine 2':3'-(cyclic)phosphate(aq) + cytidine(aq),72KHA/ZHE,273.15,,7,,4.00E0,,buffer=phosphate
3,1061,2,2,1,uridylyl(3'->5')uridine(aq) = uridine 2':3'-(cyclic)phosphate(aq) + uridine(aq),72KHA/ZHE,273.15,,7,,9.00E0,,
3,1061,2,3,1,cyclomaltoheptaose(aq) + 7H2O(l) = 7 D-glucose(aq),72TAK/ONO,298.15,,5,,,-48.7,"[same data was shown in part 2, page 562, col 2, table 3; the occurence there is considered the authoritative one]"
3,1062,1,1,1,cyclomaltohexaose(aq) + 6 H2O(l) = 6 D-glucose(aq),72TAK/ONO,298.15,,5,,,-53.5,"[same data was shown in part 2, page 562, col 2, table 4; the occurence there is considered the authoritative one]"
3,1062,1,2,1,cyclomaltooctaose(aq) + 8 H2O(l) = 8 D-glucose(aq),72TAK/ONO,298.15,,5,,,-53,"[same data was shown in part 2, page 563, col 1, table 1; the occurence there is considered the authoritative one]"
3,1062,1,3,1,maltotetraose(aq) + H2O(l) = 2 maltose(aq),78OKA/GEN,303.15,,,,3.35E2,,
3,1062,1,4,1,"{\alpha},{\alpha}-trehalose(aq) + H2O(l) = 2 D-glucose(aq)",91TEW/GOL,286.45,,5.65,,1.22E2,,
3,1062,1,4,2,"{\alpha},{\alpha}-trehalose(aq) + H2O(l) = 2 D-glucose(aq)",91TEW/GOL,292.25,,5.65,,1.23E2,,
3,1062,1,4,3,"{\alpha},{\alpha}-trehalose(aq) + H2O(l) = 2 D-glucose(aq)",91TEW/GOL,298.15,,5.65,,1.19E2,,
3,1062,1,4,4,"{\alpha},{\alpha}-trehalose(aq) + H2O(l) = 2 D-glucose(aq)",91TEW/GOL,304.55,,5.65,,1.18E2,,
3,1062,1,4,5,"{\alpha},{\alpha}-trehalose(aq) + H2O(l) = 2 D-glucose(aq)",91TEW/GOL,310.25,,5.65,,1.15E2,,
3,1062,2,1,1,"{\alpha},{\alpha}-trehalose(aq) + H2O(l) = 2 D-glucose(aq)",91TEW/GOL,298.15,,5.65,,,4.73,
3,1062,2,2,1,O-{\alpha}-D-glucopyranosyl-(1->4)n(aq) + (n-1) H2O(l)  = n D-glucose(aq),65TAK/HIR,298.15,,4.5,,,-4.31,
3,1062,2,3,1,O-{\alpha}-D-glucopyranosyl-(1->4)n(aq) + (n-1) H2O(l)  = n D-glucose(aq),91GOL/BEL,298.15,,5.31,,,3.53,
3,1062,2,4,1,isomaltose(aq) + H2O(l) = 2 D-glucose(aq),65TAK/YOS,298.15,,4.5,,,5.44,
3,1063,1,1,1,isomaltose(aq) + H2O(l) = 2 D-glucose(aq),80BEY/ROE,328,,,,3.40E1,,
3,1063,1,2,1,isomaltose(aq) + H2O(l) = 2 D-glucose(aq),84ADA/UED,313,,5,,1.80E1,,
3,1063,1,3,1,isomaltotriose(aq) + 2 H2O(l) = 3 D-glucose(aq),91GOL/BEL,298.15,,4.44,,,11.4,
3,1063,1,4,1,maltoheptaose(aq) + 6 H2O(l) = 7 D-glucose(aq),91GOL/BEL,298.15,,4.44,,,-26.81,
3,1063,1,4,2,maltoheptaose(aq) + 6 H2O(l) = 7 D-glucose(aq),91GOL/BEL,304.65,,4.44,,,-27.14,
3,1063,1,4,3,maltoheptaose(aq) + 6 H2O(l) = 7 D-glucose(aq),91GOL/BEL,311.15,,4.44,,,-26.38,
3,1063,2,1,1,maltohexaose(aq) + 5 H2O(l) = 6 D-glucose(aq),91GOL/BEL,298.15,,4.44,,,-22.4,
3,1063,2,1,2,maltohexaose(aq) + 5 H2O(l) = 6 D-glucose(aq),91GOL/BEL,304.65,,4.44,,,-22.63,
3,1063,2,1,3,maltohexaose(aq) + 5 H2O(l) = 6 D-glucose(aq),91GOL/BEL,311.15,,4.44,,,-22.16,
3,1063,2,2,1,maltopentaose(aq) + 4 H2O(l) = 5 D-glucose(aq),91GOL/BEL,298.15,,4.44,,,-18.12,
3,1063,2,3,1,maltose(aq) + H2O(l) = 2 D-glucose(aq),65ONO/HIR,298.15,,4.5,,,-4.59,
3,1063,2,3,2,maltose(aq) + H2O(l) = 2 D-glucose(aq),65ONO/HIR,308.15,,4.5,,,-4.75,
3,1063,2,4,1,maltose(aq) + H2O(l) = 2 D-glucose(aq),78OKA/GEN,303.15,,,,3.22E2,,
3,1064,1,1,1,maltose(aq) + H2O(l) = 2 D-glucose(aq),80BEY/ROE,328,,,,1.97E2,,
3,1064,1,2,1,maltose(aq) + H2O(l) = 2 D-glucose(aq),84ADA/UED,313,,5,,2.00E2,,
3,1064,1,3,1,maltose(aq) + H2O(l) = 2 D-glucose(aq),91GOL/BEL,298.15,,4.44,,,-4.55,
3,1064,1,4,1,maltotetraose(aq) + 3 H2O(l) = 4 D-glucose(aq),91GOL/BEL,298.15,,4.44,,,-13.79,
3,1064,2,1,1,maltotriose(aq) + 2 H2O(l) = 3 D-glucose(aq),65TAK/HIR,298.15,,4.5,,,-8.83,
3,1064,2,2,1,maltotriose(aq) + 2 H2O(l) = 3 D-glucose(aq),91GOL/BEL,298.15,,4.44,,,-9.03,
3,1064,2,3,1,panose(aq) + 2 H2O(l) = 3 D-glucose(aq),65TAK/YOS,298.15,,4.5,,,0.59,
3,1064,2,4,1,panose(aq) + 2 H2O(l) = 3 D-glucose(aq),91GOL/BEL,298.15,,6,,,1.46,
3,1065,1,1,1,phenyl {\alpha}-maltoside(aq) + H2O(l) = phenyl {\alpha}-D-glucopyranoside(aq) + D-glucose(aq),65ONO/HIR,298.15,,4.5,,,-4.47,
3,1065,1,1,2,phenyl {\alpha}-maltoside(aq) + H2O(l) = phenyl {\alpha}-D-glucopyranoside(aq) + D-glucose(aq),65ONO/HIR,308.15,,4.5,,,-4.74,
3,1065,1,2,1,isomaltose(aq) + H2O(l) = 2 D-glucose(aq),89TEW/GOL,286.35,,5.65,,1.58E1,,
3,1065,1,2,2,isomaltose(aq) + H2O(l) = 2 D-glucose(aq),89TEW/GOL,292.45,,5.65,,1.62E1,,
3,1065,1,2,3,isomaltose(aq) + H2O(l) = 2 D-glucose(aq),89TEW/GOL,298.15,,5.65,,1.72E1,,
3,1065,1,2,4,isomaltose(aq) + H2O(l) = 2 D-glucose(aq),89TEW/GOL,304.15,,5.65,,1.80E1,,
3,1065,1,2,5,isomaltose(aq) + H2O(l) = 2 D-glucose(aq),89TEW/GOL,310.25,,5.65,,1.94E1,,
3,1065,1,2,6,isomaltose(aq) + H2O(l) = 2 D-glucose(aq),89TEW/GOL,316.35,,5.65,,1.97E1,,
3,1065,1,3,1,isomaltose(aq) + H2O(l) = 2 D-glucose(aq),89TEW/GOL,298.15,,5.65,,,5.93,
3,1065,1,3,2,isomaltose(aq) + H2O(l) = 2 D-glucose(aq),89TEW/GOL,304.55,,5.65,,,5.67,
3,1065,1,3,3,isomaltose(aq) + H2O(l) = 2 D-glucose(aq),89TEW/GOL,310.15,,5.65,,,6.35,
3,1065,1,3,4,isomaltose(aq) + H2O(l) = 2 D-glucose(aq),89TEW/GOL,316.15,,5.65,,,5.98,
3,1065,1,4,1,palatinose(aq) + H2O(l) = D-glucose(aq) + D-fructose(aq),91TEW/GOL,298.15,,4.44,,,-4.44,
3,1065,2,1,1,maltose(aq) + H2O(l) = 2 D-glucose(aq),89TEW/GOL,298.15,,5.65,,,-4.02,
3,1065,2,1,2,maltose(aq) + H2O(l) = 2 D-glucose(aq),89TEW/GOL,304.55,,5.65,,,-3.74,
3,1065,2,2,1,D-turanose(aq) + H2O(l) = D-glucose(aq) + D-fructose(aq),91TEW/GOL,298.15,,5.65,,,-2.68,
3,1065,2,3,1,1-butyl {\beta}-D-glucopyranoside(aq) + H2O(l) = 1-butanol(aq) + D-glucose(aq),36VEI,277.15,,,,8.63E0,,
3,1065,2,3,2,1-butyl {\beta}-D-glucopyranoside(aq) + H2O(l) = 1-butanol(aq) + D-glucose(aq),36VEI,303.15,,,,9.48E0,,
3,1065,2,4,1,2-butyl {\beta}-D-glucopyranoside(aq) + H2O(l) = ({\pm})-2-butanol(aq) + D-glucose(aq),36VEI,277.15,,,,1.85E1,,
3,1065,2,4,2,2-butyl {\beta}-D-glucopyranoside(aq) + H2O(l) = ({\pm})-2-butanol(aq) + D-glucose(aq),36VEI,303.15,,,,2.11E1,,
3,1066,1,1,1,cellobiose(aq) + H2O(l) = 2 D-glucose(aq),89TEW/GOL,298.15,,5.65,,,-2.37,
3,1066,1,1,2,cellobiose(aq) + H2O(l) = 2 D-glucose(aq),89TEW/GOL,304.55,,5.65,,,-2.56,
3,1066,1,1,3,cellobiose(aq) + H2O(l) = 2 D-glucose(aq),89TEW/GOL,310.15,,5.65,,,-2.34,
3,1066,1,2,1,ethyl {\beta}-D-glucopyranoside(aq) + H2O(l) = ethanol(aq) + D-glucose(aq),36VEI,277.15,,,,7.08E0,,
3,1066,1,2,2,ethyl {\beta}-D-glucopyranoside(aq) + H2O(l) = ethanol(aq) + D-glucose(aq),36VEI,303.15,,,,7.88E0,,
3,1066,1,3,1,{\beta}-gentiobiose(aq) + H2O(l) = 2 D-glucose(aq),89TEW/GOL,285.75,,5.65,,1.72E1,,
3,1066,1,3,2,{\beta}-gentiobiose(aq) + H2O(l) = 2 D-glucose(aq),89TEW/GOL,292.25,,5.65,,1.75E1,,
3,1066,1,3,3,{\beta}-gentiobiose(aq) + H2O(l) = 2 D-glucose(aq),89TEW/GOL,298.15,,5.65,,1.77E1,,
3,1066,1,3,4,{\beta}-gentiobiose(aq) + H2O(l) = 2 D-glucose(aq),89TEW/GOL,304.15,,5.65,,1.79E1,,
3,1066,1,3,5,{\beta}-gentiobiose(aq) + H2O(l) = 2 D-glucose(aq),89TEW/GOL,310.35,,5.65,,1.85E1,,
3,1066,1,3,6,{\beta}-gentiobiose(aq) + H2O(l) = 2 D-glucose(aq),89TEW/GOL,316.15,,5.65,,1.95E1,,
3,1066,1,4,1,{\beta}-gentiobiose(aq) + H2O(l) = 2 D-glucose(aq),89TEW/GOL,298.15,,5.65,,,2.36,
3,1066,1,4,2,{\beta}-gentiobiose(aq) + H2O(l) = 2 D-glucose(aq),89TEW/GOL,304.55,,5.65,,,1.91,
3,1066,1,4,3,{\beta}-gentiobiose(aq) + H2O(l) = 2 D-glucose(aq),89TEW/GOL,310.15,,5.65,,,2.11,
3,1066,2,1,1,{\alpha}-D-melibiose(aq) + H2O(l) = D-galactose(aq) + D-glucose(aq),91TEW/GOL,298.15,,5.65,,,-0.88,
3,1066,2,2,1,{\alpha}-D-melibiose(aq) + H2O(l) = D-galactose(aq) + D-glucose(aq),91TEW/GOL,298.15,,5.65,,1.23E2,,
3,1066,2,3,1,methyl {\beta}-D-glucopyranoside(aq) + H2O(l) = methanol(aq) + D-glucose(aq),36VEI,277.15,,,,4.50E0,,
3,1066,2,3,2,methyl {\beta}-D-glucopyranoside(aq) + H2O(l) = methanol(aq) + D-glucose(aq),36VEI,303.15,,,,4.73E0,,
3,1066,2,4,1,2-methyl-1-propyl {\beta}-D-glucopyranoside(aq) + H2O(l) = 2-methyl-1-propanol(aq) + D-glucose(aq),36VEI,277.15,,,,1.12E1,,
3,1066,2,4,2,2-methyl-1-propyl {\beta}-D-glucopyranoside(aq) + H2O(l) = 2-methyl-1-propanol(aq) + D-glucose(aq),36VEI,303.15,,,,1.19E1,,
3,1067,1,1,1,2-methyl-2-propyl {\beta}-D-glucopyranoside(aq) + H2O(l) = 2-methyl-2-propanol(aq) + D-glucose(aq),36VEI,277.15,,,,4.50E1,,
3,1067,1,1,2,2-methyl-2-propyl {\beta}-D-glucopyranoside(aq) + H2O(l) = 2-methyl-2-propanol(aq) + D-glucose(aq),36VEI,303.15,,,,5.70E1,,
3,1067,1,2,1,1-propyl {\beta}-D-glucopyranoside(aq) + H2O(l) = 1-propanol(aq) + D-glucose(aq),36VEI,277.15,,,,8.92E0,,
3,1067,1,2,2,1-propyl {\beta}-D-glucopyranoside(aq) + H2O(l) = 1-propanol(aq) + D-glucose(aq),36VEI,303.15,,,,9.98E0,,
3,1067,1,3,1,2-propyl {\beta}-D-glucopyranoside(aq) + H2O(l) = 2-propanol(aq) + D-glucose(aq),36VEI,277.15,,,,1.90E1,,
3,1067,1,3,2,2-propyl {\beta}-D-glucopyranoside(aq) + H2O(l) = 2-propanol(aq) + D-glucose(aq),36VEI,303.15,,,,2.27E1,,
3,1067,1,4,1,3-O-{\beta}-D-galactopyranosyl-D-arabinose(aq) + H2O(l) = D-galactose(aq) + D-arabinose(aq),91TEW/GOL,286.15,,5.65,,1.08E2,,
3,1067,1,4,2,3-O-{\beta}-D-galactopyranosyl-D-arabinose(aq) + H2O(l) = D-galactose(aq) + D-arabinose(aq),91TEW/GOL,292.15,,5.65,,1.08E2,,
3,1067,1,4,3,3-O-{\beta}-D-galactopyranosyl-D-arabinose(aq) + H2O(l) = D-galactose(aq) + D-arabinose(aq),91TEW/GOL,298.15,,5.65,,1.04E2,,
3,1067,2,1,1,3-O-{\beta}-D-galactopyranosyl-D-arabinose(aq) + H2O(l) = D-galactose(aq) + D-arabinose(aq),91TEW/GOL,298.15,,4.44,,,2.97,
3,1067,2,2,1,lactose(aq) + H2O(l) = D-galactose(aq) + D-glucose(aq),86HUB/HUR,298.15,,7,,8.60E1,,
3,1067,2,3,1,lactose(aq) + H2O(l) = D-galactose(aq) + D-glucose(aq),89GOL/TEW,286.15,,5.65,,3.52E1,,
3,1067,2,3,2,lactose(aq) + H2O(l) = D-galactose(aq) + D-glucose(aq),89GOL/TEW,292.15,,5.65,,3.22E1,,
3,1067,2,3,3,lactose(aq) + H2O(l) = D-galactose(aq) + D-glucose(aq),89GOL/TEW,298.15,,5.65,,3.40E1,,
3,1067,2,3,4,lactose(aq) + H2O(l) = D-galactose(aq) + D-glucose(aq),89GOL/TEW,304.15,,5.65,,3.24E1,,
3,1067,2,3,5,lactose(aq) + H2O(l) = D-galactose(aq) + D-glucose(aq),89GOL/TEW,310.15,,5.65,,3.48E1,,
3,1068,1,1,1,lactose(aq) + H2O(l) = D-galactose(aq) + D-glucose(aq),89GOL/TEW,298.15,,5.65,,,4.66E-01,
3,1068,1,1,2,lactose(aq) + H2O(l) = D-galactose(aq) + D-glucose(aq),89GOL/TEW,304.65,,5.65,,,4.69E-01,
3,1068,1,1,3,lactose(aq) + H2O(l) = D-galactose(aq) + D-glucose(aq),89GOL/TEW,310.15,,5.65,,,5.40E-01,
3,1068,1,1,4,lactose(aq) + H2O(l) = D-galactose(aq) + D-glucose(aq),89GOL/TEW,316.15,,5.65,,,6.12E-01,
3,1068,1,2,1,lactulose(aq) + H2O(l) = D-galactose(aq) + D-fructose(aq),91TEW/GOL,298.15,,5.65,,1.28E2,,
3,1068,1,3,1,lactulose(aq) + H2O(l) = D-galactose(aq) + D-fructose(aq),91TEW/GOL,298.15,,5.65,,,2.21E+00,
3,1068,1,4,1,disaccharide(aq) + H2O(l) = 2 D-mannose(aq),89JOH/HED,328.15,,5.5,,6.00E0,,
3,1068,2,1,1,tetrasaccharide(aq) + H2O(l) = trisaccharide(aq) + D-mannose(aq),89JOH/HED,328.15,,5.5,,6.00E0,,
3,1068,2,2,1,trisaccharide(aq) + H2O(l) = disaccharide(aq) + D-mannose(aq),89JOH/HED,328.15,,5.5,,6.00E0,,
3,1068,2,3,1,raffinose(aq) + H2O(l) ={\alpha}-D-melibiose(aq) + D-fructose(aq),91GOL/BEL,298.15,,6,,,-1.53E+01,
3,1069,1,1,1,stachyose(aq) + H2O(l) = D-fructose(aq) + O-{\alpha}-D-galactopyranosyl-(1->6)-O-{\alpha}-D-galactopyranosyl-(1->6)-{\alpha}-D-glucopyranose(aq),91GOL/BEL,298.15,,6,,,-1.49E+01,
3,1069,1,2,1,sucrose(aq) + H2O(l) = D-glucose(aq) + D-fructose(aq),52BAU/GEM,303.15,,4.5,,,-1.39E+01,
3,1069,1,3,1,sucrose(aq) + H2O(l) = D-glucose(aq) + D-fructose(aq),89GOL/TEW2,298.15,,5.65,,,1.50E+01,
3,1069,1,3,2,sucrose(aq) + H2O(l) = D-glucose(aq) + D-fructose(aq),89GOL/TEW2,304.15,,5.65,,,1.45E+01,
3,1069,1,3,3,sucrose(aq) + H2O(l) = D-glucose(aq) + D-fructose(aq),89GOL/TEW2,310.15,,5.65,,,1.42E+01,
3,1069,1,3,4,sucrose(aq) + H2O(l) = D-glucose(aq) + D-fructose(aq),89GOL/TEW2,316.15,,5.65,,,1.39E+01,
3,1069,2,1,1,maltosyl-{\beta}-cyclomaltoheptaose(aq) + H2O(l) = cyclomaltoheptaose(aq) + maltose(aq),92LEE/HAN,285.7,,,,3.00E3,,
3,1069,2,1,2,maltosyl-{\beta}-cyclomaltoheptaose(aq) + H2O(l) = cyclomaltoheptaose(aq) + maltose(aq),92LEE/HAN,294.1,,,,1.60E3,,
3,1069,2,1,3,maltosyl-{\beta}-cyclomaltoheptaose(aq) + H2O(l) = cyclomaltoheptaose(aq) + maltose(aq),92LEE/HAN,303,,,,8.10E2,,
3,1069,2,1,4,maltosyl-{\beta}-cyclomaltoheptaose(aq) + H2O(l) = cyclomaltoheptaose(aq) + maltose(aq),92LEE/HAN,312.5,,,,4.00E2,,
3,1069,2,1,5,maltosyl-{\beta}-cyclomaltoheptaose(aq) + H2O(l) = cyclomaltoheptaose(aq) + maltose(aq),92LEE/HAN,322.6,,,,2.90E2,,
3,1069,2,1,6,maltosyl-{\beta}-cyclomaltoheptaose(aq) + H2O(l) = cyclomaltoheptaose(aq) + maltose(aq),92LEE/HAN,333.3,,,,2.00E+02,,
3,1069,2,1,7,maltosyl-{\beta}-cyclomaltoheptaose(aq) + H2O(l) = cyclomaltoheptaose(aq) + maltose(aq),92LEE/HAN,285.7,,,,8.60E2,,"cosolvent=poly(ethylene glycol) 6000, 10% (w/w)"
3,1069,2,1,8,maltosyl-{\beta}-cyclomaltoheptaose(aq) + H2O(l) = cyclomaltoheptaose(aq) + maltose(aq),92LEE/HAN,294.1,,,,5.10E2,,"cosolvent=poly(ethylene glycol) 6000, 10% (w/w)"
3,1069,2,1,9,maltosyl-{\beta}-cyclomaltoheptaose(aq) + H2O(l) = cyclomaltoheptaose(aq) + maltose(aq),92LEE/HAN,303,,,,3.50E2,,"cosolvent=poly(ethylene glycol) 6000, 10% (w/w)"
3,1069,2,1,10,maltosyl-{\beta}-cyclomaltoheptaose(aq) + H2O(l) = cyclomaltoheptaose(aq) + maltose(aq),92LEE/HAN,312.5,,,,2.20E2,,"cosolvent=poly(ethylene glycol) 6000, 10% (w/w)"
3,1069,2,1,11,maltosyl-{\beta}-cyclomaltoheptaose(aq) + H2O(l) = cyclomaltoheptaose(aq) + maltose(aq),92LEE/HAN,322.6,,,,1.50E2,,"cosolvent=poly(ethylene glycol) 6000, 10% (w/w)"
3,1069,2,1,12,maltosyl-{\beta}-cyclomaltoheptaose(aq) + H2O(l) = cyclomaltoheptaose(aq) + maltose(aq),92LEE/HAN,333.3,,,,1.10E2,,"cosolvent=poly(ethylene glycol) 6000, 10% (w/w)"
3,1069,2,2,1,AMP(aq) + H2O(l) = adenine(aq) + D-ribose 5-phosphate(aq),86DEW/EMI,303.15,,8,,1.70E2,,
3,1070,1,1,1,NAD(aq) + H2O(l) = nicotinamide(aq) + ADPribose(aq),89BER/MUD,298.15,,7.4,,,25.8,
3,1070,1,2,1,NAD(aq) + 3-acetylpyridine(aq) = 3-acetylpyridine adenine dinucleotide(aq) + nicotinamide(aq),89IMA,312.15,,6,,1.15E0,,
3,1070,1,3,1,{\beta}-nicotinamide mononucleotide(aq) + 3-acetylpyridine(aq) = 3-acetylpyridine mononucleotide(aq) + nicotinamide(aq),89IMA,312.15,,6,,6.10E-1,,
3,1070,1,4,1,adenosine(aq) + H2O(l) = adenine(aq) + D-ribose(aq),80CAM/SGA,298.15,,7,,5.30E1,,
3,1070,2,1,1,S-adenosyl-L-homocysteine(aq) + H2O(l) = adenosine(aq) + L-homocysteine(aq),59HAB/CAN,310.15,,6.3,,1.40E-6,,
3,1070,2,2,1,"4',5'-anhydroadenosine(aq) + H2O(l) = adenosine(aq)",85HER/AIY,310.15,,7,,4.80E-1,,
3,1070,2,3,1,L-tyrosylglycinamide(aq) + H2O(l) = L-tyrosine(aq) + glycinamide(aq),61RAW/WAD,298.15,,8,,,-5.40E0,
3,1070,2,3,2,L-tyrosylglycinamide(aq) + H2O(l) = L-tyrosine(aq) + glycinamide(aq),61RAW/WAD,298.15,,8.2,,,-5.30E0,
3,1070,2,3,3,L-tyrosylglycinamide(aq) + H2O(l) = L-tyrosine(aq) + glycinamide(aq),61RAW/WAD,298.15,,8.6,,,-5.50E0,
3,1071,1,1,1,glycyl-L-phenylalaninamide(aq) + H2O(l) = glycyl-L-phenylalanine(aq) + ammonia(aq),53STU,298.15,,4.69,,,-24.6,
3,1071,1,1,2,glycyl-L-phenylalaninamide(aq) + H2O(l) = glycyl-L-phenylalanine(aq) + ammonia(aq),53STU,298.15,,4.85,,,-26.3,
3,1071,1,1,3,glycyl-L-phenylalaninamide(aq) + H2O(l) = glycyl-L-phenylalanine(aq) + ammonia(aq),53STU,298.15,,5.09,,,-26.4,
3,1071,1,1,4,glycyl-L-phenylalaninamide(aq) + H2O(l) = glycyl-L-phenylalanine(aq) + ammonia(aq),53STU,298.15,,5.11,,,-27.4,
3,1071,1,1,5,glycyl-L-phenylalaninamide(aq) + H2O(l) = glycyl-L-phenylalanine(aq) + ammonia(aq),53STU,298.15,,5.65,,,-25.6,
3,1071,1,2,1,benzyloxycarbonylglycyl-L-leucine(aq) + H2O(l) = benzyloxycarbonylglycine(aq) + L-leucine(aq),53STU,298.15,,6.46,,,-8.7,
3,1071,1,2,2,benzyloxycarbonylglycyl-L-leucine(aq) + H2O(l) = benzyloxycarbonylglycine(aq) + L-leucine(aq),53STU,298.15,,6.77,,,-8.7,
3,1071,1,2,3,benzyloxycarbonylglycyl-L-leucine(aq) + H2O(l) = benzyloxycarbonylglycine(aq) + L-leucine(aq),53STU,298.15,,6.81,,,-8.6,
3,1071,1,2,4,benzyloxycarbonylglycyl-L-leucine(aq) + H2O(l) = benzyloxycarbonylglycine(aq) + L-leucine(aq),53STU,298.15,,7.24,,,-9.2,
3,1071,1,2,5,benzyloxycarbonylglycyl-L-leucine(aq) + H2O(l) = benzyloxycarbonylglycine(aq) + L-leucine(aq),53STU,298.15,,7.44,,,-9.1,
3,1071,1,2,6,benzyloxycarbonylglycyl-L-leucine(aq) + H2O(l) = benzyloxycarbonylglycine(aq) + L-leucine(aq),53STU,298.15,,7.45,,,-8.9,
3,1071,1,3,1,benzyloxycarbonylglycyl-L-phenylalanine(aq) + H2O(l) = benzyloxycarbonylglycine(aq) + L-phenylalanine(aq),52DOB/STU,298.15,,6.67,,,-10.84,
3,1071,1,3,2,benzyloxycarbonylglycyl-L-phenylalanine(aq) + H2O(l) = benzyloxycarbonylglycine(aq) + L-phenylalanine(aq),52DOB/STU,298.15,,6.71,,,-10.21,
3,1071,1,3,3,benzyloxycarbonylglycyl-L-phenylalanine(aq) + H2O(l) = benzyloxycarbonylglycine(aq) + L-phenylalanine(aq),52DOB/STU,298.15,,7,,,-10.84,
3,1071,1,3,4,benzyloxycarbonylglycyl-L-phenylalanine(aq) + H2O(l) = benzyloxycarbonylglycine(aq) + L-phenylalanine(aq),52DOB/STU,298.15,,7.03,,,-10.38,
3,1071,1,3,5,benzyloxycarbonylglycyl-L-phenylalanine(aq) + H2O(l) = benzyloxycarbonylglycine(aq) + L-phenylalanine(aq),52DOB/STU,298.15,,7.28,,,-9.5,
3,1071,1,3,6,benzyloxycarbonylglycyl-L-phenylalanine(aq) + H2O(l) = benzyloxycarbonylglycine(aq) + L-phenylalanine(aq),52DOB/STU,298.15,,7.29,,,-9.58,
3,1071,1,3,7,benzyloxycarbonylglycyl-L-phenylalanine(aq) + H2O(l) = benzyloxycarbonylglycine(aq) + L-phenylalanine(aq),52DOB/STU,298.15,,7.31,,,-10.21,
3,1071,1,3,8,benzyloxycarbonylglycyl-L-phenylalanine(aq) + H2O(l) = benzyloxycarbonylglycine(aq) + L-phenylalanine(aq),52DOB/STU,298.15,,7.85,,,-8.7,
3,1071,2,1,1,N-benzoyl-L-tyrosine(aq) + H2O(l) = benzoic acid(aq) + L-tyrosine(aq),61RAW/WAD,298.15,,7.05,,,-8.85,
3,1071,2,1,2,N-benzoyl-L-tyrosine(aq) + H2O(l) = benzoic acid(aq) + L-tyrosine(aq),61RAW/WAD,298.15,,7.15,,,-7.95,
3,1071,2,1,3,N-benzoyl-L-tyrosine(aq) + H2O(l) = benzoic acid(aq) + L-tyrosine(aq),61RAW/WAD,298.15,,7.5,,,-8.12,
3,1071,2,1,4,N-benzoyl-L-tyrosine(aq) + H2O(l) = benzoic acid(aq) + L-tyrosine(aq),61RAW/WAD,298.15,,7.95,,,-9.04,
3,1071,2,1,5,N-benzoyl-L-tyrosine(aq) + H2O(l) = benzoic acid(aq) + L-tyrosine(aq),61RAW/WAD,298.15,,8.05,,,-9.08,
3,1071,2,2,1,N-benzoyl-L-tyrosylglycine(aq) + H2O(l) = N-benzoyl-L-tyrosine(aq) + glycine(aq),61RAW/WAD,298.15,,7,,,-5,
3,1071,2,2,2,N-benzoyl-L-tyrosylglycine(aq) + H2O(l) = N-benzoyl-L-tyrosine(aq) + glycine(aq),61RAW/WAD,298.15,,7.5,,,-5.9,
3,1071,2,2,3,N-benzoyl-L-tyrosylglycine(aq) + H2O(l) = N-benzoyl-L-tyrosine(aq) + glycine(aq),61RAW/WAD,298.15,,8,,,-6.2,
3,1071,2,3,1,pteroylglutamate(aq) + H2O(l) = pteroate(aq) + L-glutamate(aq),71MCC/CHA,310.15,,7.3,,1.56E1,,
3,1071,2,4,1,N-acetyl-L-phenylalanine methyl ester(aq) + H2O(l) = N-acetyl-L-phenylalanine(aq) + methanol(aq),77ANT/GIN,293.15,,5.5,,5.88E2,,
3,1072,1,1,1,N-acetyl-L-phenylalanine methyl ester(aq) + H2O(l) = N-acetyl-L-phenylalanine(aq) + methanol(aq),84REK/RUM,298.15,,7,,,-4.81,
3,1072,1,2,1,N-acetyl-L-phenylalanylglycinamide(aq) + H2O(l) = N-acetyl-L-phenylalanine(aq) + glycinamide(aq),77ANT/GIN,293.15,,5.5,,2.00E0,,
3,1072,1,2,2,N-acetyl-L-phenylalanylglycinamide(aq) + H2O(l) = N-acetyl-L-phenylalanine(aq) + glycinamide(aq),77ANT/GIN,293.15,,7.3,,2.50E0,,
3,1072,1,2,3,N-acetyl-L-phenylalanylglycinamide(aq) + H2O(l) = N-acetyl-L-phenylalanine(aq) + glycinamide(aq),77ANT/GIN,293.15,,8.2,,5.90E0,,
3,1072,1,3,1,N-acetyl-L-tyrosine ethyl ester(aq) + H2O(l) = N-acetyl-L-tyrosine(aq) + ethanol(aq),77GRI/LOC,298.15,,7.8,,,-48.4,
3,1072,2,1,1,N-benzoyl-L-tyrosinamide(aq) + H2O(l) = N-benzoyl-L-tyrosine(aq) + ammonia(aq),52DOB/STU,298.15,,6.06,,,-23.6,
3,1072,2,1,2,N-benzoyl-L-tyrosinamide(aq) + H2O(l) = N-benzoyl-L-tyrosine(aq) + ammonia(aq),52DOB/STU,298.15,,6.27,,,-25.02,
3,1072,2,1,3,N-benzoyl-L-tyrosinamide(aq) + H2O(l) = N-benzoyl-L-tyrosine(aq) + ammonia(aq),52DOB/STU,298.15,,6.49,,,-23.64,
3,1072,2,1,4,N-benzoyl-L-tyrosinamide(aq) + H2O(l) = N-benzoyl-L-tyrosine(aq) + ammonia(aq),52DOB/STU,298.15,,6.51,,,-22.8,
3,1072,2,1,5,N-benzoyl-L-tyrosinamide(aq) + H2O(l) = N-benzoyl-L-tyrosine(aq) + ammonia(aq),52DOB/STU,298.15,,6.76,,,-29.25,
3,1072,2,1,6,N-benzoyl-L-tyrosinamide(aq) + H2O(l) = N-benzoyl-L-tyrosine(aq) + ammonia(aq),52DOB/STU,298.15,,6.83,,,-19.12,
3,1072,2,1,7,N-benzoyl-L-tyrosinamide(aq) + H2O(l) = N-benzoyl-L-tyrosine(aq) + ammonia(aq),52DOB/STU,298.15,,6.99,,,-25.96,
3,1072,2,1,8,N-benzoyl-L-tyrosinamide(aq) + H2O(l) = N-benzoyl-L-tyrosine(aq) + ammonia(aq),52DOB/STU,298.15,,7.08,,,-2.10E+01,
3,1072,2,1,9,N-benzoyl-L-tyrosinamide(aq) + H2O(l) = N-benzoyl-L-tyrosine(aq) + ammonia(aq),52DOB/STU,298.15,,7.09,,,-24.06,
3,1072,2,1,10,N-benzoyl-L-tyrosinamide(aq) + H2O(l) = N-benzoyl-L-tyrosine(aq) + ammonia(aq),52DOB/STU,298.15,,7.11,,,-22.84,
3,1072,2,1,11,N-benzoyl-L-tyrosinamide(aq) + H2O(l) = N-benzoyl-L-tyrosine(aq) + ammonia(aq),52DOB/STU,298.15,,7.14,,,-23.64,
3,1072,2,1,12,N-benzoyl-L-tyrosinamide(aq) + H2O(l) = N-benzoyl-L-tyrosine(aq) + ammonia(aq),52DOB/STU,298.15,,7.21,,,-24.77,
3,1072,2,1,13,N-benzoyl-L-tyrosinamide(aq) + H2O(l) = N-benzoyl-L-tyrosine(aq) + ammonia(aq),52DOB/STU,298.15,,7.27,,,-24.89,
3,1072,2,1,14,N-benzoyl-L-tyrosinamide(aq) + H2O(l) = N-benzoyl-L-tyrosine(aq) + ammonia(aq),52DOB/STU,298.15,,7.28,,,-24.89,
3,1072,2,2,1,N-acetyl-L-tyrosine hydroxamic acid(aq) + H2O(l) = N-acetyl-L-tyrosine(aq) + hydroxylamine(aq),63JEN/CAP,298.15,,6.14,,4.90E0,,
3,1072,2,2,2,N-acetyl-L-tyrosine hydroxamic acid(aq) + H2O(l) = N-acetyl-L-tyrosine(aq) + hydroxylamine(aq),63JEN/CAP,298.15,,6.21,,5.85E0,,
3,1072,2,2,3,N-acetyl-L-tyrosine hydroxamic acid(aq) + H2O(l) = N-acetyl-L-tyrosine(aq) + hydroxylamine(aq),63JEN/CAP,298.15,,6.22,,5.65E0,,
3,1072,2,2,4,N-acetyl-L-tyrosine hydroxamic acid(aq) + H2O(l) = N-acetyl-L-tyrosine(aq) + hydroxylamine(aq),63JEN/CAP,298.15,,6.59,,1.04E1,,
3,1072,2,2,5,N-acetyl-L-tyrosine hydroxamic acid(aq) + H2O(l) = N-acetyl-L-tyrosine(aq) + hydroxylamine(aq),63JEN/CAP,298.15,,6.67,,1.30E1,,
3,1072,2,2,6,N-acetyl-L-tyrosine hydroxamic acid(aq) + H2O(l) = N-acetyl-L-tyrosine(aq) + hydroxylamine(aq),63JEN/CAP,298.15,,6.67,,1.15E1,,
3,1073,1,1,1,N-benzoyl-L-tyrosylglycinamide(aq) + H2O(l) = N-benzoyl-L-tyrosine(aq) + glycinamide(aq),51FRU/JOH,298.15,,8,,5.00E0,,
3,1073,1,2,1,N-benzoyl-L-tyrosylglycinamide(aq) + H2O(l) = N-benzoyl-L-tyrosylglycine(aq) + ammonia(aq),52DOB/FRU,298.15,,7.9,,3.90E0,,
3,1073,1,3,1,N-benzoyl-L-tyrosylglycinamide(aq) + H2O(l) = N-benzoyl-L-tyrosylglycine(aq) + ammonia(aq),52DOB/FRU,298.15,,6.3,,,-5.19,
3,1073,1,3,2,N-benzoyl-L-tyrosylglycinamide(aq) + H2O(l) = N-benzoyl-L-tyrosylglycine(aq) + ammonia(aq),52DOB/FRU,298.15,,6.4,,,-5.73,
3,1073,1,3,3,N-benzoyl-L-tyrosylglycinamide(aq) + H2O(l) = N-benzoyl-L-tyrosylglycine(aq) + ammonia(aq),52DOB/FRU,298.15,,6.41,,,-5.67,
3,1073,1,3,4,N-benzoyl-L-tyrosylglycinamide(aq) + H2O(l) = N-benzoyl-L-tyrosylglycine(aq) + ammonia(aq),52DOB/FRU,298.15,,6.61,,,-5.16,
3,1073,1,3,5,N-benzoyl-L-tyrosylglycinamide(aq) + H2O(l) = N-benzoyl-L-tyrosylglycine(aq) + ammonia(aq),52DOB/FRU,298.15,,6.73,,,-4,
3,1073,1,3,6,N-benzoyl-L-tyrosylglycinamide(aq) + H2O(l) = N-benzoyl-L-tyrosylglycine(aq) + ammonia(aq),52DOB/FRU,298.15,,6.86,,,-3.54,
3,1073,1,3,7,N-benzoyl-L-tyrosylglycinamide(aq) + H2O(l) = N-benzoyl-L-tyrosylglycine(aq) + ammonia(aq),52DOB/FRU,298.15,,6.87,,,-3.54,
3,1073,2,1,1,N-benzoyl-L-tyrosylglycinanilide(aq) + H2O(l) = N-benzoyl-L-tyrosine(aq) + glycylanalide(aq),61GAW/GLA,296.15,,6.5,,1.00E1,,
3,1073,2,2,1,3-(2-furyl)acryloylimidazole(aq) + H2O(l) = furylacrylic acid(aq) + imidazole(aq),80SLI/BOL,298.15,,7.85,,,-47.2,
3,1073,2,3,1,N{\alpha}-benzoyl-L-argininamide(aq) + H2O(l) = N{\alpha}-benzoyl-L-arginine(aq) + ammonia(aq),56FOR/GUT,298.15,0.00057,6.5,,,-24.8,buffer/salt=phosphate
3,1073,2,3,2,N{\alpha}-benzoyl-L-argininamide(aq) + H2O(l) = N{\alpha}-benzoyl-L-arginine(aq) + ammonia(aq),56FOR/GUT,298.15,0.00065,6.6,,,-25.1,
3,1073,2,3,3,N{\alpha}-benzoyl-L-argininamide(aq) + H2O(l) = N{\alpha}-benzoyl-L-arginine(aq) + ammonia(aq),56FOR/GUT,298.15,0.00081,6.82,,,-26,buffer/salt=NH4Cl
3,1073,2,3,4,N{\alpha}-benzoyl-L-argininamide(aq) + H2O(l) = N{\alpha}-benzoyl-L-arginine(aq) + ammonia(aq),56FOR/GUT,298.15,0.00247,6.62,,,-26.7,buffer/salt=phosphate
3,1073,2,3,5,N{\alpha}-benzoyl-L-argininamide(aq) + H2O(l) = N{\alpha}-benzoyl-L-arginine(aq) + ammonia(aq),56FOR/GUT,298.15,0.00271,6.78,,,-25.5,buffer/salt=NH4Cl
3,1073,2,3,6,N{\alpha}-benzoyl-L-argininamide(aq) + H2O(l) = N{\alpha}-benzoyl-L-arginine(aq) + ammonia(aq),56FOR/GUT,298.15,0.00282,7.01,,,-28.1,buffer/salt=NH4Cl
3,1073,2,3,7,N{\alpha}-benzoyl-L-argininamide(aq) + H2O(l) = N{\alpha}-benzoyl-L-arginine(aq) + ammonia(aq),56FOR/GUT,298.15,0.00401,7.13,,,-24.1,buffer/salt=phosphate
3,1073,2,3,8,N{\alpha}-benzoyl-L-argininamide(aq) + H2O(l) = N{\alpha}-benzoyl-L-arginine(aq) + ammonia(aq),56FOR/GUT,298.15,0.01041,7.15,,,-26.7,buffer/salt=NH4Cl
3,1073,2,3,9,N{\alpha}-benzoyl-L-argininamide(aq) + H2O(l) = N{\alpha}-benzoyl-L-arginine(aq) + ammonia(aq),56FOR/GUT,298.15,0.0106,6.81,,,-26.7,buffer/salt=NaCl
3,1073,2,3,10,N{\alpha}-benzoyl-L-argininamide(aq) + H2O(l) = N{\alpha}-benzoyl-L-arginine(aq) + ammonia(aq),56FOR/GUT,298.15,0.0106,6.82,,,-27.2,buffer/salt=NaCl
3,1073,2,3,11,N{\alpha}-benzoyl-L-argininamide(aq) + H2O(l) = N{\alpha}-benzoyl-L-arginine(aq) + ammonia(aq),56FOR/GUT,298.15,0.01081,7.16,,,-28.2,buffer/salt=NH4Cl
3,1073,2,3,12,N{\alpha}-benzoyl-L-argininamide(aq) + H2O(l) = N{\alpha}-benzoyl-L-arginine(aq) + ammonia(aq),56FOR/GUT,298.15,0.01256,6.45,,,-25.9,buffer/salt=phosphate
3,1073,2,3,13,N{\alpha}-benzoyl-L-argininamide(aq) + H2O(l) = N{\alpha}-benzoyl-L-arginine(aq) + ammonia(aq),56FOR/GUT,298.15,0.0406,7.15,,,-27.4,buffer/salt=NH4Cl
3,1073,2,3,14,N{\alpha}-benzoyl-L-argininamide(aq) + H2O(l) = N{\alpha}-benzoyl-L-arginine(aq) + ammonia(aq),56FOR/GUT,298.15,0.0506,7.3,,,-28.7,buffer/salt=Tris
3,1073,2,3,15,N{\alpha}-benzoyl-L-argininamide(aq) + H2O(l) = N{\alpha}-benzoyl-L-arginine(aq) + ammonia(aq),56FOR/GUT,298.15,0.0643,7.43,,,-28.2,buffer/salt=Tris
3,1073,2,3,16,N{\alpha}-benzoyl-L-argininamide(aq) + H2O(l) = N{\alpha}-benzoyl-L-arginine(aq) + ammonia(aq),56FOR/GUT,298.15,0.138,7.41,,,-27.9,buffer/salt=NaCl+Tris
3,1073,2,3,17,N{\alpha}-benzoyl-L-argininamide(aq) + H2O(l) = N{\alpha}-benzoyl-L-arginine(aq) + ammonia(aq),56FOR/GUT,298.15,0.55,7.3,,,-29.6,buffer/salt=NaCl+Tris
3,1073,2,3,18,N{\alpha}-benzoyl-L-argininamide(aq) + H2O(l) = N{\alpha}-benzoyl-L-arginine(aq) + ammonia(aq),56FOR/GUT,298.15,2.001,6.67,,,-26.2,buffer/salt=NaCl+Tris
3,1073,2,3,19,N{\alpha}-benzoyl-L-argininamide(aq) + H2O(l) = N{\alpha}-benzoyl-L-arginine(aq) + ammonia(aq),56FOR/GUT,298.15,2.001,6.55,,,-26.5,buffer/salt=NaCl
3,1073,2,3,20,N{\alpha}-benzoyl-L-argininamide(aq) + H2O(l) = N{\alpha}-benzoyl-L-arginine(aq) + ammonia(aq),56FOR/GUT,298.15,2.001,6.4,,,-26.7,buffer/salt=NaCl+Tris
3,1073,2,3,21,N{\alpha}-benzoyl-L-argininamide(aq) + H2O(l) = N{\alpha}-benzoyl-L-arginine(aq) + ammonia(aq),56FOR/GUT,298.15,2.001,6.49,,,-26.9,buffer/salt=NaCl
3,1073,2,3,22,N{\alpha}-benzoyl-L-argininamide(aq) + H2O(l) = N{\alpha}-benzoyl-L-arginine(aq) + ammonia(aq),56FOR/GUT,298.15,2.001,6.67,,,-27.4,buffer/salt=NaCl+Tris
3,1073,2,3,23,N{\alpha}-benzoyl-L-argininamide(aq) + H2O(l) = N{\alpha}-benzoyl-L-arginine(aq) + ammonia(aq),56FOR/GUT,298.15,2.001,6.96,,,-28.7,buffer/salt=NaCl+Tris
3,1073,2,3,24,N{\alpha}-benzoyl-L-argininamide(aq) + H2O(l) = N{\alpha}-benzoyl-L-arginine(aq) + ammonia(aq),56FOR/GUT,298.15,0.165,6.5,,,-27.2,buffer/salt=NH4Cl+CaCl2
3,1073,2,3,25,N{\alpha}-benzoyl-L-argininamide(aq) + H2O(l) = N{\alpha}-benzoyl-L-arginine(aq) + ammonia(aq),56FOR/GUT,298.15,0.2,7.43,,,-27.1,buffer/salt=NH4Cl
3,1073,2,3,26,N{\alpha}-benzoyl-L-argininamide(aq) + H2O(l) = N{\alpha}-benzoyl-L-arginine(aq) + ammonia(aq),56FOR/GUT,298.15,0.256,7.24,,,-25.5,buffer/salt=NH4Cl+CaCl2
3,1073,2,3,27,N{\alpha}-benzoyl-L-argininamide(aq) + H2O(l) = N{\alpha}-benzoyl-L-arginine(aq) + ammonia(aq),56FOR/GUT,298.15,0.4,7.4,,,-27.8,buffer/salt=NH4Cl
3,1073,2,3,28,N{\alpha}-benzoyl-L-argininamide(aq) + H2O(l) = N{\alpha}-benzoyl-L-arginine(aq) + ammonia(aq),56FOR/GUT,298.15,0.4,7.38,,,-26.6,buffer/salt=NH4Cl
3,1073,2,3,29,N{\alpha}-benzoyl-L-argininamide(aq) + H2O(l) = N{\alpha}-benzoyl-L-arginine(aq) + ammonia(aq),56FOR/GUT,298.15,0.4,7.4,,,-28.3,buffer/salt=NH4Cl
3,1073,2,3,30,N{\alpha}-benzoyl-L-argininamide(aq) + H2O(l) = N{\alpha}-benzoyl-L-arginine(aq) + ammonia(aq),56FOR/GUT,298.15,0.4,7.43,,,-26.7,buffer/salt=NH4Cl
3,1073,2,3,31,N{\alpha}-benzoyl-L-argininamide(aq) + H2O(l) = N{\alpha}-benzoyl-L-arginine(aq) + ammonia(aq),56FOR/GUT,298.15,0.655,7.34,,,-27.6,buffer/salt=NH4Cl+CaCl2
3,1073,2,3,32,N{\alpha}-benzoyl-L-argininamide(aq) + H2O(l) = N{\alpha}-benzoyl-L-arginine(aq) + ammonia(aq),56FOR/GUT,298.15,0.8,7.42,,,-25.3,buffer/salt=NH4Cl
3,1073,2,3,33,N{\alpha}-benzoyl-L-argininamide(aq) + H2O(l) = N{\alpha}-benzoyl-L-arginine(aq) + ammonia(aq),56FOR/GUT,298.15,0.8,7.44,,,-26.9,buffer/salt=NH4Cl
3,1073,2,3,34,N{\alpha}-benzoyl-L-argininamide(aq) + H2O(l) = N{\alpha}-benzoyl-L-arginine(aq) + ammonia(aq),56FOR/GUT,298.15,0.96,7.42,,,-27.8,buffer/salt=NH4Cl
3,1073,2,3,35,N{\alpha}-benzoyl-L-argininamide(aq) + H2O(l) = N{\alpha}-benzoyl-L-arginine(aq) + ammonia(aq),56FOR/GUT,298.15,0.96,7.39,,,-23.3,buffer/salt=NH4Cl
3,1073,2,3,36,N{\alpha}-benzoyl-L-argininamide(aq) + H2O(l) = N{\alpha}-benzoyl-L-arginine(aq) + ammonia(aq),56FOR/GUT,298.15,1.295,7.33,,,-24.7,buffer/salt=NH4Cl+CaCl2
3,1073,2,3,37,N{\alpha}-benzoyl-L-argininamide(aq) + H2O(l) = N{\alpha}-benzoyl-L-arginine(aq) + ammonia(aq),56FOR/GUT,298.15,1.44,7.3,,,-24.5,buffer/salt=NH4Cl
3,1073,2,3,38,N{\alpha}-benzoyl-L-argininamide(aq) + H2O(l) = N{\alpha}-benzoyl-L-arginine(aq) + ammonia(aq),56FOR/GUT,298.15,1.6,7.31,,,-22.6,buffer/salt=NH4Cl
3,1073,2,3,39,N{\alpha}-benzoyl-L-argininamide(aq) + H2O(l) = N{\alpha}-benzoyl-L-arginine(aq) + ammonia(aq),56FOR/GUT,298.15,1.76,7.35,,,-23.6,buffer/salt=NH4Cl
3,1074,1,1,1,(L-lysine)n(aq) + (n-1) H2O(l) = n L-lysine(aq),55STU2,298.15,,7.6,,,-1.34,
3,1074,1,2,1,hippurylanilide(aq) + H2O(l) = hippuric acid(aq) + aniline(aq),65CAR/KIR,312.15,,5,,1.10E1,,
3,1074,2,1,1,N-acetyl-L-phenylalanine-L-dibromotyrosine ethyl ester(aq) + H2O(l) = N-acetyl-L-phenylalanine(aq) + L-dibromotyrosine ethyl ester(aq),75KAP/BAR,293.15,,4.1,,2.30E0,,
3,1074,2,2,1,N-acetyl-L-phenylalanyl-L-phenylalanylglycine(aq) + H2O(l) = N-acetyl-L-phenylalanine(aq) + L-phenylalanylglycine(aq),75KAP/BAR,293.15,,4.6,,4.70E0,,
3,1074,2,3,1,N-acetyl-L-phenylalanyl-L-phenylalanylglycine methyl ester(aq) + H2O(l) = N-acetyl-L-phenylalanine(aq) + L-phenylalanylglycine methyl ester(aq),75KAP/BAR,293.15,,4.6,,1.30E0,,
3,1075,1,1,1,cleavage of a single bond in casein k,63CHE/RAW,298.15,,6.6,,,-13.4,Buffer=Tris;Protein=sodium caseinate
3,1075,1,1,2,cleavage of a single bond in casein k,63CHE/RAW,298.15,,6.6,,,-9.6,Buffer=Tris;Protein=casein k
3,1075,1,1,3,cleavage of a single bond in casein k,63CHE/RAW,298.15,,6.6,,,-7.5,Buffer=phosphate;Protein=casein k
3,1075,1,2,1,benzyloxycarbonylglycyl-L-phenylalaninamide(aq) + H2O(l) = benzyloxycarbonylglycine(aq) + L-phenylalaninamide(aq),79FLE/TAT,298.15,,7.2,,1.81E0,,
3,1075,1,2,2,benzyloxycarbonylglycyl-L-phenylalaninamide(aq) + H2O(l) = benzyloxycarbonylglycine(aq) + L-phenylalaninamide(aq),79FLE/TAT,311.15,,7.1,,1.39E0,,
3,1075,1,2,3,benzyloxycarbonylglycyl-L-phenylalaninamide(aq) + H2O(l) = benzyloxycarbonylglycine(aq) + L-phenylalaninamide(aq),79FLE/TAT,333.16,,7,,1.03E0,,
3,1075,1,3,1,L-asparagine(aq) + H2O(l) = L-aspartate(aq) + ammonia(aq),59KIT/HEM,295,,8.5,,,-23.9,
3,1075,2,1,1,L-asparagine(aq) + H2O(l) = L-aspartate(aq) + ammonia(aq),85REK/SLO,298.15,,6.86,,,-24.56,
3,1075,2,2,1,L-glutamine(aq) + H2O(l) = L-glutamate(aq) + ammonia(aq),56BEN/HEM,298.15,,5.5,,8.50E2,,
3,1075,2,3,1,L-glutamine(aq) + H2O(l) = L-glutamate(aq) + ammonia(aq),59BEN/KIT,298.15,,5.5,,8.96E2,,
3,1075,2,4,1,L-glutamine(aq) + H2O(l) = L-glutamate(aq) + ammonia(aq),59KIT/HEM,295,,4.5,,,-21.6,
3,1076,1,1,1,{\gamma}-glutamohydroxamic acid(aq) + H2O(l) = L-glutamate(aq) + hydroxylamine(aq),63EHR/MAR,310.15,,7.2,,3.00E0,,
3,1076,1,2,1,ammonium carbamate(aq) + 2 H2O(l) = 2 ammonia(aq) + carbon dioxide(aq),80TER/RAB,293.15,,6.5,,1.92E3,,
3,1076,1,2,2,ammonium carbamate(aq) + 2 H2O(l) = 2 ammonia(aq) + carbon dioxide(aq),80TER/RAB,293.15,,6.5,,1.71E3,,Percent (dimethylsulfoxide)=5
3,1076,1,2,3,ammonium carbamate(aq) + 2 H2O(l) = 2 ammonia(aq) + carbon dioxide(aq),80TER/RAB,293.15,,6.5,,1.50E3,,Percent (dimethylsulfoxide)=10
3,1076,1,2,4,ammonium carbamate(aq) + 2 H2O(l) = 2 ammonia(aq) + carbon dioxide(aq),80TER/RAB,293.15,,6.5,,1.23E3,,Percent (dimethylsulfoxide)=20
3,1076,1,2,5,ammonium carbamate(aq) + 2 H2O(l) = 2 ammonia(aq) + carbon dioxide(aq),80TER/RAB,310.15,,6.5,,1.03E3,,
3,1076,1,3,1,urea(aq) + 2 H2O(l) = 2 ammonia(aq) + carbon dioxide(aq),52BAU/GEM,303.15,,7.14,,,-56.6,
3,1076,1,4,1,urea(aq) + 2 H2O(l) = 2 ammonia(aq) + carbon dioxide(aq),60ISH,313.15,,6.7,,,-58.7,Buffer=phosphate
3,1076,1,4,2,urea(aq) + 2 H2O(l) = 2 ammonia(aq) + carbon dioxide(aq),60ISH,313.15,,,,,-17.8,"[pH given as ""?""]"
3,1076,2,1,1,urea(aq) + 2 H2O(l) = 2 ammonia(aq) + carbon dioxide(aq),73BEE/STE,298.15,,6.95,,,-33.1,
3,1076,2,2,1,urea(aq) + 2 H2O(l) = 2 ammonia + carbon dioxide(aq),75JES,298.15,,6.7,,,-48.2,Buffer=phosphate
3,1076,2,2,2,urea(aq) + 2 H2O(l) = 2 ammonia + carbon dioxide(aq),75JES,298.15,,7.5,,,-61.3,Buffer=phosphate
3,1076,2,2,3,urea(aq) + 2 H2O(l) = 2 ammonia + carbon dioxide(aq),75JES,298.15,,6.7,,,-56.7,Buffer=maleate
3,1076,2,2,4,urea(aq) + 2 H2O(l) = 2 ammonia + carbon dioxide(aq),75JES,298.15,,6.7,,,-21.9,Buffer=citrate
3,1076,2,2,5,urea(aq) + 2 H2O(l) = 2 ammonia + carbon dioxide(aq),75JES,298.15,,7.5,,,-18.7,Buffer=Tris
3,1076,2,3,1,urea(aq) + 2 H2O(l) = 2 ammonia(aq) + carbon dioxide(aq),76SCH/KRI,300.15,,7,,,-7.1,"[same data is later presented in part 6, page 951, col 2, table 3, together with additional data; the occurence in part 6 is considered the authoritative one]"
3,1076,2,4,1,urea(aq) + 2 H2O(l) = 2 ammonia(aq) + carbon dioxide(aq),87OWU/TRE,298.15,,6.9,,,-61,Buffer=phosphate
3,1076,2,4,2,urea(aq) + 2 H2O(l) = 2 ammonia(aq) + carbon dioxide(aq),87OWU/TRE,298.15,,7.9,,,-20,Buffer=Tris
3,1077,1,1,1,ampicillin(aq) + H2O(l) = 6-aminopenicillanic acid(aq) + D(-)-{\alpha}-aminophenylacetic acid(aq),80SVE/MAR,298.15,,4.5,,6.00E-3,,
3,1077,1,1,2,ampicillin(aq) + H2O(l) = 6-aminopenicillanic acid(aq) + D(-)-{\alpha}-aminophenylacetic acid(aq),80SVE/MAR,298.15,,5,,1.30E-2,,
3,1077,1,2,1,cephalexin(aq) + H2O(l) = 7-aminodeacetoxycephalosporanic acid(aq) + D(-)-{\alpha}-aminophenylacetic acid(aq),80SVE/MAR,298.15,,5.8,,4.40E-2,,
3,1077,1,3,1,cephaloridine(aq) + H2O(l) = 2-thienylacetic acid(aq) + 7-amino-3-(1-pyridyl-methyl)-3-cephem-4-carboxylic acid(aq),80SVE/MAR,298.15,,5,,1.50E-2,,
3,1077,1,4,1,cephalothin(aq) + H2O(l) = 2-thienylacetic acid(aq) + 7-aminocephalosporanic acid(aq),80SVE/MAR,298.15,,5,,7.00E-3,,
3,1077,2,1,1,penicillin G(aq) + H2O(l) = 6-aminopenicillanic acid(aq) + phenylacetic acid(aq),76BER/KLY,298.15,,5,,3.00E-3,,
3,1077,2,1,2,penicillin G(aq) + H2O(l) = 6-aminopenicillanic acid(aq) + phenylacetic acid(aq),76BER/KLY,298.15,,6,,2.20E-2,,
3,1077,2,2,1,penicillin G(aq) + H2O(l) = 6-aminopenicillanic acid(aq) + phenylacetic acid(aq),80SVE/MAR,298.15,,5,,4.00E-3,,
3,1077,2,2,2,penicillin G(aq) + H2O(l) = 6-aminopenicillanic acid(aq) + phenylacetic acid(aq),80SVE/MAR,298.15,,6,,2.00E-2,,
3,1077,2,3,1,penicillin G^{-}(aq) + H2O(l) = 6-aminopenicillanic acid^{-}(aq) + phenylacetic acid(aq),83HAA/KAR,298.15,,,,,,[K noted as Kc]; [corrects https://w3id.org/related-to/doi.org/10.5281/zenodo.3978439/files/TECRDB.csv#entry866]
,,,,,,,,,,,,,
3,1078,1,1,1,penicillin G(aq) + H2O(l) = 6-aminopenicillanic acid(aq) + phenylacetic acid(aq),88TEW/GOL,292.15,,6.67,,3.30E-1,,
3,1078,1,1,2,penicillin G(aq) + H2O(l) = 6-aminopenicillanic acid(aq) + phenylacetic acid(aq),88TEW/GOL,292.15,,6.68,,2.75E-1,,
3,1078,1,1,3,penicillin G(aq) + H2O(l) = 6-aminopenicillanic acid(aq) + phenylacetic acid(aq),88TEW/GOL,298.15,,6.71,,4.45E-1,,
3,1078,1,1,4,penicillin G(aq) + H2O(l) = 6-aminopenicillanic acid(aq) + phenylacetic acid(aq),88TEW/GOL,298.15,,6.59,,3.82E-1,,
3,1078,1,1,5,penicillin G(aq) + H2O(l) = 6-aminopenicillanic acid(aq) + phenylacetic acid(aq),88TEW/GOL,304.15,,6.68,,5.79E-1,,
3,1078,1,1,6,penicillin G(aq) + H2O(l) = 6-aminopenicillanic acid(aq) + phenylacetic acid(aq),88TEW/GOL,304.15,,6.54,,4.69E-1,,
3,1078,1,1,7,penicillin G(aq) + H2O(l) = 6-aminopenicillanic acid(aq) + phenylacetic acid(aq),88TEW/GOL,310.15,,6.1,,2.21E-1,,
3,1078,1,1,8,penicillin G(aq) + H2O(l) = 6-aminopenicillanic acid(aq) + phenylacetic acid(aq),88TEW/GOL,310.15,,6.02,,1.94E-1,,
3,1078,1,1,9,penicillin G(aq) + H2O(l) = 6-aminopenicillanic acid(aq) + phenylacetic acid(aq),88TEW/GOL,310.15,,6.3,,4.16E-1,,
3,1078,1,1,10,penicillin G(aq) + H2O(l) = 6-aminopenicillanic acid(aq) + phenylacetic acid(aq),88TEW/GOL,310.15,,6.07,,2.47E-1,,
3,1078,1,1,11,penicillin G(aq) + H2O(l) = 6-aminopenicillanic acid(aq) + phenylacetic acid(aq),88TEW/GOL,310.15,,6.54,,6.94E-1,,m(KCl) = 0.2M
3,1078,1,1,12,penicillin G(aq) + H2O(l) = 6-aminopenicillanic acid(aq) + phenylacetic acid(aq),88TEW/GOL,310.15,,6.43,,5.90E-1,,m(KCl) = 0.2M
3,1078,1,1,13,penicillin G(aq) + H2O(l) = 6-aminopenicillanic acid(aq) + phenylacetic acid(aq),88TEW/GOL,310.15,,6.61,,7.56E-1,,
3,1078,1,1,14,penicillin G(aq) + H2O(l) = 6-aminopenicillanic acid(aq) + phenylacetic acid(aq),88TEW/GOL,310.15,,6.39,,5.24E-1,,
3,1078,1,1,15,penicillin G(aq) + H2O(l) = 6-aminopenicillanic acid(aq) + phenylacetic acid(aq),88TEW/GOL,310.15,,6.68,,6.44E-1,,
3,1078,1,1,16,penicillin G(aq) + H2O(l) = 6-aminopenicillanic acid(aq) + phenylacetic acid(aq),88TEW/GOL,310.15,,6.59,,5.65E-1,,
3,1078,1,1,17,penicillin G(aq) + H2O(l) = 6-aminopenicillanic acid(aq) + phenylacetic acid(aq),88TEW/GOL,310.15,,6.74,,1.05E0,,
3,1078,1,1,18,penicillin G(aq) + H2O(l) = 6-aminopenicillanic acid(aq) + phenylacetic acid(aq),88TEW/GOL,310.15,,6.46,,5.36E-1,,
3,1078,1,1,19,penicillin G(aq) + H2O(l) = 6-aminopenicillanic acid(aq) + phenylacetic acid(aq),88TEW/GOL,310.15,,7.05,,1.71E0,,
3,1078,1,1,20,penicillin G(aq) + H2O(l) = 6-aminopenicillanic acid(aq) + phenylacetic acid(aq),88TEW/GOL,310.15,,6.85,,1.13E0,,
3,1078,1,1,21,penicillin G(aq) + H2O(l) = 6-aminopenicillanic acid(aq) + phenylacetic acid(aq),88TEW/GOL,310.15,,7.55,,7.46E0,,
3,1078,1,1,22,penicillin G(aq) + H2O(l) = 6-aminopenicillanic acid(aq) + phenylacetic acid(aq),88TEW/GOL,310.15,,7.32,,4.16E0,,
3,1078,1,1,23,penicillin G(aq) + H2O(l) = 6-aminopenicillanic acid(aq) + phenylacetic acid(aq),88TEW/GOL,316.15,,6.65,,8.79E-1,,
3,1078,1,1,24,penicillin G(aq) + H2O(l) = 6-aminopenicillanic acid(aq) + phenylacetic acid(aq),88TEW/GOL,316.15,,6.59,,7.25E-1,,
3,1078,1,1,25,penicillin G(aq) + H2O(l) = 6-aminopenicillanic acid(aq) + phenylacetic acid(aq),88TEW/GOL,322.15,,6.75,,1.19E0,,
3,1078,1,1,26,penicillin G(aq) + H2O(l) = 6-aminopenicillanic acid(aq) + phenylacetic acid(aq),88TEW/GOL,322.15,,6.53,,7.76E-1,,
,,,,,,,,,,,,,
3,1078,1,2,1,penicillin G(aq) + H2O(l) = 6-aminopenicillanic acid(aq) + phenylacetic acid(aq),88TEW/GOL,298.15,,6,,,19.73,
3,1078,1,2,2,penicillin G(aq) + H2O(l) = 6-aminopenicillanic acid(aq) + phenylacetic acid(aq),88TEW/GOL,298.15,,6.54,,,22.95,
3,1078,1,2,3,penicillin G(aq) + H2O(l) = 6-aminopenicillanic acid(aq) + phenylacetic acid(aq),88TEW/GOL,298.15,,7,,,23.8,
3,1078,1,2,4,penicillin G(aq) + H2O(l) = 6-aminopenicillanic acid(aq) + phenylacetic acid(aq),88TEW/GOL,304.4,,6,,,19.63,
3,1078,1,2,5,penicillin G(aq) + H2O(l) = 6-aminopenicillanic acid(aq) + phenylacetic acid(aq),88TEW/GOL,304.4,,6.54,,,22.91,
3,1078,1,2,6,penicillin G(aq) + H2O(l) = 6-aminopenicillanic acid(aq) + phenylacetic acid(aq),88TEW/GOL,304.4,,7,,,23.44,
3,1078,1,2,7,penicillin G(aq) + H2O(l) = 6-aminopenicillanic acid(aq) + phenylacetic acid(aq),88TEW/GOL,304.4,,7.44,,,23.26,
3,1078,1,2,8,penicillin G(aq) + H2O(l) = 6-aminopenicillanic acid(aq) + phenylacetic acid(aq),88TEW/GOL,310.15,,6,,,19.6,
3,1078,1,2,9,penicillin G(aq) + H2O(l) = 6-aminopenicillanic acid(aq) + phenylacetic acid(aq),88TEW/GOL,310.15,,6.54,,,22.61,
3,1078,1,2,10,penicillin G(aq) + H2O(l) = 6-aminopenicillanic acid(aq) + phenylacetic acid(aq),88TEW/GOL,310.15,,7,,,23.48,
3,1078,2,1,1,penicillinoic acid(aq) + H2O(l) = penicic acid(aq) + phenylacetic acid(aq),80SVE/MAR,298.15,,7,,1.80E0,,
3,1078,2,2,1,phenoxymethylpenicillin^{-}(aq) + H2O(l) = 6-aminopenicillanate^{-}(aq) + phenoxyacetate(aq),83HAA/KAR,298.15,,,,,,[K noted as Kc]; [corrects https://w3id.org/related-to/doi.org/10.5281/zenodo.3978439/files/TECRDB.csv#entry865]
,,,,,,,,,,,,,
3,1078,2,3,1,7-phenylacetamidodeacetoxycephalosporanic acid(aq) + H2O(l) = 7-aminodeacetoxycephalosporanic acid(aq) + phenylacetic acid(aq),80SVE/MAR,298.15,,5,,7.00E-4,,
3,1078,2,4,1,phenylacetylglycine(aq) + H2O(l) = phenylacetic acid(aq) + glycine(aq),80SVE/MAR,298.15,,7,,1.20E0,,
3,1079,1,1,1,phenylacetyl-L-phenylglycine(aq) + H2O(l) = phenylacetic acid(aq) + L-phenylglycine(aq),87REK/EGO,298.15,,6.86,,,-8.58,
3,1079,1,2,1,N-acetyl-L-alanine(aq) + H2O(l) = acetate(aq) + L-alanine(aq),82GAL/SVE,298.15,,7.5,,5.60E0,,
3,1079,1,3,1,N-acetyl-L-alanine(aq) + H2O(l) = acetate(aq) + L-alanine(aq),86ROH/ETT,298.15,,4.5,,3.30E1,,
3,1079,1,3,2,N-acetyl-L-alanine(aq) + H2O(l) = acetate(aq) + L-alanine(aq),86ROH/ETT,298.15,,5,,2.50E1,,
3,1079,1,3,3,N-acetyl-L-alanine(aq) + H2O(l) = acetate(aq) + L-alanine(aq),86ROH/ETT,298.15,,5.5,,1.20E1,,
3,1079,1,3,4,N-acetyl-L-alanine(aq) + H2O(l) = acetate(aq) + L-alanine(aq),86ROH/ETT,298.15,,6,,7.00E0,,
3,1079,1,3,5,N-acetyl-L-alanine(aq) + H2O(l) = acetate(aq) + L-alanine(aq),86ROH/ETT,298.15,,6.5,,9.00E0,,
3,1079,1,3,6,N-acetyl-L-alanine(aq) + H2O(l) = acetate(aq) + L-alanine(aq),86ROH/ETT,298.15,,7,,9.00E0,,
3,1079,1,3,7,N-acetyl-L-alanine(aq) + H2O(l) = acetate(aq) + L-alanine(aq),86ROH/ETT,298.15,,7.5,,1.20E1,,
3,1079,1,3,8,N-acetyl-L-alanine(aq) + H2O(l) = acetate(aq) + L-alanine(aq),86ROH/ETT,298.15,,8,,1.00E1,,
3,1079,1,3,9,N-acetyl-L-alanine(aq) + H2O(l) = acetate(aq) + L-alanine(aq),86ROH/ETT,298.15,,9,,8.00E0,,
3,1079,1,3,10,N-acetyl-L-alanine(aq) + H2O(l) = acetate(aq) + L-alanine(aq),86ROH/ETT,298.15,,9.5,,1.80E1,,
3,1079,1,4,1,N-acetyl-L-{\alpha}-amino-n-butyrate(aq) + H2O(l) = acetate(aq) + L-{\alpha}-amino-n-butyrate(aq),82GAL/SVE,298.15,,7.5,,5.50E0,,
3,1079,2,1,1,N-acetyl-L-glycine(aq) + H2O(l) = acetate(aq) + glycine(aq),82GAL/SVE,298.15,,7.5,,4.50E0,,
3,1079,2,2,1,N-acetyl-L-methionine(aq) + H2O(l) = acetate(aq) + L-methionine(aq),80SVE/GAL,298.15,,7.5,,3.60E0,,
3,1079,2,3,1,N-acetyl-L-methionine(aq) + H2O(l) = acetate(aq) + L-methionine(aq),82GAL/SVE,298.15,,7.5,,3.70E0,,
3,1079,2,4,1,N-acetyl-L-methionine(aq) + H2O(l) = acetate(aq) + L-methionine(aq),86REK/SKY,298.15,,6.86,,,-1.3,
3,1080,1,1,1,N-acetyl-L-methionine(aq) + H2O(l) = acetate(aq) + L-methionine(aq),89REK/SIK,298.15,,6.86,,,-2.4,
3,1080,1,2,1,N-acetyl-L-norleucine(aq) + H2O(l) = acetate(aq) + L-norleucine(aq),82GAL/SVE,298.15,,7.5,,1.25E1,,
3,1080,1,3,1,N-acetyl-L-norvaline(aq) + H2O(l) = acetate(aq) + L-norvaline(aq),82GAL/SVE,298.15,,7.5,,1.05E1,,
3,1080,1,4,1,N-acetyl-L-valine(aq) + H2O(l) = acetate(aq) + L-valine(aq),92IBO/OBO,323.15,,7,,7.51E0,,
3,1080,1,4,2,N-acetyl-L-valine(aq) + H2O(l) = acetate(aq) + L-valine(aq),92IBO/OBO,323.15,,7.5,,6.75E0,,
3,1080,1,4,3,N-acetyl-L-valine(aq) + H2O(l) = acetate(aq) + L-valine(aq),92IBO/OBO,323.15,,7.8,,5.47E0,,
3,1080,1,4,4,N-acetyl-L-valine(aq) + H2O(l) = acetate(aq) + L-valine(aq),92IBO/OBO,323.15,,8,,5.09E0,,
3,1080,1,4,5,N-acetyl-L-valine(aq) + H2O(l) = acetate(aq) + L-valine(aq),92IBO/OBO,323.15,,8.5,,6.49E0,,
3,1080,1,4,6,N-acetyl-L-valine(aq) + H2O(l) = acetate(aq) + L-valine(aq),92IBO/OBO,323.15,,9,,7.47E0,,
3,1080,2,1,1,phenylacetyl-L-phenylglycine(aq) + H2O(l) = phenylacetic acid(aq) + L-phenylglycine(aq),86REK/SKY,98.15,,6.86,,,-8.58,"[typo corrected in situ: pdf says T=98.15K, assumed to mean T=298.15K]"
3,1080,2,2,1,pantothenate(aq) + H2O(l) = pantoic acid(aq) + {\beta}-alanine(aq),89AIR,284.95,,8.1,,3.83E-2,,
3,1080,2,2,2,pantothenate(aq) + H2O(l) = pantoic acid(aq) + {\beta}-alanine(aq),89AIR,287.75,,8.1,,4.11E-2,,
3,1080,2,2,3,pantothenate(aq) + H2O(l) = pantoic acid(aq) + {\beta}-alanine(aq),89AIR,292.35,,8.1,,6.64E-2,,
3,1080,2,2,4,pantothenate(aq) + H2O(l) = pantoic acid(aq) + {\beta}-alanine(aq),89AIR,295.65,,8.1,,6.55E-2,,
3,1080,2,2,5,pantothenate(aq) + H2O(l) = pantoic acid(aq) + {\beta}-alanine(aq),89AIR,298.15,,8.1,,7.90E-2,,
3,1080,2,2,6,pantothenate(aq) + H2O(l) = pantoic acid(aq) + {\beta}-alanine(aq),89AIR,299.25,,8.1,,7.64E-2,,
3,1080,2,3,1,5-hydroxy-N-methylpyroglutamate(aq) + H2O(l) = 2-oxoglutarate(aq) + methylamine(aq),70HER,303.15,,8,,2.00E-3,,
3,1081,1,1,1,(S)-dihydroorotate(aq) + H2O(l) = N-carbamoyl-L-aspartate(aq),54LIE/KOR,303.15,,6.1,,1.90E0,,
3,1081,1,2,1,(S)-dihydroorotate(aq) + H2O(l) = N-carbamoyl-L-aspartate(aq),74KEN,310.15,,6.5,,5.90E0,,
3,1081,1,3,1,(S)-dihydroorotate(aq) + H2O(l) = N-carbamoyl-L-aspartate(aq),78CHR/MAT,310.15,,7.5,,1.08E1,,
3,1081,1,4,1,L-5-carboxymethylhydantoin(aq) + H2O(l) = N-carbamoyl-L-aspartate(aq),54LIE/KOR,307.15,,6.1,,5.30E-1,,
3,1081,2,1,1,ampicillin(aq) + H2O(l) = ampicillinoic acid(aq),79GRI/TAN,298.15,,7.5,,,-125.8,
3,1081,2,2,1,ampicillin(aq) + H2O(l) = ampicillinoic acid(aq),94KIS/TEW,282.35,0.15,5.55,,9.50E1,,
3,1081,2,3,1,ampicillin(aq) + H2O(l) = ampicillinoic acid(aq),94KIS/TEW,298.15,0.241,6.51,,,-76.4,
3,1081,2,3,2,ampicillin(aq) + H2O(l) = ampicillinoic acid(aq),94KIS/TEW,298.15,0.287,7.06,,,-76.9,
3,1081,2,3,3,ampicillin(aq) + H2O(l) = ampicillinoic acid(aq),94KIS/TEW,298.15,0.296,7.5,,,-83.2,
3,1081,2,3,4,ampicillin(aq) + H2O(l) = ampicillinoic acid(aq),94KIS/TEW,298.15,0.3,7.96,,,-84,
3,1081,2,3,5,ampicillin(aq) + H2O(l) = ampicillinoic acid(aq),94KIS/TEW,304.65,0.254,6.58,,,-78,
3,1082,1,1,1,penicillin G(aq) + H2O(l) = penicillinoic acid(aq),79GRI/TAN,298.15,,7.5,,,-114.7,
3,1082,1,2,1,penicillin G(aq) + H2O(l) = penicillinoic acid(aq),94KIS/TEW,298.15,,6.01,,2.90E0,,I_m = 0.25 mol/kg
3,1082,1,3,1,penicillin G(aq) + H2O(l) = penicillinoic acid(aq),94KIS/TEW,298.15,,6.01,,,-79.5,I_m = 0.297 mol/kg
3,1082,1,3,2,penicillin G(aq) + H2O(l) = penicillinoic acid(aq),94KIS/TEW,298.15,,6.98,,,-77.1,I_m = 0.478 mol/kg
3,1082,1,3,3,penicillin G(aq) + H2O(l) = penicillinoic acid(aq),94KIS/TEW,298.15,,7,,,-78.4,I_m = 0.279 mol/kg
3,1082,1,3,4,penicillin G(aq) + H2O(l) = penicillinoic acid(aq),94KIS/TEW,298.15,,7.01,,,-78.9,I_m = 0.782 mol/kg
3,1082,1,3,5,penicillin G(aq) + H2O(l) = penicillinoic acid(aq),94KIS/TEW,298.15,,7.51,,,-77.7,I_m = 0.296 mol/kg
3,1082,1,3,6,penicillin G(aq) + H2O(l) = penicillinoic acid(aq),94KIS/TEW,304.65,,6.53,,,-77.1,"I_m = 0.253 mol/kg; [TODO: check with primary literature; corrected the enthalpy in situ to make it a negative, as all other values from this table are negative]"
3,1082,1,3,7,penicillin G(aq) + H2O(l) = penicillinoic acid(aq),94KIS/TEW,310.15,,6.53,,,-76.5,I_m = 0.255 mol/kg
3,1082,2,1,1,phenoxymethylpenicillin(aq) + H2O(l) = phenoxymethylpenicillinoic acid(aq),79GRI/TAN,298.15,,7.5,,,-120.5,
3,1082,2,2,1,L-arginine(aq) + H2O(l) = L-ornithine(aq) + urea(aq),93TEW/KIS,298.15,,6.47,,,-21.83,I_m = 0.254 mol/kg
3,1082,2,2,2,L-arginine(aq) + H2O(l) = L-ornithine(aq) + urea(aq),93TEW/KIS,298.15,,6.94,,,-21.51,I_m = 0.271 mol/kg
3,1082,2,2,3,L-arginine(aq) + H2O(l) = L-ornithine(aq) + urea(aq),93TEW/KIS,298.15,,7.46,,,-21.22,I_m = 0.294 mol/kg
3,1082,2,2,4,L-arginine(aq) + H2O(l) = L-ornithine(aq) + urea(aq),93TEW/KIS,298.15,,7.67,,,-21.15,I_m = 0.303 mol/kg
3,1082,2,2,5,L-arginine(aq) + H2O(l) = L-ornithine(aq) + urea(aq),93TEW/KIS,298.15,,7.79,,,-21.53,I_m = 0.818 mol/kg
3,1082,2,2,6,L-arginine(aq) + H2O(l) = L-ornithine(aq) + urea(aq),93TEW/KIS,298.15,,7.83,,,-21.31,I_m = 0.493 mol/kg
3,1082,2,2,7,L-arginine(aq) + H2O(l) = L-ornithine(aq) + urea(aq),93TEW/KIS,298.15,,7.94,,,-20.94,I_m = 0.304 mol/kg
3,1082,2,2,8,L-arginine(aq) + H2O(l) = L-ornithine(aq) + urea(aq),93TEW/KIS,298.15,,8.27,,,-21.01,I_m = 0.306 mol/kg
3,1082,2,2,9,L-arginine(aq) + H2O(l) = L-ornithine(aq) + urea(aq),93TEW/KIS,304.65,,7.87,,,-21.47,I_m = 0.298 mol/kg
3,1082,2,2,10,L-arginine(aq) + H2O(l) = L-ornithine(aq) + urea(aq),93TEW/KIS,310.25,,7.86,,,-22.03,I_m = 0.297 mol/kg
3,1082,2,3,1,allantoate(aq) + H2O(l) = (-)-ureidoglycolate(aq) + urea(aq),67TRI/VOG,303.15,,7.5,,2.10E-1,,
3,1083,1,1,1,L-arginine(aq) + H2O(l) = L-citrulline(aq) + ammonia(aq),93TEW/KIS,298.15,,5.7,,,-32.03,I_m = 0.305 mol/kg
3,1083,1,1,2,L-arginine(aq) + H2O(l) = L-citrulline(aq) + ammonia(aq),93TEW/KIS,298.15,,5.87,,,-31.9,I_m = 0.896 mol/kg
3,1083,1,1,3,L-arginine(aq) + H2O(l) = L-citrulline(aq) + ammonia(aq),93TEW/KIS,298.15,,5.92,,,-31.96,I_m = 0.519 mol/kg
3,1083,1,1,4,L-arginine(aq) + H2O(l) = L-citrulline(aq) + ammonia(aq),93TEW/KIS,298.15,,6.15,,,-32.23,I_m = 0.329 mol/kg
3,1083,1,1,5,L-arginine(aq) + H2O(l) = L-citrulline(aq) + ammonia(aq),93TEW/KIS,298.15,,6.55,,,-32.52,I_m = 0.352 mol/kg
3,1083,1,1,6,L-arginine(aq) + H2O(l) = L-citrulline(aq) + ammonia(aq),93TEW/KIS,298.15,,7.21,,,-33.56,I_m = 0.394 mol/kg
3,1083,1,1,7,L-arginine(aq) + H2O(l) = L-citrulline(aq) + ammonia(aq),93TEW/KIS,304.65,,6.1,,,-32.42,I_m = 0.324 mol/kg
3,1083,1,1,8,L-arginine(aq) + H2O(l) = L-citrulline(aq) + ammonia(aq),93TEW/KIS,310.15,,6.13,,,-32.92,I_m = 0.329 mol/kg
3,1083,1,2,1,adenosine(aq) + H2O(l) = inosine(aq) + ammonia(aq),67WOL,298.15,,6.53,,8.33E3,,
3,1083,1,2,2,adenosine(aq) + H2O(l) = inosine(aq) + ammonia(aq),67WOL,298.15,,7.5,,1.18E3,,
3,1083,1,2,3,adenosine(aq) + H2O(l) = inosine(aq) + ammonia(aq),67WOL,298.15,,8.12,,5.87E2,,
3,1083,1,2,4,adenosine(aq) + H2O(l) = inosine(aq) + ammonia(aq),67WOL,298.15,,8.52,,2.55E2,,
3,1083,1,2,5,adenosine(aq) + H2O(l) = inosine(aq) + ammonia(aq),67WOL,298.15,,8.88,,2.12E2,,
3,1083,1,2,6,adenosine(aq) + H2O(l) = inosine(aq) + ammonia(aq),67WOL,298.15,,9.23,,1.91E2,,
3,1083,1,2,7,adenosine(aq) + H2O(l) = inosine(aq) + ammonia(aq),67WOL,298.15,,9.71,,3.02E2,,
3,1083,1,2,8,adenosine(aq) + H2O(l) = inosine(aq) + ammonia(aq),67WOL,298.15,,10.18,,9.08E2,,
3,1083,1,2,9,adenosine(aq) + H2O(l) = inosine(aq) + ammonia(aq),67WOL,298.15,,9.16,,2.67E2,,
3,1083,1,2,10,adenosine(aq) + H2O(l) = inosine(aq) + ammonia(aq),67WOL,298.15,,9.16,,2.42E2,,
3,1083,1,2,11,adenosine(aq) + H2O(l) = inosine(aq) + ammonia(aq),67WOL,298.15,,9.16,,3.18E2,,
3,1083,1,2,12,adenosine(aq) + H2O(l) = inosine(aq) + ammonia(aq),67WOL,298.15,,9.16,,3.45E2,,
3,1083,1,2,13,adenosine(aq) + H2O(l) = inosine(aq) + ammonia(aq),67WOL,298.15,,6.5,,2.23E3,,
3,1083,1,2,14,adenosine(aq) + H2O(l) = inosine(aq) + ammonia(aq),67WOL,298.15,,9.32,,1.32E3,,
3,1083,1,2,15,adenosine(aq) + H2O(l) = inosine(aq) + ammonia(aq),67WOL,298.15,,9.13,,3.52E2,,
3,1083,2,1,1,adenosine(aq) + H2O(l) = inosine(aq) + ammonia(aq),93LAR/TEW,298.15,,7.09,,,-43.72,Buffer=phosphate; I_m = 0.277 mol/kg
3,1083,2,1,2,adenosine(aq) + H2O(l) = inosine(aq) + ammonia(aq),93LAR/TEW,298.15,,7.19,,,-2.07,Buffer=Tris; I_m = 0.099 mol/kg
3,1083,2,1,3,adenosine(aq) + H2O(l) = inosine(aq) + ammonia(aq),93LAR/TEW,298.15,,7.38,,,-2.16,Buffer=Tris; I_m = 0.095 mol/kg
3,1083,2,1,4,adenosine(aq) + H2O(l) = inosine(aq) + ammonia(aq),93LAR/TEW,298.15,,7.47,,,-2.06,Buffer=Tris; m(KCl)=0.206M; I_m = 0.299 mol/kg
3,1083,2,1,5,adenosine(aq) + H2O(l) = inosine(aq) + ammonia(aq),93LAR/TEW,298.15,,7.49,,,-1.73,Buffer=Tris; m(KCl)=0.109M; I_m = 0.202 mol/kg
3,1083,2,1,6,adenosine(aq) + H2O(l) = inosine(aq) + ammonia(aq),93LAR/TEW,298.15,,7.86,,,-2.88,Buffer=Tris; I_m = 0.075 mol/kg
3,1083,2,1,7,adenosine(aq) + H2O(l) = inosine(aq) + ammonia(aq),93LAR/TEW,298.15,,8.17,,,-5.5,Buffer=Tris; I_m = 0.057 mol/kg
3,1083,2,1,8,adenosine(aq) + H2O(l) = inosine(aq) + ammonia(aq),93LAR/TEW,298.15,,8.83,,,-11.7,Buffer=Tris; I_m = 0.023 mol/kg
3,1083,2,1,9,adenosine(aq) + H2O(l) = inosine(aq) + ammonia(aq),93LAR/TEW,304.55,,7.97,,,-5.2,Buffer=Tris; I_m = 0.06 mol/kg
3,1083,2,1,10,adenosine(aq) + H2O(l) = inosine(aq) + ammonia(aq),93LAR/TEW,310.15,,7.84,,,-4.77,Buffer=Tris; I_m = 0.06 mol/kg
3,1083,2,2,1,cytidine(aq) + H2O(l) = uridine(aq) + ammonia(aq),71COH/WOL,298.15,,7,,1.03E4,,
3,1083,2,2,2,cytidine(aq) + H2O(l) = uridine(aq) + ammonia(aq),71COH/WOL,298.15,,7.92,,1.86E3,,
3,1083,2,2,3,cytidine(aq) + H2O(l) = uridine(aq) + ammonia(aq),71COH/WOL,298.15,,8.48,,6.22E2,,
3,1083,2,2,4,cytidine(aq) + H2O(l) = uridine(aq) + ammonia(aq),71COH/WOL,298.15,,8.84,,3.79E2,,
3,1083,2,2,5,cytidine(aq) + H2O(l) = uridine(aq) + ammonia(aq),71COH/WOL,298.15,,9.31,,3.18E2,,
3,1083,2,2,6,cytidine(aq) + H2O(l) = uridine(aq) + ammonia(aq),71COH/WOL,298.15,,9.77,,4.39E2,,
3,1083,2,2,7,cytidine(aq) + H2O(l) = uridine(aq) + ammonia(aq),71COH/WOL,298.15,,10.69,,2.43E3,,
3,1083,2,3,1,N4-methylcytidine(aq) + H2O(l) = uridine(aq) + methylamine(aq),71COH/WOL,298.15,,7.5,,4.88E2,,
3,1083,2,3,2,N4-methylcytidine(aq) + H2O(l) = uridine(aq) + methylamine(aq),71COH/WOL,298.15,,8.87,,4.30E1,,
3,1083,2,3,3,N4-methylcytidine(aq) + H2O(l) = uridine(aq) + methylamine(aq),71COH/WOL,298.15,,9.5,,2.20E1,,
3,1083,2,3,4,N4-methylcytidine(aq) + H2O(l) = uridine(aq) + methylamine(aq),71COH/WOL,298.15,,10.17,,2.10E1,,
3,1083,2,3,5,N4-methylcytidine(aq) + H2O(l) = uridine(aq) + methylamine(aq),71COH/WOL,298.15,,10.6,,3.70E1,,
3,1083,2,3,6,N4-methylcytidine(aq) + H2O(l) = uridine(aq) + methylamine(aq),71COH/WOL,298.15,,11,,1.63E2,,
3,1084,1,1,1,AMP(aq) + H2O(l) = IMP(aq) + ammonia(aq),93LAR/TEW,298.15,,7.08,,,-44.26,Buffer=phosphate; I_m = 0.307 mol/kg
3,1084,1,1,2,AMP(aq) + H2O(l) = IMP(aq) + ammonia(aq),93LAR/TEW,298.15,,7.34,,,-7.75,Buffer=Tris; I_m = 0.112 mol/kg
3,1084,1,1,3,AMP(aq) + H2O(l) = IMP(aq) + ammonia(aq),93LAR/TEW,298.15,,7.63,,,-4.13,Buffer=Tris; I_m = 0.107 mol/kg
3,1084,1,1,4,AMP(aq) + H2O(l) = IMP(aq) + ammonia(aq),93LAR/TEW,298.15,,7.93,,,-4,Buffer=Tris; m(KCl) = 0.50M; I_m = 0.594 mol/kg
3,1084,1,1,5,AMP(aq) + H2O(l) = IMP(aq) + ammonia(aq),93LAR/TEW,298.15,,8.02,,,-3.65,Buffer=Tris; I_m = 0.085 mol/kg
3,1084,1,1,6,AMP(aq) + H2O(l) = IMP(aq) + ammonia(aq),93LAR/TEW,298.15,,8.2,,,-4.07,Buffer=Tris; m(KCl) = 0.10M; I_m = 0.181 mol/kg
3,1084,1,1,7,AMP(aq) + H2O(l) = IMP(aq) + ammonia(aq),93LAR/TEW,298.15,,8.23,,,-4.59,Buffer=Tris; m(KCl) = 0.20M; I_m = 0.282 mol/kg
3,1084,1,1,8,AMP(aq) + H2O(l) = IMP(aq) + ammonia(aq),93LAR/TEW,298.15,,8.38,,,-4.97,Buffer=Tris; I_m = 0.059 mol/kg
3,1084,1,1,9,AMP(aq) + H2O(l) = IMP(aq) + ammonia(aq),93LAR/TEW,298.15,,8.96,,,-7.71,Buffer=Tris; I_m = 0.046 mol/kg
3,1084,1,1,10,AMP(aq) + H2O(l) = IMP(aq) + ammonia(aq),93LAR/TEW,304.65,,7.91,,,-5.56,Buffer=Tris; I_m = 0.084 mol/kg
3,1084,1,1,11,AMP(aq) + H2O(l) = IMP(aq) + ammonia(aq),93LAR/TEW,310.15,,7.79,,,-5.43,Buffer=Tris; I_m = 0.085 mol/kg
3,1084,1,2,1,"5,10-methenyltetrahydrofolate(aq) + H2O(l) = 10-formyltetrahydrofolate(aq)",60KAY/OSB,298.15,,4.74,,7.33E-2,,Buffer=phosphate
3,1084,1,2,2,"5,10-methenyltetrahydrofolate(aq) + H2O(l) = 10-formyltetrahydrofolate(aq)",60KAY/OSB,298.15,,5.2,,1.27E-1,,Buffer=acetate
3,1084,1,2,3,"5,10-methenyltetrahydrofolate(aq) + H2O(l) = 10-formyltetrahydrofolate(aq)",60KAY/OSB,298.15,,5.2,,2.21E-1,,Buffer=acetate
3,1084,1,2,4,"5,10-methenyltetrahydrofolate(aq) + H2O(l) = 10-formyltetrahydrofolate(aq)",60KAY/OSB,298.15,,5.7,,8.18E-1,,Buffer=phosphate
3,1084,1,2,5,"5,10-methenyltetrahydrofolate(aq) + H2O(l) = 10-formyltetrahydrofolate(aq)",60KAY/OSB,298.15,,7,,1.10E1,,Buffer=acetate
3,1084,1,2,6,"5,10-methenyltetrahydrofolate(aq) + H2O(l) = 10-formyltetrahydrofolate(aq)",60KAY/OSB,298.15,,7.13,,1.27E1,,Buffer=citrate
3,1084,1,3,1,"5,10-methenyltetrahydrofolate(aq) + H2O(l) = 10-formyltetrahydrofolate(aq)",63GRE,298.15,,6.5,,4.20E0,,
3,1084,2,1,1,"5,10-methenyltetrahydrofolate(aq) + H2O(l) = 10-formyltetrahydrofolate(aq)",67LOM/GRE,298.15,,6.5,,1.84E0,,
3,1084,2,2,1,"5,10-methenyltetrahydrofolate(aq) + H2O(l) = 10-formyltetrahydrofolate(aq)",73SUZ/IWA,298.15,,7,,5.00E1,,
3,1084,2,3,1,pyrophosphate(aq) + H2O(l) = 2 orthophosphate(aq),52OHL/SHA,302.15,,7.2,,,-37.4,
3,1085,1,1,1,pyrophosphate(aq) + H2O(l) = 2 orthophosphate(aq),54GIN/STU,298.15,0.1,7.35,3.43,,-30.3,Buffer=barbital;c(MgSO4)=3.75E-4M
3,1085,1,1,2,pyrophosphate(aq) + H2O(l) = 2 orthophosphate(aq),54GIN/STU,298.15,0.1,7.49,3.6,,-30.3,Buffer=barbital;c(MgSO4)=2.50E-4M
3,1085,1,1,3,pyrophosphate(aq) + H2O(l) = 2 orthophosphate(aq),54GIN/STU,298.15,0.1,7.51,3.6,,-30.6,Buffer=barbital;c(MgSO4)=2.50E-4M
3,1085,1,1,4,pyrophosphate(aq) + H2O(l) = 2 orthophosphate(aq),54GIN/STU,298.15,0.1,7.64,3.43,,-31,Buffer=barbital;c(MgSO4)=3.75E-4M
3,1085,1,1,5,pyrophosphate(aq) + H2O(l) = 2 orthophosphate(aq),54GIN/STU,298.15,0.1,7.45,3.3,,-32.1,Buffer=phosphate;c(MgSO4)=5.00E-4M
3,1085,1,1,6,pyrophosphate(aq) + H2O(l) = 2 orthophosphate(aq),54GIN/STU,298.15,0.1,7.48,3.3,,-30.7,Buffer=phosphate;c(MgSO4)=5.00E-4M
3,1085,1,1,7,pyrophosphate(aq) + H2O(l) = 2 orthophosphate(aq),54GIN/STU,298.15,0.6,6.98,3.52,,-28.6,Buffer=phosphate;c(MgSO4)=3.02E-4M
3,1085,1,1,8,pyrophosphate(aq) + H2O(l) = 2 orthophosphate(aq),54GIN/STU,298.15,0.6,7.15,3.52,,-25.9,Buffer=phosphate;c(MgSO4)=3.01E-4M
3,1085,1,1,9,pyrophosphate(aq) + H2O(l) = 2 orthophosphate(aq),54GIN/STU,298.15,0.075,7.27,3.65,,-29.1,Buffer=phosphate;c(MgSO4)=2.26E-4M
3,1085,1,1,10,pyrophosphate(aq) + H2O(l) = 2 orthophosphate(aq),54GIN/STU,298.15,0.075,7.6,3.65,,-26.3,Buffer=phosphate;c(MgSO4)=2.25E-4M
3,1085,1,1,11,pyrophosphate(aq) + H2O(l) = 2 orthophosphate(aq),54GIN/STU,298.15,0.075,7.61,3.65,,-25.9,Buffer=phosphate;c(MgSO4)=2.25E-4M
3,1085,1,1,12,pyrophosphate(aq) + H2O(l) = 2 orthophosphate(aq),54GIN/STU,298.15,0.6,7.16,3.52,,-25.3,Buffer=phosphate;c(MgSO4)=3.00E-4M
3,1085,1,1,13,pyrophosphate(aq) + H2O(l) = 2 orthophosphate(aq),54GIN/STU,298.15,0.1,6.87,3.6,,-27.9,Buffer=phosphate;c(MgSO4)=2.52E-4M
3,1085,1,1,14,pyrophosphate(aq) + H2O(l) = 2 orthophosphate(aq),54GIN/STU,298.15,0.1,6.87,3.6,,-26.1,Buffer=phosphate;c(MgSO4)=2.54E-4M
3,1085,1,1,15,pyrophosphate(aq) + H2O(l) = 2 orthophosphate(aq),54GIN/STU,298.15,0.1,7.36,3.68,,-28.6,Buffer=phosphate;c(MgSO4)=2.08E-4M
3,1085,1,1,16,pyrophosphate(aq) + H2O(l) = 2 orthophosphate(aq),54GIN/STU,298.15,0.1,7.47,3.6,,-27.6,Buffer=phosphate;c(MgSO4)=2.54E-4M
3,1085,1,1,17,pyrophosphate(aq) + H2O(l) = 2 orthophosphate(aq),54GIN/STU,298.15,0.1,7.88,3.59,,-27.9,Buffer=phosphate;c(MgSO4)=2.55E-4M
3,1085,1,1,18,pyrophosphate(aq) + H2O(l) = 2 orthophosphate(aq),54GIN/STU,298.15,0.6,7.19,3.52,,-27.8,Buffer=phosphate;c(MgSO4)=3.01E-4M
3,1085,1,1,19,pyrophosphate(aq) + H2O(l) = 2 orthophosphate(aq),54GIN/STU,298.15,0.6,7.18,3.52,,-24.8,Buffer=phosphate;c(MgSO4)=3.03E-4M
3,1085,1,1,20,pyrophosphate(aq) + H2O(l) = 2 orthophosphate(aq),54GIN/STU,298.15,0.6,7.27,3.52,,-24.7,Buffer=phosphate;c(MgSO4)=3.04E-4M
3,1085,1,1,21,pyrophosphate(aq) + H2O(l) = 2 orthophosphate(aq),54GIN/STU,298.15,0.6,7.27,3.52,,-24.3,Buffer=phosphate;c(MgSO4)=3.03E-4M
3,1085,1,1,22,pyrophosphate(aq) + H2O(l) = 2 orthophosphate(aq),54GIN/STU,298.15,0.6,7.27,3.52,,-25.4,Buffer=phosphate;c(MgSO4)=3.02E-4M
3,1085,1,1,23,pyrophosphate(aq) + H2O(l) = 2 orthophosphate(aq),54GIN/STU,298.15,1,7.22,3.29,,-23.8,Buffer=phosphate;c(MgSO4)=5.08E-4M
3,1085,1,1,24,pyrophosphate(aq) + H2O(l) = 2 orthophosphate(aq),54GIN/STU,298.15,0.6,7.3,3.52,,-23.6,Buffer=phosphate;c(MgSO4)=3.04E-4M
3,1085,1,1,25,pyrophosphate(aq) + H2O(l) = 2 orthophosphate(aq),54GIN/STU,298.15,1,7.22,3.29,,-24.7,Buffer=phosphate;c(MgSO4)=5.08E-4M
3,1085,1,1,26,pyrophosphate(aq) + H2O(l) = 2 orthophosphate(aq),54GIN/STU,298.15,1,7.28,3.29,,-24.1,Buffer=phosphate;c(MgSO4)=5.08E-4M
3,1085,1,1,27,pyrophosphate(aq) + H2O(l) = 2 orthophosphate(aq),54GIN/STU,298.15,0.6,7.37,3.51,,-23.8,Buffer=phosphate;c(MgSO4)=3.06E-4M
,,,,,,,,,,,,,
3,1086,1,1,1,pyrophosphate(aq) + H2O(l) = 2 orthophosphate(aq),74FLO/FLE,298.15,,7.4,,1.20E4,,c(orthophosphate)=0.025M;c(KCl)=0.045M
3,1086,1,1,2,pyrophosphate(aq) + H2O(l) = 2 orthophosphate(aq),74FLO/FLE,298.15,,7.4,,1.57E4,,c(orthophosphate)=0.050M;c(KCl)=0.090M
3,1086,1,1,3,pyrophosphate(aq) + H2O(l) = 2 orthophosphate(aq),74FLO/FLE,298.15,,7.4,,1.70E4,,c(orthophosphate)=0.050M;c(tetra-n-propylammonium*)=0.090M
3,1086,1,1,4,pyrophosphate(aq) + H2O(l) = 2 orthophosphate(aq),74FLO/FLE,298.15,,7.4,4,2.50E3,,c(orthophosphate)=0.0025M;c(MgCl2)=0.0001M;c(KCl)=0.0045M
3,1086,1,1,5,pyrophosphate(aq) + H2O(l) = 2 orthophosphate(aq),74FLO/FLE,298.15,,7.4,4,2.63E3,,c(orthophosphate)=0.0050M;c(MgCl2)=0.0001M;c(KCl)=0.0090M
3,1086,1,1,6,pyrophosphate(aq) + H2O(l) = 2 orthophosphate(aq),74FLO/FLE,298.15,,7.4,2.3,1.18E3,,c(orthophosphate)=0.020M;c(MgCl2)=0.005M;c(KCl)=0.036M
3,1086,1,1,7,pyrophosphate(aq) + H2O(l) = 2 orthophosphate(aq),74FLO/FLE,298.15,,7.4,2.3,4.93E2,,c(orthophosphate)=0.010M;c(MgCl2)=0.005M;c(KCl)=0.018M
3,1086,1,1,8,pyrophosphate(aq) + H2O(l) = 2 orthophosphate(aq),74FLO/FLE,298.15,,7.4,2,2.15E2,,c(orthophosphate)=0.010M;c(MgCl2)=0.010M;c(KCl)=0.018M
3,1086,1,1,9,pyrophosphate(aq) + H2O(l) = 2 orthophosphate(aq),74FLO/FLE,298.15,,7.4,1.7,1.15E2,,c(orthophosphate)=0.010M;c(MgCl2)=0.020M;c(KCl)=0.018M
3,1086,1,1,10,pyrophosphate(aq) + H2O(l) = 2 orthophosphate(aq),74FLO/FLE,298.15,,7.4,1.4,1.01E2,,c(orthophosphate)=0.010M;c(MgCl2)=0.040M;c(KCl)=0.018M
3,1086,1,1,11,pyrophosphate(aq) + H2O(l) = 2 orthophosphate(aq),74FLO/FLE,298.15,,7.4,3.3,3.77E3,,c(orthophosphate)=0.020M;c(MgCl2)=0.0005M;c(KCl)=0.0445M
3,1086,1,1,12,pyrophosphate(aq) + H2O(l) = 2 orthophosphate(aq),74FLO/FLE,298.15,,7.4,3,3.53E3,,c(orthophosphate)=0.025M;c(MgCl2)=0.0010M;c(KCl)=0.045M
3,1086,1,1,13,pyrophosphate(aq) + H2O(l) = 2 orthophosphate(aq),74FLO/FLE,298.15,,7.4,3,7.00E3,,c(orthophosphate)=0.050M;c(MgCl2)=0.0010M;c(KCl)=0.207M
3,1086,1,1,14,pyrophosphate(aq) + H2O(l) = 2 orthophosphate(aq),74FLO/FLE,298.15,,7.4,2.3,5.56E2,,c(orthophosphate)=0.010M;c(MgCl2)=0.0050M;c(KCl)=0.044M
3,1086,1,1,15,pyrophosphate(aq) + H2O(l) = 2 orthophosphate(aq),74FLO/FLE,298.15,,7.4,2.3,8.62E2,,c(orthophosphate)=0.025M;c(MgCl2)=0.0050M;c(KCl)=0.215M
3,1086,1,1,16,pyrophosphate(aq) + H2O(l) = 2 orthophosphate(aq),74FLO/FLE,298.15,,7.4,2,1.35E3,,c(orthophosphate)=0.050M;c(MgCl2)=0.0050M;c(KCl)=0.195M
3,1086,1,1,17,pyrophosphate(aq) + H2O(l) = 2 orthophosphate(aq),74FLO/FLE,298.15,,7.4,2.3,1.85E3,,c(orthophosphate)=0.075M;c(MgCl2)=0.0050M;c(KCl)=0.0535M
3,1086,1,1,18,pyrophosphate(aq) + H2O(l) = 2 orthophosphate(aq),74FLO/FLE,298.15,,7.4,2.3,1.35E3,,c(orthophosphate)=0.050M;c(MgCl2)=0.0100M;c(KCl)=0.180M
3,1086,1,1,19,pyrophosphate(aq) + H2O(l) = 2 orthophosphate(aq),74FLO/FLE,298.15,,7.4,2.3,3.87E2,,c(orthophosphate)=0.010M;c(MgCl2)=0.0050M;c(tetra-n-propylammonium*)=0.018M
3,1086,1,1,20,pyrophosphate(aq) + H2O(l) = 2 orthophosphate(aq),74FLO/FLE,298.15,,7.4,1.7,1.11E2,,c(orthophosphate)=0.010M;c(MgCl2)=0.0200M;c(tetra-n-propylammonium*)=0.018M
3,1086,1,1,21,pyrophosphate(aq) + H2O(l) = 2 orthophosphate(aq),74FLO/FLE,298.15,,7.4,2.3,4.69E2,,c(orthophosphate)=0.010M;c(MgCl2)=0.0050M;c(tetra-n-propylammonium*)=0.220M
3,1086,1,1,22,pyrophosphate(aq) + H2O(l) = 2 orthophosphate(aq),74FLO/FLE,298.15,,7.4,1.7,1.36E2,,c(orthophosphate)=0.010M;c(MgCl2)=0.0200M;c(tetra-n-propylammonium*)=0.220M
3,1086,1,1,23,pyrophosphate(aq) + H2O(l) = 2 orthophosphate(aq),74FLO/FLE,277.9,,7.4,3,6.31E3,,c(orthophosphate)=0.025M;c(MgCl2)=0.0010M;c(KCl)=0.045M
3,1086,1,1,24,pyrophosphate(aq) + H2O(l) = 2 orthophosphate(aq),74FLO/FLE,283.1,,7.4,3,5.83E3,,c(orthophosphate)=0.025M;c(MgCl2)=0.0010M;c(KCl)=0.045M
3,1086,1,1,25,pyrophosphate(aq) + H2O(l) = 2 orthophosphate(aq),74FLO/FLE,292.9,,7.4,3,3.93E3,,c(orthophosphate)=0.025M;c(MgCl2)=0.0010M;c(KCl)=0.045M
3,1086,1,1,26,pyrophosphate(aq) + H2O(l) = 2 orthophosphate(aq),74FLO/FLE,303,,7.4,3,3.12E3,,c(orthophosphate)=0.025M;c(MgCl2)=0.0010M;c(KCl)=0.045M
3,1086,1,1,27,pyrophosphate(aq) + H2O(l) = 2 orthophosphate(aq),74FLO/FLE,312.7,,7.4,3,2.46E3,,c(orthophosphate)=0.025M;c(MgCl2)=0.0010M;c(KCl)=0.045M
,,,,,,,,,,,,,
3,1087,2,1,7,pyrophosphate(aq) + H2O(l) = 2 orthophosphate(aq),84DEM,308.15,,7.8,,3.2,,buffer=Tris (0.050 M) + HCl; cosolvent=dimethyl sulfoxide (30 %); c(orthophosphate)=0.004 M; c(MgCl2)=0.004 M; 
3,1087,2,1,13,pyrophosphate(aq) + H2O(l) = 2 orthophosphate(aq),84DEM,308.15,,7.8,,3.2,,buffer=Tris (0.050 M) + HCl; cosolvent=ethylene glycol (60 %); c(orthophosphate)=0.004 M; c(MgCl2)=0.004 M; 
3,1087,2,1,161,pyrophosphate(aq) + H2O(l) = 2 orthophosphate(aq),84DEM,308.15,,7.8,,3.3,,buffer=Tris (0.050 M) + HCl; cosolvent=dimethyl sulfoxide (30 %); c(orthophosphate)=0.004 M; c(MgCl2)=0.004 M; 
3,1087,2,1,105,pyrophosphate(aq) + H2O(l) = 2 orthophosphate(aq),84DEM,308.15,,7.8,,4,,buffer=Tris (0.050 M) + HCl; cosolvent=ethylene glycol (60 %); c(orthophosphate)=0.001 M; c(MgCl2)=0.008 M; 
3,1087,2,1,106,pyrophosphate(aq) + H2O(l) = 2 orthophosphate(aq),84DEM,308.15,,7.8,,4,,buffer=Tris (0.050 M) + HCl; cosolvent=ethylene glycol (60 %); c(orthophosphate)=0.001 M; c(MgCl2)=0.01 M; 
3,1087,2,1,173,pyrophosphate(aq) + H2O(l) = 2 orthophosphate(aq),84DEM,308.15,,7.8,,4,,buffer=Tris (0.050 M) + HCl; cosolvent=ethylene glycol (60%); c(orthophosphate)=0.004 M; c(MgCl2)=0.004 M; 
3,1087,2,1,104,pyrophosphate(aq) + H2O(l) = 2 orthophosphate(aq),84DEM,308.15,,7.8,,4.3,,buffer=Tris (0.050 M) + HCl; cosolvent=ethylene glycol (60 %); c(orthophosphate)=0.001 M; c(MgCl2)=0.006 M; 
3,1087,2,1,141,pyrophosphate(aq) + H2O(l) = 2 orthophosphate(aq),84DEM,308.15,,7.8,,4.6,,buffer=Tris (0.050 M) + HCl; cosolvent=ethylene glycol (60 %); c(orthophosphate)=0.002 M; c(MgCl2)=0.006 M; 
3,1087,2,1,142,pyrophosphate(aq) + H2O(l) = 2 orthophosphate(aq),84DEM,308.15,,7.8,,4.6,,buffer=Tris (0.050 M) + HCl; cosolvent=ethylene glycol (60 %); c(orthophosphate)=0.002 M; c(MgCl2)=0.08 M; [TODO: probably typo in PDF: should c(MgCl2) be 0.008?]
3,1087,2,1,143,pyrophosphate(aq) + H2O(l) = 2 orthophosphate(aq),84DEM,308.15,,7.8,,4.6,,buffer=Tris (0.050 M) + HCl; cosolvent=ethylene glycol (60 %); c(orthophosphate)=0.002 M; c(MgCl2)=0.01 M; 
3,1087,2,1,155,pyrophosphate(aq) + H2O(l) = 2 orthophosphate(aq),84DEM,308.15,,7.8,,5,,buffer=Tris (0.050 M) + HCl; cosolvent=ethanol (30 %); c(orthophosphate)=0.002 M; c(MgCl2)=0.01 M; 
3,1087,2,1,100,pyrophosphate(aq) + H2O(l) = 2 orthophosphate(aq),84DEM,308.15,,7.8,,6.1,,buffer=Tris (0.050 M) + HCl; cosolvent=glycerol (60 %); c(orthophosphate)=0.001 M; c(MgCl2)=0.01 M; 
3,1087,2,1,149,pyrophosphate(aq) + H2O(l) = 2 orthophosphate(aq),84DEM,308.15,,7.8,,6.1,,"buffer=Tris (0.050 M) + HCl; cosolvent=N,N-dimethylformamide (30 %); c(orthophosphate)=0.002 M; c(MgCl2)=0.01 M; "
3,1087,2,1,103,pyrophosphate(aq) + H2O(l) = 2 orthophosphate(aq),84DEM,308.15,,7.8,,6.4,,buffer=Tris (0.050 M) + HCl; cosolvent=ethylene glycol (60 %); c(orthophosphate)=0.001 M; c(MgCl2)=0.004 M; 
3,1087,2,1,99,pyrophosphate(aq) + H2O(l) = 2 orthophosphate(aq),84DEM,308.15,,7.8,,6.7,,buffer=Tris (0.050 M) + HCl; cosolvent=glycerol (60 %); c(orthophosphate)=0.001 M; c(MgCl2)=0.008 M; 
3,1087,2,1,102,pyrophosphate(aq) + H2O(l) = 2 orthophosphate(aq),84DEM,308.15,,7.8,,6.7,,buffer=Tris (0.050 M) + HCl; cosolvent=ethylene glycol (60 %); c(orthophosphate)=0.001 M; c(MgCl2)=0.002 M; 
3,1087,2,1,154,pyrophosphate(aq) + H2O(l) = 2 orthophosphate(aq),84DEM,308.15,,7.8,,7.6,,buffer=Tris (0.050 M) + HCl; cosolvent=ethanol (30 %); c(orthophosphate)=0.002 M; c(MgCl2)=0.08 M; [TODO: probably typo in PDF: should c(MgCl2) be 0.008?]
3,1087,2,1,94,pyrophosphate(aq) + H2O(l) = 2 orthophosphate(aq),84DEM,308.15,,7.8,,7.9,,buffer=Tris (0.050 M) + HCl; cosolvent=dimethyl sulfoxide (30 %); c(orthophosphate)=0.001 M; c(MgCl2)=0.01 M; 
3,1087,2,1,118,pyrophosphate(aq) + H2O(l) = 2 orthophosphate(aq),84DEM,308.15,,7.8,,8.7,,buffer=Tris (0.050 M) + HCl; cosolvent=ethanol (30 %); c(orthophosphate)=0.001 M; c(MgCl2)=0.01 M; 
3,1087,2,1,140,pyrophosphate(aq) + H2O(l) = 2 orthophosphate(aq),84DEM,308.15,,7.8,,9.2,,buffer=Tris (0.050 M) + HCl; cosolvent=ethylene glycol (60 %); c(orthophosphate)=0.002 M; c(MgCl2)=0.004 M; 
3,1087,2,1,98,pyrophosphate(aq) + H2O(l) = 2 orthophosphate(aq),84DEM,308.15,,7.8,,9.3,,buffer=Tris (0.050 M) + HCl; cosolvent=glycerol (60 %); c(orthophosphate)=0.001 M; c(MgCl2)=0.006 M; 
3,1087,2,1,136,pyrophosphate(aq) + H2O(l) = 2 orthophosphate(aq),84DEM,308.15,,7.8,,9.5,,buffer=Tris (0.050 M) + HCl; cosolvent=glycerol (60 %); c(orthophosphate)=0.002 M; c(MgCl2)=0.01 M; 
3,1087,2,1,148,pyrophosphate(aq) + H2O(l) = 2 orthophosphate(aq),84DEM,308.15,,7.8,,9.9,,"buffer=Tris (0.050 M) + HCl; cosolvent=N,N-dimethylformamide (30 %); c(orthophosphate)=0.002 M; c(MgCl2)=0.08 M; [TODO: probably typo in PDF: should c(MgCl2) be 0.008?]"
3,1087,2,1,93,pyrophosphate(aq) + H2O(l) = 2 orthophosphate(aq),84DEM,308.15,,7.8,,1.10E+01,,buffer=Tris (0.050 M) + HCl; cosolvent=dimethyl sulfoxide (30 %); c(orthophosphate)=0.001 M; c(MgCl2)=0.008 M; 
3,1087,2,1,117,pyrophosphate(aq) + H2O(l) = 2 orthophosphate(aq),84DEM,308.15,,7.8,,1.20E+01,,buffer=Tris (0.050 M) + HCl; cosolvent=ethanol (30 %); c(orthophosphate)=0.001 M; c(MgCl2)=0.008 M; 
3,1087,2,1,153,pyrophosphate(aq) + H2O(l) = 2 orthophosphate(aq),84DEM,308.15,,7.8,,1.20E+01,,buffer=Tris (0.050 M) + HCl; cosolvent=ethanol (30 %); c(orthophosphate)=0.002 M; c(MgCl2)=0.006 M; 
3,1087,2,1,97,pyrophosphate(aq) + H2O(l) = 2 orthophosphate(aq),84DEM,308.15,,7.8,,1.30E+01,,buffer=Tris (0.050 M) + HCl; cosolvent=glycerol (60 %); c(orthophosphate)=0.001 M; c(MgCl2)=0.004 M; 
3,1087,2,1,92,pyrophosphate(aq) + H2O(l) = 2 orthophosphate(aq),84DEM,308.15,,7.8,,1.40E+01,,buffer=Tris (0.050 M) + HCl; cosolvent=dimethyl sulfoxide (30 %); c(orthophosphate)=0.001 M; c(MgCl2)=0.006 M; [typo in PDF: temperature is given as 08.15 but should be 308.15; corrected here]
3,1087,2,1,116,pyrophosphate(aq) + H2O(l) = 2 orthophosphate(aq),84DEM,308.15,,7.8,,1.40E+01,,buffer=Tris (0.050 M) + HCl; cosolvent=ethanol (30 %); c(orthophosphate)=0.001 M; c(MgCl2)=0.006 M; 
3,1087,2,1,130,pyrophosphate(aq) + H2O(l) = 2 orthophosphate(aq),84DEM,308.15,,7.8,,1.40E+01,,buffer=Tris (0.050 M) + HCl; cosolvent=dimethyl sulfoxide (30 %); c(orthophosphate)=0.002 M; c(MgCl2)=0.008 M; 
3,1087,2,1,147,pyrophosphate(aq) + H2O(l) = 2 orthophosphate(aq),84DEM,308.15,,7.8,,1.50E+01,,"buffer=Tris (0.050 M) + HCl; cosolvent=N,N-dimethylformamide (30 %); c(orthophosphate)=0.002 M; c(MgCl2)=0.006 M; "
3,1087,2,1,112,pyrophosphate(aq) + H2O(l) = 2 orthophosphate(aq),84DEM,308.15,,7.8,,1.60E+01,,buffer=Tris (0.050 M) + HCl; cosolvent=methanol (30 %); c(orthophosphate)=0.001 M; c(MgCl2)=0.01 M; 
3,1087,2,1,135,pyrophosphate(aq) + H2O(l) = 2 orthophosphate(aq),84DEM,308.15,,7.8,,1.70E+01,,buffer=Tris (0.050 M) + HCl; cosolvent=glycerol (60 %); c(orthophosphate)=0.002 M; c(MgCl2)=0.006 M; 
3,1087,2,1,3,pyrophosphate(aq) + H2O(l) = 2 orthophosphate(aq),84DEM,308.15,,7.8,,1.80E+01,,buffer=Tris (0.050 M) + HCl; cosolvent=ethanol (30 %); c(orthophosphate)=0.002 M; c(MgCl2)=0.004 M; 
3,1087,2,1,101,pyrophosphate(aq) + H2O(l) = 2 orthophosphate(aq),84DEM,308.15,,7.8,,1.80E+01,,buffer=Tris (0.050 M) + HCl; cosolvent=ethylene glycol (60 %); c(orthophosphate)=0.001 M; c(MgCl2)=0.001 M; 
3,1087,2,1,111,pyrophosphate(aq) + H2O(l) = 2 orthophosphate(aq),84DEM,308.15,,7.8,,1.80E+01,,buffer=Tris (0.050 M) + HCl; cosolvent=methanol (30 %); c(orthophosphate)=0.001 M; c(MgCl2)=0.008 M; 
3,1087,2,1,110,pyrophosphate(aq) + H2O(l) = 2 orthophosphate(aq),84DEM,308.15,,7.8,,1.90E+01,,buffer=Tris (0.050 M) + HCl; cosolvent=methanol (30 %); c(orthophosphate)=0.001 M; c(MgCl2)=0.006 M; 
3,1087,2,1,134,pyrophosphate(aq) + H2O(l) = 2 orthophosphate(aq),84DEM,308.15,,7.8,,2.00E+01,,buffer=Tris (0.050 M) + HCl; cosolvent=glycerol (60 %); c(orthophosphate)=0.002 M; c(MgCl2)=0.004 M; 
3,1087,2,1,171,pyrophosphate(aq) + H2O(l) = 2 orthophosphate(aq),84DEM,308.15,,7.8,,2.00E+01,,buffer=Tris (0.050 M) + HCl; cosolvent=ethylene glycol (60%); c(orthophosphate)=0.001 M; c(MgCl2)=0.001 M; 
3,1087,2,1,91,pyrophosphate(aq) + H2O(l) = 2 orthophosphate(aq),84DEM,308.15,,7.8,,2.10E+01,,buffer=Tris (0.050 M) + HCl; cosolvent=dimethyl sulfoxide (30 %); c(orthophosphate)=0.001 M; c(MgCl2)=0.004 M; 
3,1087,2,1,96,pyrophosphate(aq) + H2O(l) = 2 orthophosphate(aq),84DEM,308.15,,7.8,,2.10E+01,,buffer=Tris (0.050 M) + HCl; cosolvent=glycerol (60 %); c(orthophosphate)=0.001 M; c(MgCl2)=0.002 M; 
3,1087,2,1,152,pyrophosphate(aq) + H2O(l) = 2 orthophosphate(aq),84DEM,308.15,,7.8,,2.10E+01,,buffer=Tris (0.050 M) + HCl; cosolvent=ethanol (30 %); c(orthophosphate)=0.002 M; c(MgCl2)=0.004 M; 
3,1087,2,1,166,pyrophosphate(aq) + H2O(l) = 2 orthophosphate(aq),84DEM,308.15,,7.8,,2.10E+01,,buffer=Tris (0.050 M) + HCl; cosolvent=ethanol (30 %); c(orthophosphate)=0.002 M; c(MgCl2)=0.002 M; 
3,1087,2,1,172,pyrophosphate(aq) + H2O(l) = 2 orthophosphate(aq),84DEM,308.15,,7.8,,2.10E+01,,buffer=Tris (0.050 M) + HCl; cosolvent=ethylene glycol (60%); c(orthophosphate)=0.002 M; c(MgCl2)=0.002 M; 
3,1087,2,1,115,pyrophosphate(aq) + H2O(l) = 2 orthophosphate(aq),84DEM,308.15,,7.8,,2.30E+01,,buffer=Tris (0.050 M) + HCl; cosolvent=ethanol (30 %); c(orthophosphate)=0.001 M; c(MgCl2)=0.004 M; 
3,1087,2,1,139,pyrophosphate(aq) + H2O(l) = 2 orthophosphate(aq),84DEM,308.15,,7.8,,2.30E+01,,buffer=Tris (0.050 M) + HCl; cosolvent=ethylene glycol (60 %); c(orthophosphate)=0.002 M; c(MgCl2)=0.002 M; 
3,1087,2,1,1,pyrophosphate(aq) + H2O(l) = 2 orthophosphate(aq),84DEM,308.15,,7.8,,2.50E+01,,buffer=Tris (0.050 M) + HCl; cosolvent=dimethyl sulfoxide (30 %); c(orthophosphate)=0.002 M; c(MgCl2)=0.004 M; 
3,1087,2,1,109,pyrophosphate(aq) + H2O(l) = 2 orthophosphate(aq),84DEM,308.15,,7.8,,2.70E+01,,buffer=Tris (0.050 M) + HCl; cosolvent=methanol (30 %); c(orthophosphate)=0.001 M; c(MgCl2)=0.004 M; 
3,1087,2,1,164,pyrophosphate(aq) + H2O(l) = 2 orthophosphate(aq),84DEM,308.15,,7.8,,2.70E+01,,buffer=Tris (0.050 M) + HCl; cosolvent=glycerol (60 %); c(orthophosphate)=0.004 M; c(MgCl2)=0.004 M; 
3,1087,2,1,167,pyrophosphate(aq) + H2O(l) = 2 orthophosphate(aq),84DEM,308.15,,7.8,,2.70E+01,,buffer=Tris (0.050 M) + HCl; cosolvent=ethanol (30 %); c(orthophosphate)=0.004 M; c(MgCl2)=0.004 M; 
3,1087,2,1,11,pyrophosphate(aq) + H2O(l) = 2 orthophosphate(aq),84DEM,308.15,,7.8,,2.75E+01,,buffer=Tris (0.050 M) + HCl; cosolvent=glycerol (60 %); c(orthophosphate)=0.004 M; c(MgCl2)=0.004 M; 
3,1087,2,1,95,pyrophosphate(aq) + H2O(l) = 2 orthophosphate(aq),84DEM,308.15,,7.8,,3.00E+01,,buffer=Tris (0.050 M) + HCl; cosolvent=glycerol (60 %); c(orthophosphate)=0.001 M; c(MgCl2)=0.001 M; 
3,1087,2,1,146,pyrophosphate(aq) + H2O(l) = 2 orthophosphate(aq),84DEM,308.15,,7.8,,3.00E+01,,"buffer=Tris (0.050 M) + HCl; cosolvent=N,N-dimethylformamide (30 %); c(orthophosphate)=0.002 M; c(MgCl2)=0.004 M; "
3,1087,2,1,2,pyrophosphate(aq) + H2O(l) = 2 orthophosphate(aq),84DEM,308.15,,7.8,,3.10E+01,,"buffer=Tris (0.050 M) + HCl; cosolvent=N,N-dimethylformamide (30 %); c(orthophosphate)=0.002 M; c(MgCl2)=0.004 M; "
3,1087,2,1,129,pyrophosphate(aq) + H2O(l) = 2 orthophosphate(aq),84DEM,308.15,,7.8,,3.10E+01,,buffer=Tris (0.050 M) + HCl; cosolvent=dimethyl sulfoxide (30 %); c(orthophosphate)=0.002 M; c(MgCl2)=0.004 M; 
3,1087,2,1,133,pyrophosphate(aq) + H2O(l) = 2 orthophosphate(aq),84DEM,308.15,,7.8,,3.20E+01,,buffer=Tris (0.050 M) + HCl; cosolvent=glycerol (60 %); c(orthophosphate)=0.002 M; c(MgCl2)=0.002 M; 
3,1087,2,1,151,pyrophosphate(aq) + H2O(l) = 2 orthophosphate(aq),84DEM,308.15,,7.8,,3.20E+01,,buffer=Tris (0.050 M) + HCl; cosolvent=ethanol (30 %); c(orthophosphate)=0.002 M; c(MgCl2)=0.002 M; 
3,1087,2,1,4,pyrophosphate(aq) + H2O(l) = 2 orthophosphate(aq),84DEM,308.15,,7.8,,3.60E+01,,buffer=Tris (0.050 M) + HCl; cosolvent=methanol (30 %); c(orthophosphate)=0.002 M; c(MgCl2)=0.004 M; 
3,1087,2,1,138,pyrophosphate(aq) + H2O(l) = 2 orthophosphate(aq),84DEM,308.15,,7.8,,3.90E+01,,buffer=Tris (0.050 M) + HCl; cosolvent=ethylene glycol (60 %); c(orthophosphate)=0.002 M; c(MgCl2)=0.001 M; 
3,1087,2,1,12,pyrophosphate(aq) + H2O(l) = 2 orthophosphate(aq),84DEM,308.15,,7.8,,5.05E+01,,buffer=Tris (0.050 M) + HCl; cosolvent=ethylene glycol (30 %); c(orthophosphate)=0.004 M; c(MgCl2)=0.004 M; 
3,1087,2,1,114,pyrophosphate(aq) + H2O(l) = 2 orthophosphate(aq),84DEM,308.15,,7.8,,5.10E+01,,buffer=Tris (0.050 M) + HCl; cosolvent=ethanol (30 %); c(orthophosphate)=0.001 M; c(MgCl2)=0.002 M; 
3,1087,2,1,9,pyrophosphate(aq) + H2O(l) = 2 orthophosphate(aq),84DEM,308.15,,7.8,,5.65E+01,,buffer=Tris (0.050 M) + HCl; cosolvent=methanol (30 %); c(orthophosphate)=0.004 M; c(MgCl2)=0.004 M; 
3,1087,2,1,170,pyrophosphate(aq) + H2O(l) = 2 orthophosphate(aq),84DEM,308.15,,7.8,,6.00E+01,,buffer=Tris (0.050 M) + HCl; cosolvent=methanol (30 %); c(orthophosphate)=0.004 M; c(MgCl2)=0.004 M; 
3,1087,2,1,18,pyrophosphate(aq) + H2O(l) = 2 orthophosphate(aq),84DEM,308.15,,7.8,2,6.10E+01,,buffer=Tris (0.050 M) + HCl; cosolvent=none; c(orthophosphate)=0.001 M; c(MgCl2)=0.01 M; 
,,,,,,,,,,,,,
3,1087,2,1,132,pyrophosphate(aq) + H2O(l) = 2 orthophosphate(aq),84DEM,308.15,,7.8,,6.30E+01,,buffer=Tris (0.050 M) + HCl; cosolvent=glycerol (60 %); c(orthophosphate)=0.002 M; c(MgCl2)=0.001 M; 
3,1087,2,1,169,pyrophosphate(aq) + H2O(l) = 2 orthophosphate(aq),84DEM,308.15,,7.8,,6.40E+01,,buffer=Tris (0.050 M) + HCl; cosolvent=methanol (30 %); c(orthophosphate)=0.002 M; c(MgCl2)=0.02 M; [TODO: probably typo in PDF: should c(MgCl2) be 0.002?]
3,1087,2,1,41,pyrophosphate(aq) + H2O(l) = 2 orthophosphate(aq),84DEM,308.15,,7,1,6.60E+01,,buffer=imidazole (0.050 M); cosolvent=none; c(orthophosphate)=0.004 M; c(MgCl2)=0.1 M; 
3,1087,2,1,87,pyrophosphate(aq) + H2O(l) = 2 orthophosphate(aq),84DEM,308.15,,7.8,2.1,7.10E+01,,buffer=Tris (0.050 M) + HCl; cosolvent=none; c(orthophosphate)=0.001 M; c(MgCl2)=0.008 M; 
3,1087,2,1,19,pyrophosphate(aq) + H2O(l) = 2 orthophosphate(aq),84DEM,308.15,,7.8,2,7.20E+01,,buffer=Tris (0.050 M) + HCl; cosolvent=none; c(orthophosphate)=0.002 M; c(MgCl2)=0.01 M; 
3,1087,2,1,88,pyrophosphate(aq) + H2O(l) = 2 orthophosphate(aq),84DEM,308.15,,7.8,2,7.20E+01,,buffer=Tris (0.050 M) + HCl; cosolvent=none; c(orthophosphate)=0.001 M; c(MgCl2)=0.01 M; 
3,1087,2,1,90,pyrophosphate(aq) + H2O(l) = 2 orthophosphate(aq),84DEM,308.15,,7.8,,7.20E+01,,buffer=Tris (0.050 M) + HCl; cosolvent=dimethyl sulfoxide (30 %); c(orthophosphate)=0.001 M; c(MgCl2)=0.002 M; 
3,1087,2,1,150,pyrophosphate(aq) + H2O(l) = 2 orthophosphate(aq),84DEM,308.15,,7.8,,7.20E+01,,buffer=Tris (0.050 M) + HCl; cosolvent=ethanol (30 %); c(orthophosphate)=0.002 M; c(MgCl2)=0.001 M; 
3,1087,2,1,48,pyrophosphate(aq) + H2O(l) = 2 orthophosphate(aq),84DEM,308.15,,7.8,1,7.40E+01,,buffer=Tris (0.050 M) + HCl; cosolvent=none; c(orthophosphate)=0.004 M; c(MgCl2)=0.1 M; 
3,1087,2,1,62,pyrophosphate(aq) + H2O(l) = 2 orthophosphate(aq),84DEM,308.15,,7.8,1,7.40E+01,,buffer=Tris (0.050 M) + HCl; cosolvent=none; c(orthophosphate)=0.012 M; c(MgCl2)=0.1 M; 
3,1087,2,1,160,pyrophosphate(aq) + H2O(l) = 2 orthophosphate(aq),84DEM,308.15,,7.8,,8.00E+01,,buffer=Tris (0.050 M) + HCl; cosolvent=dimethyl sulfoxide (30 %); c(orthophosphate)=0.002 M; c(MgCl2)=0.002 M; 
3,1087,2,1,81,pyrophosphate(aq) + H2O(l) = 2 orthophosphate(aq),84DEM,293.15,,7.8,1,8.10E+01,,buffer=Tris (0.10 M) + HCl; cosolvent=none; c(orthophosphate)=0.012 M; c(MgCl2)=0.1 M; 
3,1087,2,1,47,pyrophosphate(aq) + H2O(l) = 2 orthophosphate(aq),84DEM,308.15,,7.8,1.4,8.20E+01,,buffer=Tris (0.050 M) + HCl; cosolvent=none; c(orthophosphate)=0.004 M; c(MgCl2)=0.04 M; 
3,1087,2,1,77,pyrophosphate(aq) + H2O(l) = 2 orthophosphate(aq),84DEM,293.15,,7.8,1.3,8.20E+01,,buffer=Tris (0.10 M) + HCl; cosolvent=none; c(orthophosphate)=0.012 M; c(MgCl2)=0.05 M; 
3,1087,2,1,125,pyrophosphate(aq) + H2O(l) = 2 orthophosphate(aq),84DEM,308.15,,7.8,2,8.20E+01,,buffer=Tris (0.050 M) + HCl; cosolvent=none; c(orthophosphate)=0.002 M; c(MgCl2)=0.01 M; 
3,1087,2,1,128,pyrophosphate(aq) + H2O(l) = 2 orthophosphate(aq),84DEM,308.15,,7.8,,8.40E+01,,buffer=Tris (0.050 M) + HCl; cosolvent=dimethyl sulfoxide (30 %); c(orthophosphate)=0.002 M; c(MgCl2)=0.002 M; 
3,1087,2,1,137,pyrophosphate(aq) + H2O(l) = 2 orthophosphate(aq),84DEM,308.15,,7.8,,8.40E+01,,buffer=Tris (0.050 M) + HCl; cosolvent=ethylene glycol (60 %); c(orthophosphate)=0.002 M; c(MgCl2)=0.0005 M; 
3,1087,2,1,56,pyrophosphate(aq) + H2O(l) = 2 orthophosphate(aq),84DEM,308.15,,7,1,8.90E+01,,buffer=imidazole (0.050 M); cosolvent=none; c(orthophosphate)=0.012 M; c(MgCl2)=0.1 M; 
3,1087,2,1,124,pyrophosphate(aq) + H2O(l) = 2 orthophosphate(aq),84DEM,308.15,,7.8,1.1,9.70E+01,,buffer=Tris (0.050 M) + HCl; cosolvent=none; c(orthophosphate)=0.002 M; c(MgCl2)=0.08 M; [TODO: probably typo in PDF: should c(MgCl2) be 0.008?]
3,1087,2,1,40,pyrophosphate(aq) + H2O(l) = 2 orthophosphate(aq),84DEM,308.15,,7,1.4,9.80E+01,,buffer=imidazole (0.050 M); cosolvent=none; c(orthophosphate)=0.004 M; c(MgCl2)=0.04 M; 
3,1087,2,1,80,pyrophosphate(aq) + H2O(l) = 2 orthophosphate(aq),84DEM,299.15,,7.8,1,1.00E+02,,buffer=Tris (0.10 M) + HCl; cosolvent=none; c(orthophosphate)=0.012 M; c(MgCl2)=0.1 M; 
3,1087,2,1,113,pyrophosphate(aq) + H2O(l) = 2 orthophosphate(aq),84DEM,308.15,,7.8,,1.00E+02,,buffer=Tris (0.050 M) + HCl; cosolvent=ethanol (30 %); c(orthophosphate)=0.001 M; c(MgCl2)=0.001 M; 
3,1087,2,1,165,pyrophosphate(aq) + H2O(l) = 2 orthophosphate(aq),84DEM,308.15,,7.8,,1.00E+02,,"buffer=Tris (0.050 M) + HCl; cosolvent=ethanol (30 %); c(orthophosphate)=0.001 M; c(MgCl2)=0.001 M; [not present in randr, but PDF says it's here; resolution: added manually]"
3,1087,2,1,46,pyrophosphate(aq) + H2O(l) = 2 orthophosphate(aq),84DEM,308.15,,7.8,1.7,1.10E+02,,buffer=Tris (0.050 M) + HCl; cosolvent=none; c(orthophosphate)=0.004 M; c(MgCl2)=0.02 M; 
3,1087,2,1,61,pyrophosphate(aq) + H2O(l) = 2 orthophosphate(aq),84DEM,308.15,,7.8,1.3,1.10E+02,,buffer=Tris (0.050 M) + HCl; cosolvent=none; c(orthophosphate)=0.012 M; c(MgCl2)=0.05 M; 
3,1087,2,1,76,pyrophosphate(aq) + H2O(l) = 2 orthophosphate(aq),84DEM,299.15,,7.8,1.3,1.10E+02,,buffer=Tris (0.10 M) + HCl; cosolvent=none; c(orthophosphate)=0.012 M; c(MgCl2)=0.05 M; 
3,1087,2,1,79,pyrophosphate(aq) + H2O(l) = 2 orthophosphate(aq),84DEM,302.15,,7.8,1,1.10E+02,,buffer=Tris (0.10 M) + HCl; cosolvent=none; c(orthophosphate)=0.012 M; c(MgCl2)=0.1 M; 
3,1087,2,1,123,pyrophosphate(aq) + H2O(l) = 2 orthophosphate(aq),84DEM,308.15,,7.8,2.22,1.10E+02,,buffer=Tris (0.050 M) + HCl; cosolvent=none; c(orthophosphate)=0.002 M; c(MgCl2)=0.006 M; 
3,1087,2,1,8,pyrophosphate(aq) + H2O(l) = 2 orthophosphate(aq),84DEM,308.15,,7.8,,1.19E+02,,buffer=Tris (0.050 M) + HCl; cosolvent=methanol (15 %); c(orthophosphate)=0.004 M; c(MgCl2)=0.004 M; 
3,1087,2,1,89,pyrophosphate(aq) + H2O(l) = 2 orthophosphate(aq),84DEM,308.15,,7.8,,1.20E+02,,buffer=Tris (0.050 M) + HCl; cosolvent=dimethyl sulfoxide (30 %); c(orthophosphate)=0.001 M; c(MgCl2)=0.001 M; 
3,1087,2,1,159,pyrophosphate(aq) + H2O(l) = 2 orthophosphate(aq),84DEM,308.15,,7.8,,1.20E+02,,"buffer=Tris (0.050 M) + HCl; cosolvent=dimethyl sulfoxide (30 %); c(orthophosphate)=0.001 M; c(MgCl2)=0.001 M; [not present in randr, but PDF says it's here; resolution: added manually]"
3,1087,2,1,31,pyrophosphate(aq) + H2O(l) = 2 orthophosphate(aq),84DEM,308.15,,8.93,2,1.30E+02,,buffer=Tris (0.050 M) + HCl; cosolvent=none; c(orthophosphate)=0.004 M; c(MgCl2)=0.01 M; 
3,1087,2,1,72,pyrophosphate(aq) + H2O(l) = 2 orthophosphate(aq),84DEM,293.15,,7.8,1.6,1.30E+02,,buffer=Tris (0.10 M) + HCl; cosolvent=none; c(orthophosphate)=0.012 M; c(MgCl2)=0.025 M; 
3,1087,2,1,85,pyrophosphate(aq) + H2O(l) = 2 orthophosphate(aq),84DEM,308.15,,7.8,2.4,1.30E+02,,buffer=Tris (0.050 M) + HCl; cosolvent=none; c(orthophosphate)=0.001 M; c(MgCl2)=0.004 M; 
3,1087,2,1,10,pyrophosphate(aq) + H2O(l) = 2 orthophosphate(aq),84DEM,308.15,,7.8,,1.33E+02,,buffer=Tris (0.050 M) + HCl; cosolvent=glycerol (30 %); c(orthophosphate)=0.004 M; c(MgCl2)=0.004 M; 
3,1087,2,1,35,pyrophosphate(aq) + H2O(l) = 2 orthophosphate(aq),84DEM,308.15,,6.2,1,1.40E+02,,buffer=imidazole (0.050 M); cosolvent=none; c(orthophosphate)=0.004 M; c(MgCl2)=0.1 M; 
3,1087,2,1,75,pyrophosphate(aq) + H2O(l) = 2 orthophosphate(aq),84DEM,302.15,,7.8,1.3,1.40E+02,,buffer=Tris (0.10 M) + HCl; cosolvent=none; c(orthophosphate)=0.012 M; c(MgCl2)=0.05 M; 
3,1087,2,1,6,pyrophosphate(aq) + H2O(l) = 2 orthophosphate(aq),84DEM,308.15,,7.8,,1.42E+02,,buffer=Tris (0.050 M) + HCl; cosolvent=dimethyl sulfoxide (15 %); c(orthophosphate)=0.004 M; c(MgCl2)=0.004 M; 
3,1087,2,1,71,pyrophosphate(aq) + H2O(l) = 2 orthophosphate(aq),84DEM,299.15,,7.8,1.6,1.60E+02,,buffer=Tris (0.10 M) + HCl; cosolvent=none; c(orthophosphate)=0.012 M; c(MgCl2)=0.025 M; 
3,1087,2,1,78,pyrophosphate(aq) + H2O(l) = 2 orthophosphate(aq),84DEM,308.15,,7.8,1,1.60E+02,,buffer=Tris (0.10 M) + HCl; cosolvent=none; c(orthophosphate)=0.012 M; c(MgCl2)=0.1 M; 
3,1087,2,1,108,pyrophosphate(aq) + H2O(l) = 2 orthophosphate(aq),84DEM,308.15,,7.8,,1.60E+02,,buffer=Tris (0.050 M) + HCl; cosolvent=methanol (30 %); c(orthophosphate)=0.001 M; c(MgCl2)=0.002 M; 
3,1087,2,1,39,pyrophosphate(aq) + H2O(l) = 2 orthophosphate(aq),84DEM,308.15,,7,1.7,1.70E+02,,buffer=imidazole (0.050 M); cosolvent=none; c(orthophosphate)=0.004 M; c(MgCl2)=0.02 M; 
3,1087,2,1,74,pyrophosphate(aq) + H2O(l) = 2 orthophosphate(aq),84DEM,308.15,,7.8,1.3,1.70E+02,,buffer=Tris (0.10 M) + HCl; cosolvent=none; c(orthophosphate)=0.012 M; c(MgCl2)=0.05 M; 
3,1087,2,1,122,pyrophosphate(aq) + H2O(l) = 2 orthophosphate(aq),84DEM,308.15,,7.8,2.4,1.70E+02,,buffer=Tris (0.050 M) + HCl; cosolvent=none; c(orthophosphate)=0.002 M; c(MgCl2)=0.004 M; 
3,1087,2,1,127,pyrophosphate(aq) + H2O(l) = 2 orthophosphate(aq),84DEM,308.15,,7.8,,1.72E+02,,buffer=Tris (0.050 M) + HCl; cosolvent=dimethyl sulfoxide (30 %); c(orthophosphate)=0.002 M; c(MgCl2)=0.001 M; 
3,1087,2,1,20,pyrophosphate(aq) + H2O(l) = 2 orthophosphate(aq),84DEM,308.15,,7.8,2,1.80E+02,,buffer=Tris (0.050 M) + HCl; cosolvent=none; c(orthophosphate)=0.004 M; c(MgCl2)=0.01 M; 
3,1087,2,1,30,pyrophosphate(aq) + H2O(l) = 2 orthophosphate(aq),84DEM,308.15,,7.82,2,1.80E+02,,buffer=Tris (0.050 M) + HCl; cosolvent=none; c(orthophosphate)=0.004 M; c(MgCl2)=0.01 M; 
3,1087,2,1,45,pyrophosphate(aq) + H2O(l) = 2 orthophosphate(aq),84DEM,308.15,,7.8,,1.80E+02,,"buffer=Tris (0.050 M) + HCl; cosolvent=none; c(orthophosphate)=0.004 M; c(MgCl2)=0.01 M; [not present in randr, but PDF says it's here; resolution: added manually]"
3,1087,2,1,60,pyrophosphate(aq) + H2O(l) = 2 orthophosphate(aq),84DEM,308.15,,7.8,1.6,1.80E+02,,buffer=Tris (0.050 M) + HCl; cosolvent=none; c(orthophosphate)=0.012 M; c(MgCl2)=0.025 M; 
3,1087,2,1,144,pyrophosphate(aq) + H2O(l) = 2 orthophosphate(aq),84DEM,308.15,,7.8,,1.80E+02,,"buffer=Tris (0.050 M) + HCl; cosolvent=N,N-dimethylformamide (30 %); c(orthophosphate)=0.002 M; c(MgCl2)=0.001 M; "
3,1087,2,1,55,pyrophosphate(aq) + H2O(l) = 2 orthophosphate(aq),84DEM,308.15,,7,1.3,1.90E+02,,buffer=imidazole (0.050 M); cosolvent=none; c(orthophosphate)=0.012 M; c(MgCl2)=0.05 M; 
3,1087,2,1,107,pyrophosphate(aq) + H2O(l) = 2 orthophosphate(aq),84DEM,308.15,,7.8,,2.00E+02,,buffer=Tris (0.050 M) + HCl; cosolvent=methanol (30 %); c(orthophosphate)=0.001 M; c(MgCl2)=0.001 M; 
3,1087,2,1,168,pyrophosphate(aq) + H2O(l) = 2 orthophosphate(aq),84DEM,308.15,,7.8,,2.00E+02,,"buffer=Tris (0.050 M) + HCl; cosolvent=methanol (30 %); c(orthophosphate)=0.001 M; c(MgCl2)=0.001 M; [not present in randr, but PDF says it's here; resolution: added manually]"
3,1087,2,1,70,pyrophosphate(aq) + H2O(l) = 2 orthophosphate(aq),84DEM,302.15,,7.8,1.6,2.10E+02,,buffer=Tris (0.10 M) + HCl; cosolvent=none; c(orthophosphate)=0.012 M; c(MgCl2)=0.025 M; 
3,1087,2,1,69,pyrophosphate(aq) + H2O(l) = 2 orthophosphate(aq),84DEM,308.15,,7.8,1.6,2.30E+02,,buffer=Tris (0.10 M) + HCl; cosolvent=none; c(orthophosphate)=0.012 M; c(MgCl2)=0.025 M; 
3,1087,2,1,73,pyrophosphate(aq) + H2O(l) = 2 orthophosphate(aq),84DEM,313.15,,7.8,1.3,2.30E+02,,buffer=Tris (0.10 M) + HCl; cosolvent=none; c(orthophosphate)=0.012 M; c(MgCl2)=0.05 M; 
3,1087,2,1,29,pyrophosphate(aq) + H2O(l) = 2 orthophosphate(aq),84DEM,308.15,,7,2,2.70E+02,,buffer=imidazole (0.050 M); cosolvent=none; c(orthophosphate)=0.004 M; c(MgCl2)=0.01 M; 
3,1087,2,1,84,pyrophosphate(aq) + H2O(l) = 2 orthophosphate(aq),84DEM,308.15,,7.8,2.7,2.70E+02,,buffer=Tris (0.050 M) + HCl; cosolvent=none; c(orthophosphate)=0.001 M; c(MgCl2)=0.002 M; 
3,1087,2,1,38,pyrophosphate(aq) + H2O(l) = 2 orthophosphate(aq),84DEM,308.15,,7,2,2.80E+02,,buffer=imidazole (0.050 M); cosolvent=none; c(orthophosphate)=0.004 M; c(MgCl2)=0.01 M; 
3,1087,2,1,67,pyrophosphate(aq) + H2O(l) = 2 orthophosphate(aq),84DEM,293.15,,7.8,2,2.80E+02,,buffer=Tris (0.10 M) + HCl; cosolvent=none; c(orthophosphate)=0.012 M; c(MgCl2)=0.01 M; 
,,,,,,,,,,,,,
3,1087,2,1,162,pyrophosphate(aq) + H2O(l) = 2 orthophosphate(aq),84DEM,308.15,,7.8,,3.00E+02,,buffer=Tris (0.050 M) + HCl; cosolvent=glycerol (60 %); c(orthophosphate)=0.001 M; c(MgCl2)=0.001 M; 
3,1087,2,1,163,pyrophosphate(aq) + H2O(l) = 2 orthophosphate(aq),84DEM,308.15,,7.8,,3.00E+02,,buffer=Tris (0.050 M) + HCl; cosolvent=glycerol (60 %); c(orthophosphate)=0.002 M; c(MgCl2)=0.002 M; 
3,1087,2,1,23,pyrophosphate(aq) + H2O(l) = 2 orthophosphate(aq),84DEM,308.15,,7.8,2.7,3.10E+02,,buffer=Tris (0.050 M) + HCl; cosolvent=none; c(orthophosphate)=0.002 M; c(MgCl2)=0.002 M; 
3,1087,2,1,52,pyrophosphate(aq) + H2O(l) = 2 orthophosphate(aq),84DEM,308.15,,6.2,1,3.10E+02,,buffer=imidazole (0.050 M); cosolvent=none; c(orthophosphate)=0.012 M; c(MgCl2)=0.1 M; 
3,1087,2,1,121,pyrophosphate(aq) + H2O(l) = 2 orthophosphate(aq),84DEM,308.15,,7.8,,3.10E+02,,"buffer=Tris (0.050 M) + HCl; cosolvent=none; c(orthophosphate)=0.002 M; c(MgCl2)=0.002 M; [not present in randr, but PDF says it's here; resolution: added manually]"
3,1087,2,1,157,pyrophosphate(aq) + H2O(l) = 2 orthophosphate(aq),84DEM,308.15,,7.8,,3.10E+02,,"buffer=Tris (0.050 M) + HCl; cosolvent=none; c(orthophosphate)=0.002 M; c(MgCl2)=0.002 M; [not present in randr, but PDF says it's here; resolution: added manually]"
3,1087,2,1,68,pyrophosphate(aq) + H2O(l) = 2 orthophosphate(aq),84DEM,313.15,,7.8,1.6,3.20E+02,,buffer=Tris (0.10 M) + HCl; cosolvent=none; c(orthophosphate)=0.012 M; c(MgCl2)=0.025 M; 
3,1087,2,1,156,pyrophosphate(aq) + H2O(l) = 2 orthophosphate(aq),84DEM,308.15,,7.8,3,3.50E+02,,buffer=Tris (0.050 M) + HCl; cosolvent=none; c(orthophosphate)=0.001 M; c(MgCl2)=0.001 M; 
3,1087,2,1,14,pyrophosphate(aq) + H2O(l) = 2 orthophosphate(aq),84DEM,308.15,,7.8,3,3.70E+02,,buffer=Tris (0.050 M) + HCl; cosolvent=none; c(orthophosphate)=0.001 M; c(MgCl2)=0.001 M; 
3,1087,2,1,22,pyrophosphate(aq) + H2O(l) = 2 orthophosphate(aq),84DEM,308.15,,7.8,,3.70E+02,,"buffer=Tris (0.050 M) + HCl; cosolvent=none; c(orthophosphate)=0.001 M; c(MgCl2)=0.001 M; [not present in randr, but PDF says it's here; resolution: added manually]"
3,1087,2,1,24,pyrophosphate(aq) + H2O(l) = 2 orthophosphate(aq),84DEM,308.15,,7.8,2.4,3.70E+02,,buffer=Tris (0.050 M) + HCl; cosolvent=none; c(orthophosphate)=0.004 M; c(MgCl2)=0.004 M; 
3,1087,2,1,44,pyrophosphate(aq) + H2O(l) = 2 orthophosphate(aq),84DEM,308.15,,7.8,,3.70E+02,,"buffer=Tris (0.050 M) + HCl; cosolvent=none; c(orthophosphate)=0.004 M; c(MgCl2)=0.004 M; [not present in randr, but PDF says it's here; resolution: added manually]"
3,1087,2,1,83,pyrophosphate(aq) + H2O(l) = 2 orthophosphate(aq),84DEM,308.15,,7.8,,3.70E+02,,"buffer=Tris (0.050 M) + HCl; cosolvent=none; c(orthophosphate)=0.001 M; c(MgCl2)=0.001 M; [not present in randr, but PDF says it's here; resolution: added manually]"
3,1087,2,1,5,pyrophosphate(aq) + H2O(l) = 2 orthophosphate(aq),84DEM,308.15,,7.8,2.4,3.72E+02,,buffer=Tris (0.050 M) + HCl; cosolvent=none; c(orthophosphate)=0.004 M; c(MgCl2)=0.004 M; 
3,1087,2,1,26,pyrophosphate(aq) + H2O(l) = 2 orthophosphate(aq),84DEM,308.15,,7.8,1.92,4.00E+02,,buffer=Tris (0.050 M) + HCl; cosolvent=none; c(orthophosphate)=0.012 M; c(MgCl2)=0.012 M; 
3,1087,2,1,54,pyrophosphate(aq) + H2O(l) = 2 orthophosphate(aq),84DEM,308.15,,7,1.6,4.00E+02,,buffer=imidazole (0.050 M); cosolvent=none; c(orthophosphate)=0.012 M; c(MgCl2)=0.025 M; 
3,1087,2,1,158,pyrophosphate(aq) + H2O(l) = 2 orthophosphate(aq),84DEM,308.15,,7.8,2.4,4.00E+02,,buffer=Tris (0.050 M) + HCl; cosolvent=none; c(orthophosphate)=0.004 M; c(MgCl2)=0.004 M; 
3,1087,2,1,34,pyrophosphate(aq) + H2O(l) = 2 orthophosphate(aq),84DEM,308.15,,6.2,1.4,4.20E+02,,buffer=imidazole (0.050 M); cosolvent=none; c(orthophosphate)=0.004 M; c(MgCl2)=0.04 M; 
3,1087,2,1,66,pyrophosphate(aq) + H2O(l) = 2 orthophosphate(aq),84DEM,299.15,,7.8,2,4.20E+02,,buffer=Tris (0.10 M) + HCl; cosolvent=none; c(orthophosphate)=0.012 M; c(MgCl2)=0.01 M; 
3,1087,2,1,21,pyrophosphate(aq) + H2O(l) = 2 orthophosphate(aq),84DEM,308.15,,7.8,2,4.30E+02,,buffer=Tris (0.050 M) + HCl; cosolvent=none; c(orthophosphate)=0.012 M; c(MgCl2)=0.01 M; 
3,1087,2,1,59,pyrophosphate(aq) + H2O(l) = 2 orthophosphate(aq),84DEM,308.15,,7.8,2,4.40E+02,,buffer=Tris (0.050 M) + HCl; cosolvent=none; c(orthophosphate)=0.012 M; c(MgCl2)=0.01 M; 
3,1087,2,1,25,pyrophosphate(aq) + H2O(l) = 2 orthophosphate(aq),84DEM,308.15,,7.8,2.3,4.50E+02,,buffer=Tris (0.050 M) + HCl; cosolvent=none; c(orthophosphate)=0.005 M; c(MgCl2)=0.005 M; 
3,1087,2,1,126,pyrophosphate(aq) + H2O(l) = 2 orthophosphate(aq),84DEM,308.15,,7.8,,4.60E+02,,buffer=Tris (0.050 M) + HCl; cosolvent=dimethyl sulfoxide (30 %); c(orthophosphate)=0.002 M; c(MgCl2)=0.0005 M; 
3,1087,2,1,65,pyrophosphate(aq) + H2O(l) = 2 orthophosphate(aq),84DEM,302.15,,7.8,2,4.90E+02,,buffer=Tris (0.10 M) + HCl; cosolvent=none; c(orthophosphate)=0.012 M; c(MgCl2)=0.01 M; 
3,1087,2,1,15,pyrophosphate(aq) + H2O(l) = 2 orthophosphate(aq),84DEM,308.15,,7.8,3,5.00E+02,,buffer=Tris (0.050 M) + HCl; cosolvent=none; c(orthophosphate)=0.002 M; c(MgCl2)=0.001 M; 
3,1087,2,1,145,pyrophosphate(aq) + H2O(l) = 2 orthophosphate(aq),84DEM,308.15,,7.8,,5.00E+02,,"buffer=Tris (0.050 M) + HCl; cosolvent=N,N-dimethylformamide (30 %); c(orthophosphate)=0.002 M; c(MgCl2)=0.002 M; "
3,1087,2,1,51,pyrophosphate(aq) + H2O(l) = 2 orthophosphate(aq),84DEM,308.15,,6.2,1.3,5.10E+02,,buffer=imidazole (0.050 M); cosolvent=none; c(orthophosphate)=0.012 M; c(MgCl2)=0.05 M; 
3,1087,2,1,131,pyrophosphate(aq) + H2O(l) = 2 orthophosphate(aq),84DEM,308.15,,7.8,,5.20E+02,,buffer=Tris (0.050 M) + HCl; cosolvent=glycerol (60 %); c(orthophosphate)=0.002 M; c(MgCl2)=0.0005 M; 
3,1087,2,1,120,pyrophosphate(aq) + H2O(l) = 2 orthophosphate(aq),84DEM,308.15,,7.8,3,5.30E+02,,buffer=Tris (0.050 M) + HCl; cosolvent=none; c(orthophosphate)=0.002 M; c(MgCl2)=0.001 M; 
3,1087,2,1,82,pyrophosphate(aq) + H2O(l) = 2 orthophosphate(aq),84DEM,308.15,,7.8,3.3,5.40E+02,,buffer=Tris (0.050 M) + HCl; cosolvent=none; c(orthophosphate)=0.001 M; c(MgCl2)=0.0005 M; 
3,1087,2,1,28,pyrophosphate(aq) + H2O(l) = 2 orthophosphate(aq),84DEM,308.15,,6.42,2,5.70E+02,,buffer=imidazole (0.050 M); cosolvent=none; c(orthophosphate)=0.004 M; c(MgCl2)=0.01 M; 
3,1087,2,1,43,pyrophosphate(aq) + H2O(l) = 2 orthophosphate(aq),84DEM,308.15,,7.8,2.7,6.50E+02,,buffer=Tris (0.050 M) + HCl; cosolvent=none; c(orthophosphate)=0.004 M; c(MgCl2)=0.002 M; 
3,1087,2,1,64,pyrophosphate(aq) + H2O(l) = 2 orthophosphate(aq),84DEM,308.15,,7.8,2,6.60E+02,,buffer=Tris (0.10 M) + HCl; cosolvent=none; c(orthophosphate)=0.012 M; c(MgCl2)=0.01 M; 
3,1087,2,1,37,pyrophosphate(aq) + H2O(l) = 2 orthophosphate(aq),84DEM,308.15,,7,2.4,6.90E+02,,buffer=imidazole (0.050 M); cosolvent=none; c(orthophosphate)=0.004 M; c(MgCl2)=0.004 M; 
3,1087,2,1,63,pyrophosphate(aq) + H2O(l) = 2 orthophosphate(aq),84DEM,313.15,,7.8,2,8.30E+02,,buffer=Tris (0.10 M) + HCl; cosolvent=none; c(orthophosphate)=0.012 M; c(MgCl2)=0.01 M; 
,,,,,,,,,,,,,
3,1087,2,1,119,pyrophosphate(aq) + H2O(l) = 2 orthophosphate(aq),84DEM,308.15,,7.8,3.3,9.00E+02,,buffer=Tris (0.050 M) + HCl; cosolvent=none; c(orthophosphate)=0.002 M; c(MgCl2)=0.0005 M; 
3,1087,2,1,50,pyrophosphate(aq) + H2O(l) = 2 orthophosphate(aq),84DEM,308.15,,6.2,1.6,9.20E+02,,buffer=imidazole (0.050 M); cosolvent=none; c(orthophosphate)=0.012 M; c(MgCl2)=0.025 M; 
3,1087,2,1,86,pyrophosphate(aq) + H2O(l) = 2 orthophosphate(aq),84DEM,308.15,,7.8,2.22,9.70E+02,,buffer=Tris (0.050 M) + HCl; cosolvent=none; c(orthophosphate)=0.001 M; c(MgCl2)=0.006 M; 
3,1087,2,1,58,pyrophosphate(aq) + H2O(l) = 2 orthophosphate(aq),84DEM,308.15,,7.8,2.4,1.00E+03,,buffer=Tris (0.050 M) + HCl; cosolvent=none; c(orthophosphate)=0.012 M; c(MgCl2)=0.004 M; 
3,1087,2,1,27,pyrophosphate(aq) + H2O(l) = 2 orthophosphate(aq),84DEM,308.15,,6.15,2,1.20E+03,,buffer=imidazole (0.050 M); cosolvent=none; c(orthophosphate)=0.004 M; c(MgCl2)=0.01 M; 
3,1087,2,1,33,pyrophosphate(aq) + H2O(l) = 2 orthophosphate(aq),84DEM,308.15,,6.2,2,1.20E+03,,buffer=imidazole (0.050 M); cosolvent=none; c(orthophosphate)=0.004 M; c(MgCl2)=0.01 M; 
3,1087,2,1,53,pyrophosphate(aq) + H2O(l) = 2 orthophosphate(aq),84DEM,308.15,,7,2,1.20E+03,,buffer=imidazole (0.050 M); cosolvent=none; c(orthophosphate)=0.012 M; c(MgCl2)=0.01 M; 
3,1087,2,1,16,pyrophosphate(aq) + H2O(l) = 2 orthophosphate(aq),84DEM,308.15,,7.8,3,1.50E+03,,buffer=Tris (0.050 M) + HCl; cosolvent=none; c(orthophosphate)=0.004 M; c(MgCl2)=0.001 M; 
3,1087,2,1,42,pyrophosphate(aq) + H2O(l) = 2 orthophosphate(aq),84DEM,308.15,,7.8,,1.50E+03,,"buffer=Tris (0.050 M) + HCl; cosolvent=none; c(orthophosphate)=0.004 M; c(MgCl2)=0.001 M; [not present in randr, but PDF says it's here; resolution: added manually]"
3,1087,2,1,32,pyrophosphate(aq) + H2O(l) = 2 orthophosphate(aq),84DEM,308.15,,6.2,2,2.60E+03,,buffer=imidazole (0.050 M); cosolvent=none; c(orthophosphate)=0.004 M; c(MgCl2)=0.004 M; 
3,1087,2,1,49,pyrophosphate(aq) + H2O(l) = 2 orthophosphate(aq),84DEM,308.15,,6.2,2.4,2.60E+03,,buffer=imidazole (0.050 M); cosolvent=none; c(orthophosphate)=0.012 M; c(MgCl2)=0.01 M; 
3,1087,2,1,17,pyrophosphate(aq) + H2O(l) = 2 orthophosphate(aq),84DEM,308.15,,7.8,3,3.00E+03,,buffer=Tris (0.050 M) + HCl; cosolvent=none; c(orthophosphate)=0.012 M; c(MgCl2)=0.001 M; 
3,1087,2,1,57,pyrophosphate(aq) + H2O(l) = 2 orthophosphate(aq),84DEM,308.15,,7.8,,3.00E+03,,"buffer=Tris (0.050 M) + HCl; cosolvent=none; c(orthophosphate)=0.012 M; c(MgCl2)=0.001 M; [not present in randr, but PDF says it's here; resolution: added manually]"
3,1087,2,1,36,pyrophosphate(aq) + H2O(l) = 2 orthophosphate(aq),84DEM,308.15,,7,3,4.00E+03,,buffer=imidazole (0.050 M); cosolvent=none; c(orthophosphate)=0.004 M; c(MgCl2)=0.001 M; 
3,1087,1,1,1,pyrophosphate(aq) + H2O(l) = 2 orthophosphate(aq),82DEM,308.15,,6,2,3.03E2,,
3,1087,1,1,2,pyrophosphate(aq) + H2O(l) = 2 orthophosphate(aq),82DEM,308.15,,6,1.6,5.20E2,,
3,1087,1,1,3,pyrophosphate(aq) + H2O(l) = 2 orthophosphate(aq),82DEM,308.15,,6,1.3,9.49E2,,
3,1087,1,1,4,pyrophosphate(aq) + H2O(l) = 2 orthophosphate(aq),82DEM,308.15,,6,1,2.66E3,,
3,1087,1,1,5,pyrophosphate(aq) + H2O(l) = 2 orthophosphate(aq),82DEM,308.15,,7,4,7.90E1,,
3,1087,1,1,6,pyrophosphate(aq) + H2O(l) = 2 orthophosphate(aq),82DEM,308.15,,7,3,1.25E2,,
3,1087,1,1,7,pyrophosphate(aq) + H2O(l) = 2 orthophosphate(aq),82DEM,308.15,,7,1.2,2.31E2,,
3,1087,1,1,8,pyrophosphate(aq) + H2O(l) = 2 orthophosphate(aq),82DEM,308.15,,7,1.6,6.87E2,,
3,1087,1,1,9,pyrophosphate(aq) + H2O(l) = 2 orthophosphate(aq),82DEM,308.15,,7,1.3,2.06E3,,
3,1087,1,1,10,pyrophosphate(aq) + H2O(l) = 2 orthophosphate(aq),82DEM,308.15,,7,1,1.24E4,,
3,1087,1,1,11,pyrophosphate(aq) + H2O(l) = 2 orthophosphate(aq),82DEM,293.15,,7.8,2,1.26E2,,
3,1087,1,1,12,pyrophosphate(aq) + H2O(l) = 2 orthophosphate(aq),82DEM,299.15,,7.8,2,1.56E2,,
3,1087,1,1,13,pyrophosphate(aq) + H2O(l) = 2 orthophosphate(aq),82DEM,303.15,,7.8,2,1.87E2,,
3,1087,1,1,14,pyrophosphate(aq) + H2O(l) = 2 orthophosphate(aq),82DEM,308.15,,7.8,2,2.35E2,,
3,1087,1,1,15,pyrophosphate(aq) + H2O(l) = 2 orthophosphate(aq),82DEM,313.15,,7.8,2,2.94E2,,
3,1087,1,1,16,pyrophosphate(aq) + H2O(l) = 2 orthophosphate(aq),82DEM,293.15,,7.8,1.6,3.20E2,,
3,1087,1,1,17,pyrophosphate(aq) + H2O(l) = 2 orthophosphate(aq),82DEM,299.15,,7.8,1.6,3.72E2,,
3,1087,1,1,18,pyrophosphate(aq) + H2O(l) = 2 orthophosphate(aq),82DEM,303.15,,7.8,1.6,4.66E2,,
3,1087,1,1,19,pyrophosphate(aq) + H2O(l) = 2 orthophosphate(aq),82DEM,308.15,,7.8,1.6,5.72E2,,
3,1087,1,1,20,pyrophosphate(aq) + H2O(l) = 2 orthophosphate(aq),82DEM,313.15,,7.8,1.6,8.65E2,,
3,1091,1,1,1,pyrophosphate(aq) + H2O(l) = 2 orthophosphate(aq),85DEM/BEH,303.15,,6.2,2.4,3.29E2,,buffer=Mes (0.050 M); cosolvent=none; x(cosolvent)=0; c(orthophosphate)=0.001 M; c(MgCl2)=0.004 M
3,1091,1,1,2,pyrophosphate(aq) + H2O(l) = 2 orthophosphate(aq),85DEM/BEH,303.15,,6.2,2,1.33E2,,buffer=Mes (0.050 M); cosolvent=none; x(cosolvent)=0; c(orthophosphate)=0.001 M; c(MgCl2)=0.01 M
3,1091,1,1,3,pyrophosphate(aq) + H2O(l) = 2 orthophosphate(aq),85DEM/BEH,303.15,,6.2,1.7,1.00E2,,buffer=Mes (0.050 M); cosolvent=none; x(cosolvent)=0; c(orthophosphate)=0.001 M; c(MgCl2)=0.02 M
3,1091,1,1,4,pyrophosphate(aq) + H2O(l) = 2 orthophosphate(aq),85DEM/BEH,303.15,,6.2,,7.50E1,,"buffer=Mes (0.050 M); cosolvent=ethylene glycol, 66 %(w/v); x(cosolvent)=?; c(orthophosphate)=0.001 M; c(MgCl2)=0.004 M"
3,1091,1,1,5,pyrophosphate(aq) + H2O(l) = 2 orthophosphate(aq),85DEM/BEH,303.15,,6.2,,3.50E1,,"buffer=Mes (0.050 M); cosolvent=ethylene glycol, 66 %(w/v); x(cosolvent)=?; c(orthophosphate)=0.001 M; c(MgCl2)=0.01 M"
3,1091,1,1,6,pyrophosphate(aq) + H2O(l) = 2 orthophosphate(aq),85DEM/BEH,303.15,,6.2,,2.20E1,,"buffer=Mes (0.050 M); cosolvent=ethylene glycol, 66 %(w/v); x(cosolvent)=?; c(orthophosphate)=0.001 M; c(MgCl2)=0.02 M"
3,1091,1,1,7,pyrophosphate(aq) + H2O(l) = 2 orthophosphate(aq),85DEM/BEH,303.15,,6.2,,1.50E1,,"buffer=Mes (0.050 M); cosolvent=ethylene glycol, 66 %(w/v); x(cosolvent)=?; c(orthophosphate)=0.001 M; c(MgCl2)=0.04 M"
3,1091,1,1,8,pyrophosphate(aq) + H2O(l) = 2 orthophosphate(aq),85DEM/BEH,303.15,,6.2,,7.50E1,,"buffer=Mes (0.050 M); cosolvent=poly(ethylene glycol) 3500, 50 %(w/v); x(cosolvent)=?; c(orthophosphate)=0.001 M; c(MgCl2)=0.004 M"
3,1091,1,1,9,pyrophosphate(aq) + H2O(l) = 2 orthophosphate(aq),85DEM/BEH,303.15,,6.2,,4.20E1,,"buffer=Mes (0.050 M); cosolvent=poly(ethylene glycol) 3500, 50 %(w/v); x(cosolvent)=?; c(orthophosphate)=0.001 M; c(MgCl2)=0.01 M"
3,1091,1,1,10,pyrophosphate(aq) + H2O(l) = 2 orthophosphate(aq),85DEM/BEH,303.15,,6.2,,2.90E1,,"buffer=Mes (0.050 M); cosolvent=poly(ethylene glycol) 3500, 50 %(w/v); x(cosolvent)=?; c(orthophosphate)=0.001 M; c(MgCl2)=0.02 M"
3,1091,1,1,11,pyrophosphate(aq) + H2O(l) = 2 orthophosphate(aq),85DEM/BEH,303.15,,6.2,,1.50E1,,"buffer=Mes (0.050 M); cosolvent=poly(ethylene glycol) 3500, 50 %(w/v); x(cosolvent)=?; c(orthophosphate)=0.001 M; c(MgCl2)=0.04 M"
3,1091,1,1,12,pyrophosphate(aq) + H2O(l) = 2 orthophosphate(aq),85DEM/BEH,303.15,,6.2,,4.10E1,,"buffer=Mes (0.050 M); cosolvent=poly(ethylene glycol) 8000, 50 %(w/v); x(cosolvent)=?; c(orthophosphate)=0.001 M; c(MgCl2)=0.004 M"
3,1091,1,1,13,pyrophosphate(aq) + H2O(l) = 2 orthophosphate(aq),85DEM/BEH,303.15,,6.2,,2.40E1,,"buffer=Mes (0.050 M); cosolvent=poly(ethylene glycol) 8000, 50 %(w/v); x(cosolvent)=?; c(orthophosphate)=0.001 M; c(MgCl2)=0.01 M"
3,1091,1,1,14,pyrophosphate(aq) + H2O(l) = 2 orthophosphate(aq),85DEM/BEH,303.15,,6.2,,1.10E1,,"buffer=Mes (0.050 M); cosolvent=poly(ethylene glycol) 8000, 50 %(w/v); x(cosolvent)=?; c(orthophosphate)=0.001 M; c(MgCl2)=0.02 M"
3,1091,1,1,15,pyrophosphate(aq) + H2O(l) = 2 orthophosphate(aq),85DEM/BEH,303.15,,6.2,,7.10E0,,"buffer=Mes (0.050 M); cosolvent=poly(ethylene glycol) 8000, 50 %(w/v); x(cosolvent)=?; c(orthophosphate)=0.001 M; c(MgCl2)=0.04 M"
3,1091,1,1,16,pyrophosphate(aq) + H2O(l) = 2 orthophosphate(aq),85DEM/BEH,303.15,,7.2,3,6.19E2,,buffer=Mops (0.050 M); cosolvent=none; x(cosolvent)=0; c(orthophosphate)=0.001 M; c(MgCl2)=0.001 M
3,1091,1,1,17,pyrophosphate(aq) + H2O(l) = 2 orthophosphate(aq),85DEM/BEH,303.15,,7.2,2.7,4.06E2,,buffer=Mops (0.050 M); cosolvent=none; x(cosolvent)=0; c(orthophosphate)=0.001 M; c(MgCl2)=0.002 M
3,1091,1,1,18,pyrophosphate(aq) + H2O(l) = 2 orthophosphate(aq),85DEM/BEH,303.15,,7.2,2.4,2.24E2,,buffer=Mops (0.050 M); cosolvent=none; x(cosolvent)=0; c(orthophosphate)=0.001 M; c(MgCl2)=0.004 M
3,1091,1,1,19,pyrophosphate(aq) + H2O(l) = 2 orthophosphate(aq),85DEM/BEH,303.15,,7.2,2.22,1.36E2,,buffer=Mops (0.050 M); cosolvent=none; x(cosolvent)=0; c(orthophosphate)=0.001 M; c(MgCl2)=0.006 M
3,1091,1,1,20,pyrophosphate(aq) + H2O(l) = 2 orthophosphate(aq),85DEM/BEH,303.15,,7.2,2,7.90E1,,buffer=Mops (0.050 M); cosolvent=none; x(cosolvent)=0; c(orthophosphate)=0.001 M; c(MgCl2)=0.01 M
3,1091,1,1,21,pyrophosphate(aq) + H2O(l) = 2 orthophosphate(aq),85DEM/BEH,303.15,,7.2,2.1,8.55E1,,buffer=Mops (0.050 M); cosolvent=none; x(cosolvent)=0; c(orthophosphate)=0.001 M; c(MgCl2)=0.008 M
3,1091,1,1,22,pyrophosphate(aq) + H2O(l) = 2 orthophosphate(aq),85DEM/BEH,303.15,,7.2,,2.89E1,,"buffer=Mops (0.050 M); cosolvent=dimethyl sulfoxide, 50 %(w/v); x(cosolvent)=0.21; c(orthophosphate)=0.001 M; c(MgCl2)=0.008 M"
3,1091,1,1,23,pyrophosphate(aq) + H2O(l) = 2 orthophosphate(aq),85DEM/BEH,303.15,,7.2,,2.08E1,,"buffer=Mops (0.050 M); cosolvent=ethylene glycol, 50 %(w/v); x(cosolvent)=0.172; c(orthophosphate)=0.001 M; c(MgCl2)=0.008 M"
3,1091,1,1,24,pyrophosphate(aq) + H2O(l) = 2 orthophosphate(aq),85DEM/BEH,303.15,,7.2,,6.20E1,,"buffer=Mops (0.050 M); cosolvent=ethylene glycol, 66 %(w/v); x(cosolvent)=?; c(orthophosphate)=0.001 M; c(MgCl2)=0.001 M"
3,1091,1,1,25,pyrophosphate(aq) + H2O(l) = 2 orthophosphate(aq),85DEM/BEH,303.15,,7.2,,3.80E1,,"buffer=Mops (0.050 M); cosolvent=ethylene glycol, 66 %(w/v); x(cosolvent)=?; c(orthophosphate)=0.001 M; c(MgCl2)=0.002 M"
3,1091,1,1,26,pyrophosphate(aq) + H2O(l) = 2 orthophosphate(aq),85DEM/BEH,303.15,,7.2,,2.40E1,,"buffer=Mops (0.050 M); cosolvent=ethylene glycol, 66 %(w/v); x(cosolvent)=?; c(orthophosphate)=0.001 M; c(MgCl2)=0.004 M"
3,1091,1,1,27,pyrophosphate(aq) + H2O(l) = 2 orthophosphate(aq),85DEM/BEH,303.15,,7.2,,1.60E1,,"buffer=Mops (0.050 M); cosolvent=ethylene glycol, 66 %(w/v); x(cosolvent)=?; c(orthophosphate)=0.001 M; c(MgCl2)=0.007 M"
3,1091,1,1,28,pyrophosphate(aq) + H2O(l) = 2 orthophosphate(aq),85DEM/BEH,303.15,,7.2,,1.20E1,,"buffer=Mops (0.050 M); cosolvent=ethylene glycol, 66 %(w/v); x(cosolvent)=?; c(orthophosphate)=0.001 M; c(MgCl2)=0.01 M"
3,1091,1,1,29,pyrophosphate(aq) + H2O(l) = 2 orthophosphate(aq),85DEM/BEH,303.15,,7.2,,1.13E1,,"buffer=Mops (0.050 M); cosolvent=poly(ethylene glycol) 400, 50 %(w/v); x(cosolvent)=0.039; c(orthophosphate)=0.001 M; c(MgCl2)=0.008 M"
3,1091,1,1,30,pyrophosphate(aq) + H2O(l) = 2 orthophosphate(aq),85DEM/BEH,303.15,,7.2,,6.00E0,,"buffer=Mops (0.050 M); cosolvent=poly(ethylene glycol) 1450, 50 %(w/v); x(cosolvent)=0.011; c(orthophosphate)=0.001 M; c(MgCl2)=0.008 M"
3,1091,1,1,31,pyrophosphate(aq) + H2O(l) = 2 orthophosphate(aq),85DEM/BEH,303.15,,7.2,,2.70E0,,"buffer=Mops (0.050 M); cosolvent=poly(ethylene glycol) 3500, 50 %(w/v); x(cosolvent)=0.005; c(orthophosphate)=0.001 M; c(MgCl2)=0.008 M"
3,1091,1,1,32,pyrophosphate(aq) + H2O(l) = 2 orthophosphate(aq),85DEM/BEH,303.15,,7.2,,6.20E1,,"buffer=Mops (0.050 M); cosolvent=poly(ethylene glycol) 3500, 50 %(w/v); x(cosolvent)=?; c(orthophosphate)=0.001 M; c(MgCl2)=0.001 M"
3,1091,1,1,33,pyrophosphate(aq) + H2O(l) = 2 orthophosphate(aq),85DEM/BEH,303.15,,7.2,,2.90E1,,"buffer=Mops (0.050 M); cosolvent=poly(ethylene glycol) 3500, 50 %(w/v); x(cosolvent)=?; c(orthophosphate)=0.001 M; c(MgCl2)=0.002 M"
3,1091,1,1,34,pyrophosphate(aq) + H2O(l) = 2 orthophosphate(aq),85DEM/BEH,303.15,,7.2,,1.00E1,,"buffer=Mops (0.050 M); cosolvent=poly(ethylene glycol) 3500, 50 %(w/v); x(cosolvent)=?; c(orthophosphate)=0.001 M; c(MgCl2)=0.004 M"
3,1091,1,1,35,pyrophosphate(aq) + H2O(l) = 2 orthophosphate(aq),85DEM/BEH,303.15,,7.2,,2.20E1,,"buffer=Mops (0.050 M); cosolvent=poly(ethylene glycol) 3500, 50 %(w/v); x(cosolvent)=?; c(orthophosphate)=0.001 M; c(MgCl2)=0.01 M"
3,1091,1,1,36,pyrophosphate(aq) + H2O(l) = 2 orthophosphate(aq),85DEM/BEH,303.15,,7.2,,1.50E1,,"buffer=Mops (0.050 M); cosolvent=poly(ethylene glycol) 8000, 50 %(w/v); x(cosolvent)=?; c(orthophosphate)=0.001 M; c(MgCl2)=0.001 M"
3,1091,1,1,37,pyrophosphate(aq) + H2O(l) = 2 orthophosphate(aq),85DEM/BEH,303.15,,7.2,,3.80E0,,"buffer=Mops (0.050 M); cosolvent=poly(ethylene glycol) 8000, 50 %(w/v); x(cosolvent)=?; c(orthophosphate)=0.001 M; c(MgCl2)=0.002 M"
3,1091,1,1,38,pyrophosphate(aq) + H2O(l) = 2 orthophosphate(aq),85DEM/BEH,303.15,,7.2,,9.10E-1,,"buffer=Mops (0.050 M); cosolvent=poly(ethylene glycol) 8000, 50 %(w/v); x(cosolvent)=?; c(orthophosphate)=0.001 M; c(MgCl2)=0.004 M"
3,1091,1,1,39,pyrophosphate(aq) + H2O(l) = 2 orthophosphate(aq),85DEM/BEH,303.15,,7.2,,6.20E-1,,"buffer=Mops (0.050 M); cosolvent=poly(ethylene glycol) 8000, 50 %(w/v); x(cosolvent)=?; c(orthophosphate)=0.001 M; c(MgCl2)=0.006 M"
3,1091,1,1,40,pyrophosphate(aq) + H2O(l) = 2 orthophosphate(aq),85DEM/BEH,303.15,,7.2,,4.80E-1,,"buffer=Mops (0.050 M); cosolvent=poly(ethylene glycol) 8000, 50 %(w/v); x(cosolvent)=?; c(orthophosphate)=0.001 M; c(MgCl2)=0.01 M"
3,1091,1,1,41,pyrophosphate(aq) + H2O(l) = 2 orthophosphate(aq),85DEM/BEH,303.15,,7.2,,7.00E-1,,"buffer=Mops (0.050 M); cosolvent=poly(ethylene glycol) 8000, 50 %(w/v); x(cosolvent)=0.002; c(orthophosphate)=0.001 M; c(MgCl2)=0.008 M"
3,1091,1,1,42,pyrophosphate(aq) + H2O(l) = 2 orthophosphate(aq),85DEM/BEH,303.15,,8,3,3.46E2,,buffer=Tris (0.050 M) + HCl; cosolvent=none; x(cosolvent)=0; c(orthophosphate)=0.001 M; c(MgCl2)=0.001 M
3,1091,1,1,43,pyrophosphate(aq) + H2O(l) = 2 orthophosphate(aq),85DEM/BEH,303.15,,8,2.3,5.84E2,,buffer=Tris (0.050 M) + HCl; cosolvent=none; x(cosolvent)=0; c(orthophosphate)=0.001 M; c(MgCl2)=0.005 M
3,1091,1,1,44,pyrophosphate(aq) + H2O(l) = 2 orthophosphate(aq),85DEM/BEH,303.15,,8,2.15,4.13E2,,buffer=Tris (0.050 M) + HCl; cosolvent=none; x(cosolvent)=0; c(orthophosphate)=0.001 M; c(MgCl2)=0.007 M
3,1091,1,1,45,pyrophosphate(aq) + H2O(l) = 2 orthophosphate(aq),85DEM/BEH,303.15,,8,2.05,4.00E2,,buffer=Tris (0.050 M) + HCl; cosolvent=none; x(cosolvent)=0; c(orthophosphate)=0.001 M; c(MgCl2)=0.009 M
3,1091,1,1,46,pyrophosphate(aq) + H2O(l) = 2 orthophosphate(aq),85DEM/BEH,303.15,,8,,3.13E1,,"buffer=Tris (0.050 M) + HCl; cosolvent=ethylene glycol, 50 %(w/v); x(cosolvent)=0.172; c(orthophosphate)=0.001 M; c(MgCl2)=0.001 M"
3,1091,1,1,47,pyrophosphate(aq) + H2O(l) = 2 orthophosphate(aq),85DEM/BEH,303.15,,8,,5.30E1,,"buffer=Tris (0.050 M) + HCl; cosolvent=ethylene glycol, 66 %(w/v); x(cosolvent)=?; c(orthophosphate)=0.001 M; c(MgCl2)=0.0004 M"
3,1091,1,1,48,pyrophosphate(aq) + H2O(l) = 2 orthophosphate(aq),85DEM/BEH,303.15,,8,,2.90E1,,"buffer=Tris (0.050 M) + HCl; cosolvent=ethylene glycol, 66 %(w/v); x(cosolvent)=?; c(orthophosphate)=0.001 M; c(MgCl2)=0.0005 M"
3,1091,1,1,49,pyrophosphate(aq) + H2O(l) = 2 orthophosphate(aq),85DEM/BEH,303.15,,8,,2.20E1,,"buffer=Tris (0.050 M) + HCl; cosolvent=ethylene glycol, 66 %(w/v); x(cosolvent)=?; c(orthophosphate)=0.001 M; c(MgCl2)=0.0006 M"
3,1091,1,1,50,pyrophosphate(aq) + H2O(l) = 2 orthophosphate(aq),85DEM/BEH,303.15,,8,,2.10E1,,"buffer=Tris (0.050 M) + HCl; cosolvent=ethylene glycol, 66 %(w/v); x(cosolvent)=?; c(orthophosphate)=0.001 M; c(MgCl2)=0.0009 M"
3,1091,1,1,51,pyrophosphate(aq) + H2O(l) = 2 orthophosphate(aq),85DEM/BEH,303.15,,8,,1.23E1,,"buffer=Tris (0.050 M) + HCl; cosolvent=poly(ethylene glycol) 400, 50 %(w/v); x(cosolvent)=0.039; c(orthophosphate)=0.001 M; c(MgCl2)=0.001 M"
3,1091,1,1,52,pyrophosphate(aq) + H2O(l) = 2 orthophosphate(aq),85DEM/BEH,303.15,,8,,1.33E1,,"buffer=Tris (0.050 M) + HCl; cosolvent=poly(ethylene glycol) 1450, 50 %(w/v); x(cosolvent)=0.011; c(orthophosphate)=0.001 M; c(MgCl2)=0.001 M"
3,1091,1,1,53,pyrophosphate(aq) + H2O(l) = 2 orthophosphate(aq),85DEM/BEH,303.15,,8,,3.80E0,,"buffer=Tris (0.050 M) + HCl; cosolvent=poly(ethylene glycol) 3500, 50 %(w/v); x(cosolvent)=0.005; c(orthophosphate)=0.001 M; c(MgCl2)=0.001 M"
3,1091,1,1,54,pyrophosphate(aq) + H2O(l) = 2 orthophosphate(aq),85DEM/BEH,303.15,,8,,2.30E1,,"buffer=Tris (0.050 M) + HCl; cosolvent=poly(ethylene glycol) 3500, 50 %(w/v); x(cosolvent)=?; c(orthophosphate)=0.001 M; c(MgCl2)=0.0004 M"
3,1091,1,1,55,pyrophosphate(aq) + H2O(l) = 2 orthophosphate(aq),85DEM/BEH,303.15,,8,,6.50E0,,"buffer=Tris (0.050 M) + HCl; cosolvent=poly(ethylene glycol) 3500, 50 %(w/v); x(cosolvent)=?; c(orthophosphate)=0.001 M; c(MgCl2)=0.0005 M"
3,1091,1,1,56,pyrophosphate(aq) + H2O(l) = 2 orthophosphate(aq),85DEM/BEH,303.15,,8,,4.50E0,,"buffer=Tris (0.050 M) + HCl; cosolvent=poly(ethylene glycol) 3500, 50 %(w/v); x(cosolvent)=?; c(orthophosphate)=0.001 M; c(MgCl2)=0.0006 M"
3,1091,1,1,57,pyrophosphate(aq) + H2O(l) = 2 orthophosphate(aq),85DEM/BEH,303.15,,8,,4.20E0,,"buffer=Tris (0.050 M) + HCl; cosolvent=poly(ethylene glycol) 3500, 50 %(w/v); x(cosolvent)=?; c(orthophosphate)=0.001 M; c(MgCl2)=0.0009 M"
3,1091,1,1,58,pyrophosphate(aq) + H2O(l) = 2 orthophosphate(aq),85DEM/BEH,303.15,,8,,1.00E-1,,"buffer=Tris (0.050 M) + HCl; cosolvent=poly(ethylene glycol) 8000, 50 %(w/v); x(cosolvent)=0.002; c(orthophosphate)=0.001 M; c(MgCl2)=0.001 M"
3,1091,1,1,59,pyrophosphate(aq) + H2O(l) = 2 orthophosphate(aq),85DEM/BEH,303.15,,8,,7.40E-1,,"buffer=Tris (0.050 M) + HCl; cosolvent=poly(ethylene glycol) 8000, 50 %(w/v); x(cosolvent)=?; c(orthophosphate)=0.0001 M; c(MgCl2)=0.0004 M"
3,1091,1,1,60,pyrophosphate(aq) + H2O(l) = 2 orthophosphate(aq),85DEM/BEH,303.15,,8,,6.80E-2,,"buffer=Tris (0.050 M) + HCl; cosolvent=poly(ethylene glycol) 8000, 50 %(w/v); x(cosolvent)=?; c(orthophosphate)=0.0001 M; c(MgCl2)=0.0005 M"
3,1091,1,1,61,pyrophosphate(aq) + H2O(l) = 2 orthophosphate(aq),85DEM/BEH,303.15,,8,,4.60E-2,,"buffer=Tris (0.050 M) + HCl; cosolvent=poly(ethylene glycol) 8000, 50 %(w/v); x(cosolvent)=?; c(orthophosphate)=0.0001 M; c(MgCl2)=0.0006 M"
3,1091,1,1,62,pyrophosphate(aq) + H2O(l) = 2 orthophosphate(aq),85DEM/BEH,303.15,,8,,3.50E-2,,"buffer=Tris (0.050 M) + HCl; cosolvent=poly(ethylene glycol) 8000, 50 %(w/v); x(cosolvent)=?; c(orthophosphate)=0.0001 M; c(MgCl2)=0.0009 M"
3,1091,1,1,63,pyrophosphate(aq) + H2O(l) = 2 orthophosphate(aq),85DEM/BEH,303.15,,8,,1.20E1,,"buffer=Tris (0.050 M) + HCl; cosolvent=poly(ethylene glycol) 8000, 50 %(w/v); x(cosolvent)=?; c(orthophosphate)=0.001 M; c(MgCl2)=0.0004 M"
3,1091,1,1,64,pyrophosphate(aq) + H2O(l) = 2 orthophosphate(aq),85DEM/BEH,303.15,,8,,4.60E-1,,"buffer=Tris (0.050 M) + HCl; cosolvent=poly(ethylene glycol) 8000, 50 %(w/v); x(cosolvent)=?; c(orthophosphate)=0.001 M; c(MgCl2)=0.0005 M"
3,1091,1,1,65,pyrophosphate(aq) + H2O(l) = 2 orthophosphate(aq),85DEM/BEH,303.15,,8,,2.00E-1,,"buffer=Tris (0.050 M) + HCl; cosolvent=poly(ethylene glycol) 8000, 50 %(w/v); x(cosolvent)=?; c(orthophosphate)=0.001 M; c(MgCl2)=0.0006 M"
3,1091,1,1,66,pyrophosphate(aq) + H2O(l) = 2 orthophosphate(aq),85DEM/BEH,303.15,,8,,1.20E-1,,"buffer=Tris (0.050 M) + HCl; cosolvent=poly(ethylene glycol) 8000, 50 %(w/v); x(cosolvent)=?; c(orthophosphate)=0.001 M; c(MgCl2)=0.0009 M"
3,1092,1,1,1,pyrophosphate(aq) + H2O(l) = 2 orthophosphate(aq),86DAL/REN,303.15,,7.3,3,3.30E3,,
3,1092,1,1,2,pyrophosphate(aq) + H2O(l) = 2 orthophosphate(aq),86DAL/REN,303.15,,7.3,2.6,1.50E3,,
3,1092,1,1,3,pyrophosphate(aq) + H2O(l) = 2 orthophosphate(aq),86DAL/REN,303.15,,7.3,2.3,9.80E2,,
3,1092,1,1,4,pyrophosphate(aq) + H2O(l) = 2 orthophosphate(aq),86DAL/REN,303.15,,8,3,1.28E3,,
3,1092,1,1,5,pyrophosphate(aq) + H2O(l) = 2 orthophosphate(aq),86DAL/REN,303.15,,8,2.6,4.95E2,,
3,1092,1,1,6,pyrophosphate(aq) + H2O(l) = 2 orthophosphate(aq),86DAL/REN,303.15,,8,2.3,3.00E2,,
3,1092,1,1,7,pyrophosphate(aq) + H2O(l) = 2 orthophosphate(aq),86DAL/REN,303.15,,8,2.12,1.95E2,,
3,1092,1,1,8,pyrophosphate(aq) + H2O(l) = 2 orthophosphate(aq),86DAL/REN,303.15,,8,1.96,1.52E2,,
3,1092,1,1,9,pyrophosphate(aq) + H2O(l) = 2 orthophosphate(aq),86DAL/REN,303.15,,8,1.82,1.16E2,,
3,1092,1,1,10,pyrophosphate(aq) + H2O(l) = 2 orthophosphate(aq),86DAL/REN,303.15,,8,3,1.87E3,,
3,1092,1,1,11,pyrophosphate(aq) + H2O(l) = 2 orthophosphate(aq),86DAL/REN,303.15,,8,2.6,6.50E2,,
3,1092,1,1,12,pyrophosphate(aq) + H2O(l) = 2 orthophosphate(aq),86DAL/REN,303.15,,8,2.3,3.30E2,,
3,1092,1,1,13,pyrophosphate(aq) + H2O(l) = 2 orthophosphate(aq),86DAL/REN,303.15,,8,2.12,2.15E2,,
3,1092,1,1,14,pyrophosphate(aq) + H2O(l) = 2 orthophosphate(aq),86DAL/REN,303.15,,8,1.96,1.58E2,,
3,1092,1,1,15,pyrophosphate(aq) + H2O(l) = 2 orthophosphate(aq),86DAL/REN,303.15,,8,1.82,1.26E2,,
3,1092,1,1,16,pyrophosphate(aq) + H2O(l) = 2 orthophosphate(aq),86DAL/REN,303.15,,8,3,2.23E3,,
3,1092,1,1,17,pyrophosphate(aq) + H2O(l) = 2 orthophosphate(aq),86DAL/REN,303.15,,8,2.6,7.72E2,,
3,1092,1,1,18,pyrophosphate(aq) + H2O(l) = 2 orthophosphate(aq),86DAL/REN,303.15,,8,2.3,4.20E2,,
3,1092,1,1,19,pyrophosphate(aq) + H2O(l) = 2 orthophosphate(aq),86DAL/REN,303.15,,8,2.12,2.55E2,,
3,1092,1,1,20,pyrophosphate(aq) + H2O(l) = 2 orthophosphate(aq),86DAL/REN,303.15,,8,1.96,1.84E2,,
3,1092,1,1,21,pyrophosphate(aq) + H2O(l) = 2 orthophosphate(aq),86DAL/REN,303.15,,8,1.82,1.44E2,,
3,1092,1,1,22,pyrophosphate(aq) + H2O(l) = 2 orthophosphate(aq),86DAL/REN,303.15,,8,3,2.82E3,,
3,1092,1,1,23,pyrophosphate(aq) + H2O(l) = 2 orthophosphate(aq),86DAL/REN,303.15,,8,2.6,1.05E3,,
3,1092,1,1,24,pyrophosphate(aq) + H2O(l) = 2 orthophosphate(aq),86DAL/REN,303.15,,8,2.3,5.36E2,,
3,1092,1,1,25,pyrophosphate(aq) + H2O(l) = 2 orthophosphate(aq),86DAL/REN,303.15,,8,2.12,3.30E2,,
3,1092,1,1,26,pyrophosphate(aq) + H2O(l) = 2 orthophosphate(aq),86DAL/REN,303.15,,8,1.96,2.28E2,,
3,1092,1,1,27,pyrophosphate(aq) + H2O(l) = 2 orthophosphate(aq),86DAL/REN,303.15,,8,1.82,1.67E2,,
,,,,,,,,,,,,,
3,1093,1,1,1,ATP(aq) + sulfate(aq) + H2O(l) = adenylyl sulfate(aq) + 2 orthophosphate(aq),58WIL/BAN,303.15,,7.5,,6.00E-7,,
3,1093,1,2,1,trimetaphosphate(aq) + H2O(l) = triphosphate(aq),53MEY/SHA,306.15,,6.95,,,-80.8,
3,1093,1,3,1,NAD(aq) + H2O(l) = {\beta}-nicotinamide mononucleotide(aq) + AMP(aq),52OHL/SHA,306.15,,7,,,-54.6,
3,1093,2,1,1,ATP(aq) + H2O(l) = ADP(aq) + orthophosphate(aq),55KIT/BEN,293.15,,8,,,-68.5,"Buffer = Tris, c(KCl) = 0.6M"
3,1093,2,1,2,ATP(aq) + H2O(l) = ADP(aq) + orthophosphate(aq),55KIT/BEN,293.15,,8,,,-66.2,"Buffer = Tris, c(KCl) = 0.15M"
3,1093,2,1,3,ATP(aq) + H2O(l) = ADP(aq) + orthophosphate(aq),55KIT/BEN,293.15,,8,,,-66.5,"Buffer = Tris, c(KCl) = 0.01M"
3,1093,2,1,4,ATP(aq) + H2O(l) = ADP(aq) + orthophosphate(aq),55KIT/BEN,292.4,,8,,,-28.6,"Buffer = phosphate, c(KCl) = 0.6M"
3,1093,2,1,5,ATP(aq) + H2O(l) = ADP(aq) + orthophosphate(aq),55KIT/BEN,291.6,,8,,,-28.3,"Buffer = phosphate, c(KCl) = 0.6M"
3,1093,2,2,1,ATP(aq) + H2O(l) = ADP(aq) + orthophosphate(aq),55POD/STU,298.15,,8,,,-66.5,c(KCl) = 0.6M
3,1094,1,1,1,ATP(aq) + H2O(l) = ADP(aq) + orthophosphate(aq),56POD/MOR,293.15,,8,,,-68.6,"Buffer = Tris, c(CaCl2) = 1 mM, c(KCl) = 0.6M"
3,1094,1,1,2,ATP(aq) + H2O(l) = ADP(aq) + orthophosphate(aq),56POD/MOR,293.15,,8,,,-67.8,"Buffer = Tris, c(KCl) = 0.6M"
3,1094,1,1,3,ATP(aq) + H2O(l) = ADP(aq) + orthophosphate(aq),56POD/MOR,292.2,,8,,,-27.8,"Buffer = phosphate, c(KCl) = 0.6M"
3,1094,1,1,4,ATP(aq) + H2O(l) = ADP(aq) + orthophosphate(aq),56POD/MOR,293.15,,8,,,-68.6,"Buffer = Tris, c(KCl) = 0.15M"
3,1094,1,1,5,ATP(aq) + H2O(l) = ADP(aq) + orthophosphate(aq),56POD/MOR,293.15,,8,,,-64.4,"Buffer = Tris, c(KCl) = 0.01M"
3,1094,1,1,6,ATP(aq) + H2O(l) = ADP(aq) + orthophosphate(aq),56POD/MOR,293.15,,8,,,-67.4,"Buffer = glycylglycine, c(CaCl2) = 1 mM, c(KCl) = 0.6M"
3,1094,1,2,1,ATP^{4-}(aq) + H2O(l) = ADP^{3-}(aq) + HPO4^{2-}(aq)+ H^{+}(aq),69GEO/TRA,298.15,,8.5,,,-24.3,
3,1094,1,3,1,ATP(aq) + H2O(l) = ADP(aq) + orthophosphate(aq),86GAJ/STE,298.15,,6.42,,,-54.88,"Tris = 0.1M, KCl = 0"
3,1094,1,3,2,ATP(aq) + H2O(l) = ADP(aq) + orthophosphate(aq),86GAJ/STE,298.15,,7.16,,,-59.4,"Tris = 0.1M, KCl = 0"
3,1094,1,3,3,ATP(aq) + H2O(l) = ADP(aq) + orthophosphate(aq),86GAJ/STE,298.15,,7.55,,,-65.32,"Tris = 0.1M, KCl = 0"
3,1094,1,3,4,ATP(aq) + H2O(l) = ADP(aq) + orthophosphate(aq),86GAJ/STE,298.15,,7.9,,,-65.87,"Tris = 0.1M, KCl = 0"
3,1094,1,3,5,ATP(aq) + H2O(l) = ADP(aq) + orthophosphate(aq),86GAJ/STE,298.15,,8.32,,,-67.57,"Tris = 0.1M, KCl = 0"
3,1094,1,3,6,ATP(aq) + H2O(l) = ADP(aq) + orthophosphate(aq),86GAJ/STE,298.15,,8.41,,,-68.28,"Tris = 0.1M, KCl = 0"
3,1094,1,3,7,ATP(aq) + H2O(l) = ADP(aq) + orthophosphate(aq),86GAJ/STE,298.15,,8.59,,,-68.03,"Tris = 0.1M, KCl = 0"
3,1094,1,3,8,ATP(aq) + H2O(l) = ADP(aq) + orthophosphate(aq),86GAJ/STE,298.15,,8.63,,,-67.5,"Tris = 0.1M, KCl = 0"
3,1094,1,3,9,ATP(aq) + H2O(l) = ADP(aq) + orthophosphate(aq),86GAJ/STE,298.15,,8.8,,,-68.1,"Tris = 0.1M, KCl = 0"
3,1094,1,3,10,ATP(aq) + H2O(l) = ADP(aq) + orthophosphate(aq),86GAJ/STE,298.15,,8.57,,,-68.66,"Tris = 0.25M, KCl = 0"
3,1094,1,3,11,ATP(aq) + H2O(l) = ADP(aq) + orthophosphate(aq),86GAJ/STE,298.15,,8.53,,,-70.23,"Tris = 0.6M, KCl = 0"
3,1094,1,3,12,ATP(aq) + H2O(l) = ADP(aq) + orthophosphate(aq),86GAJ/STE,298.15,,8.55,,,-71.75,"Tris = 1.0M, KCl = 0"
3,1094,1,3,13,ATP(aq) + H2O(l) = ADP(aq) + orthophosphate(aq),86GAJ/STE,298.15,,7.86,,,-67.07,"Tris = 0.1M, KCl = 0.6M"
3,1094,1,3,14,ATP(aq) + H2O(l) = ADP(aq) + orthophosphate(aq),86GAJ/STE,298.15,,8.14,,,-68.28,"Tris = 0.1M, KCl = 0.6M"
3,1094,1,3,15,ATP(aq) + H2O(l) = ADP(aq) + orthophosphate(aq),86GAJ/STE,298.15,,8.19,,,-68.17,"Tris = 0.1M, KCl = 0.6M"
3,1094,1,3,16,ATP(aq) + H2O(l) = ADP(aq) + orthophosphate(aq),86GAJ/STE,298.15,,8.45,,,-68.11,"Tris = 0.1M, KCl = 0.6M"
3,1094,1,3,17,ATP(aq) + H2O(l) = ADP(aq) + orthophosphate(aq),86GAJ/STE,304.15,,8.42,,,-69.16,"Tris = 0.1M, KCl = 0"
3,1094,1,3,18,ATP(aq) + H2O(l) = ADP(aq) + orthophosphate(aq),86GAJ/STE,309.95,,8.42,,,-70.25,"Tris = 0.1M, KCl = 0"
3,1094,2,1,1,GTP(aq) + H2O(l) = GDP(aq) + orthophosphate(aq),81HIN/POL,298.15,,8,,,-70.6,
3,1094,2,1,2,GTP(aq) + H2O(l) = GDP(aq) + orthophosphate(aq),81HIN/POL,298.15,,9,,,-71.4,
3,1094,2,2,1,ITP(aq) + H2O(l) = IDP(aq) + orthophosphate(aq),55KIT/BEN,293.15,,8,,,-68.6,
3,1095,1,1,1,ITP(aq) + H2O(l) = IDP(aq) + orthophosphate(aq),56POD/MOR,293.15,,8,,,-68.6,
3,1095,1,2,1,phosphocreatine(aq) + H2O(l) = creatine(aq) + orthophosphate(aq),60GEL/STU,298.15,,8,,,-37.4,"[same data was shown in part 2, page 589, col 2, table 2; the occurence in part 2 (https://w3id.org/related-to/doi.org/10.5281/zenodo.3978439/files/TECRDB.csv#entry4236) is considered the authoritative one]"
3,1095,2,1,1,ATP(aq) + H2O(l) = ADP(aq) + orthophosphate(aq),85FAG/DEW,295.15,,7,,4.00E4,,
4,1672,1,1,1,ITP(aq) + oxaloacetate(aq) + H2O(l) = IDP(aq) + phosphoenolpyruvate(aq) + carbon dioxide(aq),54UTT/KUR,303.15,,7.6,,1.20E1,,
4,1672,2,1,1,ITP(aq) + oxaloacetate(aq) + H2O(l) = IDP(aq) + phosphoenolpyruvate(aq) + carbon dioxide(aq),66WOO/DAV,298.15,0.1,7.8,,1.70E0,,c(MnCl2) = 0.0020 M
4,1672,2,1,2,ITP(aq) + oxaloacetate(aq) + H2O(l) = IDP(aq) + phosphoenolpyruvate(aq) + carbon dioxide(aq),66WOO/DAV,298.15,0.1,7.06,,5.00E-1,,c(MnCl2) = 0.0025 M
4,1672,2,1,3,ITP(aq) + oxaloacetate(aq) + H2O(l) = IDP(aq) + phosphoenolpyruvate(aq) + carbon dioxide(aq),66WOO/DAV,298.15,0.1,7.03,,7.10E-1,,c(MnCl2) = 0.0025 M
4,1672,2,2,1,diphosphate(aq) + oxaloacetate(aq) + H2O(l) = phosphate(aq) + phosphoenolpyruvate(aq) + carbon dioxide(aq),66WOO/DAV,298.15,0.1,6.5,,1.30E-2,,
4,1672,2,3,1,"D-ribulose 1,5-biphosphate(aq) + carbon dioxide(aq) = 2 3-phospho-D-glycerate(aq)",56KIT/HOR,298.15,,8,,,-61.1,buffer = Tris+HCl
4,1672,2,3,2,"D-ribulose 1,5-biphosphate(aq) + carbon dioxide(aq) = 2 3-phospho-D-glycerate(aq)",56KIT/HOR,298.15,,8,,,-43.1,buffer = triethanolamine
4,1673,1,1,1,erythrulose 1-phosphate(aq) = formaldehyde(aq) + glycerone phosphate(aq),54CHA,301.15,,7.4,,4.30E-4,,
4,1673,1,2,1,2-deoxy-D-ribose 5-phosphate(aq) = D-glyceraldehyde 3-phosphate(aq) + acetaldehyde(aq),60PRI/HOR,310.15,,6.3,,2.35E-4,,
4,1673,1,3,1,2-deoxy-D-ribose 5-phosphate(aq) = D-glyceraldehyde 3-phosphate(aq) + acetaldehyde(aq),67GRO,295.15,,7.5,,2.50E-4,,
4,1673,1,4,1,"5,6-dideoxyfructose 1-phosphate(aq) = glycerone phosphate(aq) + propionaldehyde(aq)",55LEH/SIC,310.15,,7,,6.90E-4,,
4,1673,2,1,1,"D-fructose 1,6-bisphosphate(aq) = glycerone phosphate(aq) + D-glyceraldehyde 3-phosphate(aq)",40HER/GOR,301.15,,7.2,,6.00E-5,,
4,1673,2,1,2,"D-fructose 1,6-bisphosphate(aq) = glycerone phosphate(aq) + D-glyceraldehyde 3-phosphate(aq)",40HER/GOR,311.15,,7.2,,1.19E-4,,
4,1673,2,1,3,"D-fructose 1,6-bisphosphate(aq) = glycerone phosphate(aq) + D-glyceraldehyde 3-phosphate(aq)",40HER/GOR,311.15,,7.33,,1.22E-4,,
4,1673,2,1,4,"D-fructose 1,6-bisphosphate(aq) = glycerone phosphate(aq) + D-glyceraldehyde 3-phosphate(aq)",40HER/GOR,321.15,,7.2,,2.34E-4,,
4,1673,2,2,1,"D-fructose 1,6-bisphosphate(aq) = glycerone phosphate(aq) + D-glyceraldehyde 3-phosphate(aq)",43MEY/JUN,303.15,,7,,8.00E-5,,
4,1673,2,2,2,"D-fructose 1,6-bisphosphate(aq) = glycerone phosphate(aq) + D-glyceraldehyde 3-phosphate(aq)",43MEY/JUN,311.15,,7,,1.50E-4,,
4,1673,2,2,3,"D-fructose 1,6-bisphosphate(aq) = glycerone phosphate(aq) + D-glyceraldehyde 3-phosphate(aq)",43MEY/JUN,313.15,,7,,1.10E-4,,
4,1673,2,2,4,"D-fructose 1,6-bisphosphate(aq) = glycerone phosphate(aq) + D-glyceraldehyde 3-phosphate(aq)",43MEY/JUN,333.15,,7,,4.50E-4,,
4,1673,2,3,1,"D-fructose 1,6-bisphosphate(aq) = glycerone phosphate(aq) + D-glyceraldehyde 3-phosphate(aq)",55LEH/SIC,310.15,,7,,1.18E-4,,
4,1673,2,4,1,"D-fructose 1,6-bisphosphate(aq) = glycerone phosphate(aq) + D-glyceraldehyde 3-phosphate(aq)",64LOW/PAS,311.15,,7.1,,9.30E-5,,
4,1674,1,1,1,"D-fructose 1,6-bisphosphate(aq) = glycerone phosphate(aq) + D-glyceraldehyde 3-phosphate(aq)",69VEE/RAI,311.15,,6.7,2.3,9.90E-5,,c(MgCl2) = 0.005 M; [pH is given with approximate sign]
4,1674,1,1,2,"D-fructose 1,6-bisphosphate(aq) = glycerone phosphate(aq) + D-glyceraldehyde 3-phosphate(aq)",69VEE/RAI,311.15,,6.7,1.3,5.60E-5,,c(MgCl2) = 0.050 M; [pH is given with approximate sign]
4,1674,1,2,1,"D-fructose 1,6-bisphosphate(aq) = glycerone phosphate(aq) + D-glyceraldehyde 3-phosphate(aq)",75KUR/KON,282.15,,8.8,,6.40E-5,,
4,1674,1,2,2,"D-fructose 1,6-bisphosphate(aq) = glycerone phosphate(aq) + D-glyceraldehyde 3-phosphate(aq)",75KUR/KON,296.15,,8.8,,3.90E-4,,
4,1674,1,2,3,"D-fructose 1,6-bisphosphate(aq) = glycerone phosphate(aq) + D-glyceraldehyde 3-phosphate(aq)",75KUR/KON,303.15,,8.8,,6.10E-4,,
4,1674,1,2,4,"D-fructose 1,6-bisphosphate(aq) = glycerone phosphate(aq) + D-glyceraldehyde 3-phosphate(aq)",75KUR/KON,313.15,,8.8,,5.20E-4,,
4,1674,1,3,1,D-fructose 1-phosphate(aq) = D-glyceraldehyde(aq) + glycerone phosphate(aq),36MEY/SCH,298.15,,,,,-60.2,
4,1674,1,4,1,D-fructose 1-phosphate(aq) = D-glyceraldehyde(aq) + glycerone phosphate(aq),55LEH/SIC,310.15,,7,,2.80E-6,,
4,1674,2,1,1,D-fructose 1-phosphate(aq) = D-glyceraldehyde(aq) + glycerone phosphate(aq),75KUR/KON,282.15,,8.8,,2.10E-6,,
4,1674,2,1,2,D-fructose 1-phosphate(aq) = D-glyceraldehyde(aq) + glycerone phosphate(aq),75KUR/KON,296.15,,8.8,,4.10E-6,,
4,1674,2,1,3,D-fructose 1-phosphate(aq) = D-glyceraldehyde(aq) + glycerone phosphate(aq),75KUR/KON,303.15,,8.8,,6.20E-6,,
4,1674,2,1,4,D-fructose 1-phosphate(aq) = D-glyceraldehyde(aq) + glycerone phosphate(aq),75KUR/KON,313.15,,8.8,,2.80E-6,,
4,1674,2,2,1,methylerythrulose 1-phosphate(aq) = acetaldehyde(aq) + glycerone phosphate(aq),36MEY/LOH,273.15,,,,2.10E-3,,
4,1674,2,2,2,methylerythrulose 1-phosphate(aq) = acetaldehyde(aq) + glycerone phosphate(aq),36MEY/LOH,293.15,,,,2.90E-3,,
4,1674,2,2,3,methylerythrulose 1-phosphate(aq) = acetaldehyde(aq) + glycerone phosphate(aq),36MEY/LOH,313.15,,,,6.70E-3,,
4,1674,2,3,1,"D-fructose 1,6-bisphosphate(aq) = 2 glycerone phosphate(aq)",34MEY/LOH,266.15,,7,,1.80E-4,,
4,1674,2,3,2,"D-fructose 1,6-bisphosphate(aq) = 2 glycerone phosphate(aq)",34MEY/LOH,273.15,,7,,3.00E-4,,
4,1674,2,3,3,"D-fructose 1,6-bisphosphate(aq) = 2 glycerone phosphate(aq)",34MEY/LOH,293.15,,7,,1.50E-3,,
4,1674,2,3,4,"D-fructose 1,6-bisphosphate(aq) = 2 glycerone phosphate(aq)",34MEY/LOH,333.15,,7,,1.30E-2,,
4,1674,2,3,5,"D-fructose 1,6-bisphosphate(aq) = 2 glycerone phosphate(aq)",34MEY/LOH,343.15,,7,,2.20E-2,,
4,1675,1,1,1,"D-fructose 1,6-bisphosphate(aq) = 2 glycerone phosphate(aq)",35MEY,273.15,,7,,3.20E-4,,
4,1675,1,1,2,"D-fructose 1,6-bisphosphate(aq) = 2 glycerone phosphate(aq)",35MEY,293.15,,7,,1.50E-3,,
4,1675,1,1,3,"D-fructose 1,6-bisphosphate(aq) = 2 glycerone phosphate(aq)",35MEY,313.15,,7,,6.40E-3,,
4,1675,1,1,4,"D-fructose 1,6-bisphosphate(aq) = 2 glycerone phosphate(aq)",35MEY,333.15,,7,,1.90E-2,,
4,1675,1,1,5,"D-fructose 1,6-bisphosphate(aq) = 2 glycerone phosphate(aq)",35MEY,293.15,,7,,1.10E-3,,c(NaCl) = 0.043 M
4,1675,1,1,6,"D-fructose 1,6-bisphosphate(aq) = 2 glycerone phosphate(aq)",35MEY,293.15,,7,,7.50E-4,,c(NaCl) = 0.21 M
4,1675,1,1,7,"D-fructose 1,6-bisphosphate(aq) = 2 glycerone phosphate(aq)",35MEY,293.15,,7,,4.70E-4,,c(NaCl) = 0.90 M
4,1675,1,1,8,"D-fructose 1,6-bisphosphate(aq) = 2 glycerone phosphate(aq)",35MEY,293.15,,7,,5.50E-4,,c(Na2SO4) = 0.2 M
4,1675,1,1,9,"D-fructose 1,6-bisphosphate(aq) = 2 glycerone phosphate(aq)",35MEY,293.15,,7,,3.50E-4,,c(MgCl2) = 0.06 M
4,1675,1,1,10,"D-fructose 1,6-bisphosphate(aq) = 2 glycerone phosphate(aq)",35MEY,293.15,,7,,3.50E-4,,c(MgCl2) = 0.12 M
4,1675,1,1,11,"D-fructose 1,6-bisphosphate(aq) = 2 glycerone phosphate(aq)",35MEY,293.15,,7,,3.50E-4,,c(MgCl2) = 0.24 M
4,1675,1,1,12,"D-fructose 1,6-bisphosphate(aq) = 2 glycerone phosphate(aq)",35MEY,273.15,,7,,7.10E-5,,c(MgCl2) = 0.12 M
4,1675,1,1,13,"D-fructose 1,6-bisphosphate(aq) = 2 glycerone phosphate(aq)",35MEY,293.15,,7,,2.90E-4,,c(MgCl2) = 0.12 M
4,1675,1,1,14,"D-fructose 1,6-bisphosphate(aq) = 2 glycerone phosphate(aq)",35MEY,333.15,,7,,1.20E-3,,c(MgCl2) = 0.12 M
4,1675,1,1,15,"D-fructose 1,6-bisphosphate(aq) = 2 glycerone phosphate(aq)",35MEY,273.15,,7,,1.40E-4,,c(MgCl2) = 0.06 M
4,1675,1,1,16,"D-fructose 1,6-bisphosphate(aq) = 2 glycerone phosphate(aq)",35MEY,293.15,,7,,3.70E-4,,c(MgCl2) = 0.06 M
4,1675,1,1,17,"D-fructose 1,6-bisphosphate(aq) = 2 glycerone phosphate(aq)",35MEY,293.15,,7,,3.10E-4,,c(MgCl2) = 0.31 M
4,1675,1,1,18,"D-fructose 1,6-bisphosphate(aq) = 2 glycerone phosphate(aq)",35MEY,293.15,,7,,5.10E-4,,c(MgCl2) = 0.012 M
4,1675,1,1,19,"D-fructose 1,6-bisphosphate(aq) = 2 glycerone phosphate(aq)",35MEY,293.15,,7,,6.40E-4,,c(MgCl2) = 0.006 M
4,1675,1,1,20,"D-fructose 1,6-bisphosphate(aq) = 2 glycerone phosphate(aq)",35MEY,293.15,,7,,1.10E-3,,c(MgCl2) = 0.0025 M
4,1675,1,1,21,"D-fructose 1,6-bisphosphate(aq) = 2 glycerone phosphate(aq)",35MEY,293.15,,7,,1.40E-3,,c(MgCl2) = 0.0012 M
4,1675,1,1,22,"D-fructose 1,6-bisphosphate(aq) = 2 glycerone phosphate(aq)",35MEY,313.15,,7,,1.40E-3,,c(MgCl2) = 0.031 M
4,1675,1,1,23,"D-fructose 1,6-bisphosphate(aq) = 2 glycerone phosphate(aq)",35MEY,313.15,,7,,2.00E-3,,c(MgCl2) = 0.012 M
4,1675,1,1,24,"D-fructose 1,6-bisphosphate(aq) = 2 glycerone phosphate(aq)",35MEY,313.15,,7,,2.50E-3,,c(MgCl2) = 0.006 M
4,1675,1,1,25,"D-fructose 1,6-bisphosphate(aq) = 2 glycerone phosphate(aq)",35MEY,313.15,,7,,5.60E-3,,c(MgCl2) = 0.0012 M
4,1675,1,1,26,"D-fructose 1,6-bisphosphate(aq) = 2 glycerone phosphate(aq)",35MEY,333.15,,7,,4.60E-3,,"c(MgCl2) = 0.031 M; [typo in PDF: was ""MgCl_22""; corrected in situ to MgCl2]"
4,1675,1,1,27,"D-fructose 1,6-bisphosphate(aq) = 2 glycerone phosphate(aq)",35MEY,333.15,,7,,5.60E-3,,c(MgCl2) = 0.012 M
4,1675,1,1,28,"D-fructose 1,6-bisphosphate(aq) = 2 glycerone phosphate(aq)",35MEY,333.15,,7,,8.20E-3,,c(MgCl2) = 0.006 M
4,1675,1,1,29,"D-fructose 1,6-bisphosphate(aq) = 2 glycerone phosphate(aq)",35MEY,333.15,,7,,1.50E-2,,c(MgCl2) = 0.0012 M
,,,,,,,,,,,,,
4,1675,1,2,1,"D-fructose 1,6-bisphosphate(aq) = 2 glycerone phosphate(aq)",35MEY/LOH,293.15,,,,,58,
4,1675,1,2,2,"D-fructose 1,6-bisphosphate(aq) = 2 glycerone phosphate(aq)",35MEY/LOH,313.15,,,,,64,
4,1675,1,3,1,"D-fructose 1,6-bisphosphate(aq) = 2 glycerone phosphate(aq)",41UTT/WER,278.15,,9,,4.35E-4,,
4,1675,1,3,2,"D-fructose 1,6-bisphosphate(aq) = 2 glycerone phosphate(aq)",41UTT/WER,298.15,,9,,1.82E-3,,
4,1675,1,3,3,"D-fructose 1,6-bisphosphate(aq) = 2 glycerone phosphate(aq)",41UTT/WER,313.15,,9,,6.37E-3,,
4,1675,2,1,1,"D-fructose 1,6-bisphosphate(aq) = 2 glycerone phosphate(aq)",43MEY/JUN,303.15,,7,,2.00E-3,,
4,1675,2,1,2,"D-fructose 1,6-bisphosphate(aq) = 2 glycerone phosphate(aq)",43MEY/JUN,311.15,,7,,2.40E-3,,
4,1675,2,1,3,"D-fructose 1,6-bisphosphate(aq) = 2 glycerone phosphate(aq)",43MEY/JUN,313.15,,7,,3.00E-3,,
4,1675,2,1,4,"D-fructose 1,6-bisphosphate(aq) = 2 glycerone phosphate(aq)",43MEY/JUN,333.15,,7,,1.10E-2,,
4,1675,2,2,1,6-phospho-2-dehydro-3-deoxy-D-gluconate(aq) = pyruvate(aq) + D-glyceraldehyde 3-phosphate(aq),62DOU/SHU,298.15,,6.8,,1.60E-3,,
4,1675,2,3,1,6-phospho-2-dehydro-3-deoxy-D-gluconate(aq) = pyruvate(aq) + D-glyceraldehyde 3-phosphate(aq),64MEL/WOO,298.15,,8,,1.20E-3,,
4,1675,2,4,1,L-fuculose 1-phosphate(aq) = glycerone phosphate(aq) + (S)-lactaldehyde(aq),62GHA/HEA,310.15,,7.2,,4.60E-4,,
4,1676,1,1,1,2-dehydro-3-deoxy-D-fuconate(aq) = pyruvate(aq) + (S)-lactaldehyde(aq),72DAH/AND,301.15,,7.5,,1.20E-4,,
4,1676,1,2,1,2-dehydro-3-deoxy-L-pentonate(aq) = pyruvate(aq) + glycolaldehyde(aq),69DAH/AND,301.15,,7.4,,3.70E-4,,
4,1676,1,3,1,L-rhamnulose 1-phosphate(aq) = glycerone phosphate(aq) + (S)-lactaldehyde(aq),65CHI/FEI,310.15,,7.5,,8.30E-2,,
4,1676,1,4,1,2-dehydro-3-deoxy-D-galactonate 6-phosphate(aq) = pyruvate(aq) + D-glyceraldehyde 3-phosphate(aq),62DOU/SHU,298.15,,6.8,,3.70E-3,,
4,1676,2,1,1,D-arabino-3-hexulose 6-phosphate(aq) = D-ribulose 5-phosphate(aq) + formaldehyde(aq),74FER/STR,303.15,,7,,4.00E-5,,[PDF says: EC 4.1.2.0]
4,1676,2,2,1,isocitrate(aq) = succinate(aq) + glyoxylate(aq),56SMI/STA,300.15,,7.6,,2.90E-2,,
4,1676,2,3,1,isocitrate(aq) = succinate(aq) + glyoxylate(aq),57SMI/GUN,300.15,,7.6,,2.90E-2,,
4,1676,2,4,1,isocitrate(aq) = succinate(aq) + glyoxylate(aq),71WIL/ROC,303.15,,7.7,,2.30E-3,,
4,1677,1,1,1,(S)-malate(aq) + CoA(aq) = acetyl-CoA(aq) + H2O(l) + glyoxylate(aq),62GOL/WAG,298.15,,8.5,,2.90E1,,
4,1677,1,2,1,N-acetylneuraminate(aq) = N-acetyl-D-mannosamine(aq) + pyruvate(aq),60COM/ROS,310.15,,7.1,,6.40E-2,,
4,1677,1,3,1,citrate(aq) = acetate(aq) + oxaloacetate(aq),56SMI/STA,300.15,,7.6,,6.40E-1,,
4,1677,1,4,1,citrate(aq) = acetate(aq) + oxaloacetate(aq),63HAR/COL,303.15,,7,,6.37E-2,,
4,1677,2,1,1,citrate(aq) = acetate(aq) + oxaloacetate(aq),65TAT/DAT,298.15,0.1,8.4,3.51,1.18E-1,,c(Mg2+) = 0.00031 M
4,1677,2,1,2,citrate(aq) = acetate(aq) + oxaloacetate(aq),65TAT/DAT,298.15,0.1,8.4,3.49,1.38E-1,,c(Mg2+) = 0.00032 M
4,1677,2,1,3,citrate(aq) = acetate(aq) + oxaloacetate(aq),65TAT/DAT,298.15,0.1,8.4,3.21,5.92E-2,,c(Mg2+) = 0.00061 M
4,1677,2,1,4,citrate(aq) = acetate(aq) + oxaloacetate(aq),65TAT/DAT,298.15,0.1,8.4,3.21,1.23E-1,,c(Mg2+) = 0.00062 M
4,1677,2,1,5,citrate(aq) = acetate(aq) + oxaloacetate(aq),65TAT/DAT,298.15,0.1,8.4,3.2,9.86E-2,,c(Mg2+) = 0.00063 M
4,1677,2,1,6,citrate(aq) = acetate(aq) + oxaloacetate(aq),65TAT/DAT,298.15,0.1,8.4,3.2,7.39E-2,,c(Mg2+) = 0.00063 M
4,1677,2,1,7,citrate(aq) = acetate(aq) + oxaloacetate(aq),65TAT/DAT,298.15,0.1,8.4,3.16,6.40E-2,,c(Mg2+) = 0.00069 M
4,1677,2,1,8,citrate(aq) = acetate(aq) + oxaloacetate(aq),65TAT/DAT,298.15,0.1,8.4,3,6.67E-2,,c(Mg2+) = 0.00101 M
4,1677,2,1,9,citrate(aq) = acetate(aq) + oxaloacetate(aq),65TAT/DAT,298.15,0.1,8.4,2.87,4.30E-2,,c(Mg2+) = 0.00136 M
4,1677,2,1,10,citrate(aq) = acetate(aq) + oxaloacetate(aq),65TAT/DAT,298.15,0.1,8.4,2.78,4.57E-2,,c(Mg2+) = 0.00165 M
4,1677,2,1,11,citrate(aq) = acetate(aq) + oxaloacetate(aq),65TAT/DAT,298.15,0.1,8.4,2.42,2.93E-2,,c(Mg2+) = 0.00378 M
4,1677,2,1,12,citrate(aq) = acetate(aq) + oxaloacetate(aq),65TAT/DAT,298.15,0.1,8.4,2.22,2.18E-2,,c(Mg2+) = 0.00609 M
4,1677,2,1,13,citrate(aq) = acetate(aq) + oxaloacetate(aq),65TAT/DAT,298.15,0.1,8.4,2.07,1.59E-2,,c(Mg2+) = 0.00855 M
4,1677,2,1,14,citrate(aq) = acetate(aq) + oxaloacetate(aq),65TAT/DAT,298.15,0.1,8.4,2.07,1.78E-2,,c(Mg2+) = 0.00858 M
4,1677,2,1,15,citrate(aq) = acetate(aq) + oxaloacetate(aq),65TAT/DAT,298.15,0.1,8.4,2.05,1.76E-2,,c(Mg2+) = 0.00892 M
4,1677,2,1,16,citrate(aq) = acetate(aq) + oxaloacetate(aq),65TAT/DAT,298.15,0.1,8.4,2.03,2.43E-2,,c(Mg2+) = 0.00932 M
4,1677,2,1,17,citrate(aq) = acetate(aq) + oxaloacetate(aq),65TAT/DAT,298.15,0.1,8.4,2.02,2.51E-2,,c(Mg2+) = 0.00966 M
4,1677,2,1,18,citrate(aq) = acetate(aq) + oxaloacetate(aq),65TAT/DAT,298.15,0.1,8.4,1.96,1.84E-2,,c(Mg2+) = 0.01097 M
4,1677,2,2,1,citrate(aq) = acetate(aq) + oxaloacetate(aq),73GUY/GEL,311.15,0.25,7,2,1.68E-1,,c(MgSO4) = 0.010 M
4,1677,2,2,2,citrate(aq) = acetate(aq) + oxaloacetate(aq),73GUY/GEL,311.15,0.25,7,2.29,3.14E-1,,c(MgSO4) = 0.00508 M
4,1677,2,2,3,citrate(aq) = acetate(aq) + oxaloacetate(aq),73GUY/GEL,311.15,0.25,7,2.7,5.92E-1,,c(MgSO4) = 0.00201 M
4,1677,2,2,4,citrate(aq) = acetate(aq) + oxaloacetate(aq),73GUY/GEL,311.15,0.25,7,2.99,9.09E-1,,c(MgSO4) = 0.00102 M
4,1677,2,2,5,citrate(aq) = acetate(aq) + oxaloacetate(aq),73GUY/GEL,311.15,0.25,7,3.94,8.77E-1,,c(MgSO4) = 0.000166 M
4,1678,1,2,1,(S)-malate(aq) + acetyl-CoA(aq) + NAD(aq) + H2O(l) = citrate(aq) + CoA(aq) + NADH(aq),52STE/OCH,295.15,,6.25,,4.80E-1,,"[same data was shown in part 1, page 544, col 2, table 3; the occurence there in part 1 is considered the authoritative one]"
4,1678,1,2,2,(S)-malate(aq) + acetyl-CoA(aq) + NAD(aq) + H2O(l) = citrate(aq) + CoA(aq) + NADH(aq),52STE/OCH,295.15,,7.2,,1.08E1,,"[same data was shown in part 1, page 544, col 2, table 3; the occurence there in part 1 is considered the authoritative one]"
4,1678,1,2,3,(S)-malate(aq) + acetyl-CoA(aq) + NAD(aq) + H2O(l) = citrate(aq) + CoA(aq) + NADH(aq),52STE/OCH,295.15,,7.6,,1.01E2,,"[same data was shown in part 1, page 544, col 2, table 3; the occurence there in part 1 is considered the authoritative one]"
4,1678,1,2,4,(S)-malate(aq) + acetyl-CoA(aq) + NAD(aq) + H2O(l) = citrate(aq) + CoA(aq) + NADH(aq),52STE/OCH,295.15,,8.2,,5.99E2,,"[same data was shown in part 1, page 544, col 2, table 3; the occurence there in part 1 is considered the authoritative one]"
4,1678,1,2,5,(S)-malate(aq) + acetyl-CoA(aq) + NAD(aq) + H2O(l) = citrate(aq) + CoA(aq) + NADH(aq),52STE/OCH,295.15,,8.7,,5.61E3,,"[same data was shown in part 1, page 544, col 2, table 3; the occurence there in part 1 is considered the authoritative one]"
4,1678,1,1,1,oxaloacetate(aq) + acetyl-CoA(aq) + H2O(l) = citrate(aq) + CoA(aq),73GUY/GEL,311.15,0.25,6.39,2.56,2.90E5,,c(MgSO4) = 0.00277 M
4,1678,1,1,2,oxaloacetate(aq) + acetyl-CoA(aq) + H2O(l) = citrate(aq) + CoA(aq),73GUY/GEL,311.15,0.25,6.42,2.56,4.18E5,,c(MgSO4) = 0.00277 M
4,1678,1,1,3,oxaloacetate(aq) + acetyl-CoA(aq) + H2O(l) = citrate(aq) + CoA(aq),73GUY/GEL,311.15,0.25,6.52,2.56,4.09E5,,c(MgSO4) = 0.00277 M
4,1678,1,1,4,oxaloacetate(aq) + acetyl-CoA(aq) + H2O(l) = citrate(aq) + CoA(aq),73GUY/GEL,311.15,0.25,6.75,2.56,6.97E5,,c(MgSO4) = 0.00277 M
4,1678,1,1,5,oxaloacetate(aq) + acetyl-CoA(aq) + H2O(l) = citrate(aq) + CoA(aq),73GUY/GEL,311.15,0.25,6.79,2.56,5.95E5,,c(MgSO4) = 0.00277 M
4,1678,1,1,6,oxaloacetate(aq) + acetyl-CoA(aq) + H2O(l) = citrate(aq) + CoA(aq),73GUY/GEL,311.15,0.25,6.82,2.56,7.73E5,,c(MgSO4) = 0.00277 M
4,1678,1,1,7,oxaloacetate(aq) + acetyl-CoA(aq) + H2O(l) = citrate(aq) + CoA(aq),73GUY/GEL,311.15,0.25,6.91,2.56,7.33E5,,c(MgSO4) = 0.00277 M
4,1678,1,1,8,oxaloacetate(aq) + acetyl-CoA(aq) + H2O(l) = citrate(aq) + CoA(aq),73GUY/GEL,311.15,0.25,7.05,2.56,1.14E6,,c(MgSO4) = 0.00277 M
4,1678,1,1,9,oxaloacetate(aq) + acetyl-CoA(aq) + H2O(l) = citrate(aq) + CoA(aq),73GUY/GEL,311.15,0.25,7.2,2.56,1.23E6,,c(MgSO4) = 0.00277 M
4,1678,1,1,10,oxaloacetate(aq) + acetyl-CoA(aq) + H2O(l) = citrate(aq) + CoA(aq),73GUY/GEL,311.15,0.25,7.22,2.56,1.80E6,,c(MgSO4) = 0.00277 M
4,1678,1,1,11,oxaloacetate(aq) + acetyl-CoA(aq) + H2O(l) = citrate(aq) + CoA(aq),73GUY/GEL,311.15,0.25,7.28,2.56,1.73E6,,c(MgSO4) = 0.00277 M
4,1678,1,1,12,oxaloacetate(aq) + acetyl-CoA(aq) + H2O(l) = citrate(aq) + CoA(aq),73GUY/GEL,311.15,0.25,7.1,5,1.03E6,,c(MgSO4) = 0.00001 M
4,1678,1,1,13,oxaloacetate(aq) + acetyl-CoA(aq) + H2O(l) = citrate(aq) + CoA(aq),73GUY/GEL,311.15,0.25,7.1,4,1.09E6,,c(MgSO4) = 0.00010 M
4,1678,1,1,14,oxaloacetate(aq) + acetyl-CoA(aq) + H2O(l) = citrate(aq) + CoA(aq),73GUY/GEL,311.15,0.25,7.09,3,1.29E6,,c(MgSO4) = 0.00100 M
4,1678,1,1,15,oxaloacetate(aq) + acetyl-CoA(aq) + H2O(l) = citrate(aq) + CoA(aq),73GUY/GEL,311.15,0.25,7.06,2,3.11E6,,c(MgSO4) = 0.010 M
4,1678,1,1,16,oxaloacetate(aq) + acetyl-CoA(aq) + H2O(l) = citrate(aq) + CoA(aq),73GUY/GEL,311.15,0.25,7,1.7,5.40E6,,c(MgSO4) = 0.020 M
4,1678,1,1,17,oxaloacetate(aq) + acetyl-CoA(aq) + H2O(l) = citrate(aq) + CoA(aq),73GUY/GEL,311.15,0.25,6.94,1.52,6.75E6,,c(MgSO4) = 0.030 M
4,1678,1,1,18,oxaloacetate(aq) + acetyl-CoA(aq) + H2O(l) = citrate(aq) + CoA(aq),73GUY/GEL,311.15,0.25,6.81,2.56,1.31E6,,c(MgSO4) = 0.00277 M
4,1678,1,1,19,oxaloacetate(aq) + acetyl-CoA(aq) + H2O(l) = citrate(aq) + CoA(aq),73GUY/GEL,311.15,0.25,7.11,2.56,2.26E6,,c(MgSO4) = 0.00277 M
4,1678,1,1,20,oxaloacetate(aq) + acetyl-CoA(aq) + H2O(l) = citrate(aq) + CoA(aq),73GUY/GEL,311.15,0.25,7.08,2.56,1.53E6,,c(MgSO4) = 0.00277 M
4,1678,1,1,21,oxaloacetate(aq) + acetyl-CoA(aq) + H2O(l) = citrate(aq) + CoA(aq),73GUY/GEL,311.15,0.25,7.35,2.56,2.42E6,,c(MgSO4) = 0.00277 M
4,1678,1,1,22,oxaloacetate(aq) + acetyl-CoA(aq) + H2O(l) = citrate(aq) + CoA(aq),73GUY/GEL,311.15,0.25,6.36,2.56,9.92E5,,c(MgSO4) = 0.00277 M
4,1678,1,1,23,oxaloacetate(aq) + acetyl-CoA(aq) + H2O(l) = citrate(aq) + CoA(aq),73GUY/GEL,311.15,0.25,6.82,2.56,1.34E6,,c(MgSO4) = 0.00277 M
,,,,,,,,,,,,,
4,1678,2,1,1,ATP(aq) + citrate(aq) + CoA(aq) = ADP(aq) + phosphate(aq) + acetyl-CoA(aq) + oxaloacetate(aq),67PLO/CLE,298.15,,8.1,,1.20E0,,"[Kprime was given with ""approximate"" sign]"
4,1678,2,2,1,4-hydroxy-2-oxoglutarate(aq) = pyruvate(aq) + glyoxylate(aq),63KUR/FUK,310.15,,7.5,,3.70E-3,,"[Kprime was given with ""approximate"" sign]"
4,1678,2,3,1,4-hydroxy-2-oxoglutarate(aq) = pyruvate(aq) + glyoxylate(aq),64MAI/DEK,310.15,,8.4,,1.20E-2,,
4,1678,2,4,1,4-hydroxy-2-oxoglutarate(aq) = pyruvate(aq) + glyoxylate(aq),67ROS/ADA,310.15,,8.4,,1.00E-2,,
4,1679,1,1,1,(S)-2-methylmalate(aq) = acetate(aq) + pyruvate(aq),67BAR,298.15,,7.4,,8.30E0,,
4,1679,1,2,1,(S)-2-methylmalate(aq) = acetate(aq) + pyruvate(aq),87BUC/MIL,298.15,0.845,7.4,,1.51E-1,,
4,1679,1,2,2,(S)-2-methylmalate(aq) = acetate(aq) + pyruvate(aq),87BUC/MIL,298.15,0.648,7.4,,2.12E-1,,
4,1679,1,2,3,(S)-2-methylmalate(aq) = acetate(aq) + pyruvate(aq),87BUC/MIL,298.15,0.399,7.4,,1.88E-1,,
4,1679,1,2,4,(S)-2-methylmalate(aq) = acetate(aq) + pyruvate(aq),87BUC/MIL,298.15,0.306,7.4,,2.07E-1,,
4,1679,1,2,5,(S)-2-methylmalate(aq) = acetate(aq) + pyruvate(aq),87BUC/MIL,298.15,0.212,7.4,,2.11E-1,,
4,1679,1,3,1,"(R,S)-malyl-CoA(aq) = acetyl-CoA(aq) + glyoxylate(aq)",73HER,303.15,,7.4,,2.90E-3,,
4,1679,2,1,1,"2,3-dimethylmalate(aq) = propanoate(aq) + pyruvate(aq)",79PIR/LIL,298.15,,8,,5.00E-1,,
4,1679,2,2,1,L-tryptophan(aq) + H2O(l) = indole(aq) + pyruvate(aq) + ammonia(aq),94TEW/GOL,287.45,,7.98,,8.30E-5,,I_m = 0.727 mol/kg
4,1679,2,2,2,L-tryptophan(aq) + H2O(l) = indole(aq) + pyruvate(aq) + ammonia(aq),94TEW/GOL,287.45,,7.98,,8.90E-5,,I_m = 0.726 mol/kg
4,1679,2,2,3,L-tryptophan(aq) + H2O(l) = indole(aq) + pyruvate(aq) + ammonia(aq),94TEW/GOL,292.15,,7.9,,1.37E-4,,I_m = 0.726 mol/kg
4,1679,2,2,4,L-tryptophan(aq) + H2O(l) = indole(aq) + pyruvate(aq) + ammonia(aq),94TEW/GOL,292.15,,7.91,,1.54E-4,,I_m = 0.725 mol/kg
4,1679,2,2,5,L-tryptophan(aq) + H2O(l) = indole(aq) + pyruvate(aq) + ammonia(aq),94TEW/GOL,298.15,,7.76,,2.35E-4,,I_m = 0.723 mol/kg
4,1679,2,2,6,L-tryptophan(aq) + H2O(l) = indole(aq) + pyruvate(aq) + ammonia(aq),94TEW/GOL,298.15,,7.77,,2.28E-4,,I_m = 0.722 mol/kg
4,1679,2,2,7,L-tryptophan(aq) + H2O(l) = indole(aq) + pyruvate(aq) + ammonia(aq),94TEW/GOL,298.15,,7.84,,2.40E-4,,I_m = 0.147 mol/kg
4,1679,2,2,8,L-tryptophan(aq) + H2O(l) = indole(aq) + pyruvate(aq) + ammonia(aq),94TEW/GOL,298.15,,7.85,,2.77E-4,,I_m = 0.147 mol/kg
4,1679,2,2,9,L-tryptophan(aq) + H2O(l) = indole(aq) + pyruvate(aq) + ammonia(aq),94TEW/GOL,298.15,,7.89,,2.12E-4,,I_m = 0.494 mol/kg
4,1679,2,2,10,L-tryptophan(aq) + H2O(l) = indole(aq) + pyruvate(aq) + ammonia(aq),94TEW/GOL,298.15,,7.97,,2.22E-4,,I_m = 0.494 mol/kg
4,1679,2,2,11,L-tryptophan(aq) + H2O(l) = indole(aq) + pyruvate(aq) + ammonia(aq),94TEW/GOL,298.15,,7.93,,2.65E-4,,I_m = 0.933 mol/kg
4,1679,2,2,12,L-tryptophan(aq) + H2O(l) = indole(aq) + pyruvate(aq) + ammonia(aq),94TEW/GOL,298.15,,7.93,,2.61E-4,,I_m = 0.934 mol/kg
4,1679,2,2,13,L-tryptophan(aq) + H2O(l) = indole(aq) + pyruvate(aq) + ammonia(aq),94TEW/GOL,298.15,,8.85,,2.59E-4,,I_m = 0.491 mol/kg
4,1679,2,2,14,L-tryptophan(aq) + H2O(l) = indole(aq) + pyruvate(aq) + ammonia(aq),94TEW/GOL,298.15,,8.85,,2.23E-4,,I_m = 0.491 mol/kg
4,1679,2,2,15,L-tryptophan(aq) + H2O(l) = indole(aq) + pyruvate(aq) + ammonia(aq),94TEW/GOL,304.25,,7.71,,4.24E-4,,I_m = 0.721 mol/kg
4,1679,2,2,16,L-tryptophan(aq) + H2O(l) = indole(aq) + pyruvate(aq) + ammonia(aq),94TEW/GOL,304.25,,7.71,,3.59E-4,,I_m = 0.721 mol/kg
4,1679,2,2,17,L-tryptophan(aq) + H2O(l) = indole(aq) + pyruvate(aq) + ammonia(aq),94TEW/GOL,310.15,,7.81,,5.98E-4,,I_m = 0.720 mol/kg
4,1679,2,2,18,L-tryptophan(aq) + H2O(l) = indole(aq) + pyruvate(aq) + ammonia(aq),94TEW/GOL,310.15,,7.81,,5.71E-4,,I_m = 0.720 mol/kg
4,1679,2,2,19,L-tryptophan(aq) + H2O(l) = indole(aq) + pyruvate(aq) + ammonia(aq),94TEW/GOL,316.15,,7.94,,9.59E-4,,I_m = 0.697 mol/kg
4,1679,2,2,20,L-tryptophan(aq) + H2O(l) = indole(aq) + pyruvate(aq) + ammonia(aq),94TEW/GOL,316.15,,7.92,,1.01E-3,,I_m = 0.703 mol/kg
4,1680,1,1,1,L-tryptophan(aq) + H2O(l) = indole(aq) + pyruvate(aq) + ammonia(aq),94TEW/GOL,298.15,,7.82,,,63.2,I_m = 0.3 mol/kg
4,1680,1,2,1,fumarate(aq) + H2O(l) = (S)-malate(aq),31BOR/SCH,298.15,,6.81,,3.10E0,,
4,1680,1,2,2,fumarate(aq) + H2O(l) = (S)-malate(aq),31BOR/SCH,298.15,,7.12,,3.30E0,,
4,1680,1,3,1,fumarate(aq) + H2O(l) = (S)-malate(aq),34JAC,278.15,,6.8,,8.40E0,,
4,1680,1,3,2,fumarate(aq) + H2O(l) = (S)-malate(aq),34JAC,288.15,,6.8,,6.50E0,,
4,1680,1,3,3,fumarate(aq) + H2O(l) = (S)-malate(aq),34JAC,298.15,,6.8,,5.10E0,,
4,1680,1,3,4,fumarate(aq) + H2O(l) = (S)-malate(aq),34JAC,311.15,,6.8,,3.80E0,,
4,1680,1,3,5,fumarate(aq) + H2O(l) = (S)-malate(aq),34JAC,327.15,,6.8,,2.10E0,,
4,1680,2,1,1,fumarate(aq) + H2O(l) = (S)-malate(aq),40KRE/SMY,293.15,,7.4,,4.57E0,,
4,1680,2,1,2,fumarate(aq) + H2O(l) = (S)-malate(aq),40KRE/SMY,303.15,,7.4,,3.54E0,,
4,1680,2,1,3,fumarate(aq) + H2O(l) = (S)-malate(aq),40KRE/SMY,313.15,,7.4,,3.17E0,,
4,1680,2,1,4,fumarate(aq) + H2O(l) = (S)-malate(aq),40KRE/SMY,323.15,,7.4,,2.65E0,,
4,1680,2,2,1,fumarate(aq) + H2O(l) = (S)-malate(aq),45OHL,297.45,,6.8,,,-16,
4,1680,2,3,1,fumarate(aq) + H2O(l) = (S)-malate(aq),48SCO/POW,288.3,,7.29,,4.86E0,,
4,1680,2,3,2,fumarate(aq) + H2O(l) = (S)-malate(aq),48SCO/POW,292.8,,7.29,,4.48E0,,
4,1680,2,3,3,fumarate(aq) + H2O(l) = (S)-malate(aq),48SCO/POW,298.5,,7.29,,4.07E0,,
4,1680,2,3,4,fumarate(aq) + H2O(l) = (S)-malate(aq),48SCO/POW,303,,7.29,,3.64E0,,
4,1680,2,3,5,fumarate(aq) + H2O(l) = (S)-malate(aq),48SCO/POW,308.1,,7.29,,3.31E0,,
4,1680,2,3,6,fumarate(aq) + H2O(l) = (S)-malate(aq),48SCO/POW,313.4,,7.29,,3.13E0,,
4,1680,2,3,7,fumarate(aq) + H2O(l) = (S)-malate(aq),48SCO/POW,318.3,,7.29,,2.79E0,,
4,1680,2,3,8,fumarate(aq) + H2O(l) = (S)-malate(aq),48SCO/POW,323.3,,7.29,,2.46E0,,
4,1681,1,1,1,fumarate(aq) + H2O(l) = (S)-malate(aq),53BOC/ALB,298.15,0.0011,7.3,,4.28E0,,buffer = phosphate
4,1681,1,1,2,fumarate(aq) + H2O(l) = (S)-malate(aq),53BOC/ALB,298.15,0.01,7.3,,4.37E0,,buffer = phosphate
4,1681,1,1,3,fumarate(aq) + H2O(l) = (S)-malate(aq),53BOC/ALB,298.15,0.049,7.3,,4.44E0,,buffer = phosphate
4,1681,1,1,4,fumarate(aq) + H2O(l) = (S)-malate(aq),53BOC/ALB,298.15,0.1,7.3,,4.59E0,,buffer = phosphate
4,1681,1,1,5,fumarate(aq) + H2O(l) = (S)-malate(aq),53BOC/ALB,298.15,0.25,7.3,,4.87E0,,buffer = phosphate
4,1681,1,1,6,fumarate(aq) + H2O(l) = (S)-malate(aq),53BOC/ALB,298.15,0.05,4.06,,9.49E0,,
4,1681,1,1,7,fumarate(aq) + H2O(l) = (S)-malate(aq),53BOC/ALB,298.15,0.05,5,,5.66E0,,
4,1681,1,1,8,fumarate(aq) + H2O(l) = (S)-malate(aq),53BOC/ALB,298.15,0.05,5.05,,4.66E0,,
4,1681,1,1,9,fumarate(aq) + H2O(l) = (S)-malate(aq),53BOC/ALB,298.15,0.05,6,,4.55E0,,
4,1681,1,1,10,fumarate(aq) + H2O(l) = (S)-malate(aq),53BOC/ALB,298.15,0.05,6.01,,4.42E0,,
4,1681,1,1,11,fumarate(aq) + H2O(l) = (S)-malate(aq),53BOC/ALB,298.15,0.05,6.06,,4.47E0,,
4,1681,1,1,12,fumarate(aq) + H2O(l) = (S)-malate(aq),53BOC/ALB,298.15,0.05,7.99,,4.31E0,,
4,1681,1,1,13,fumarate(aq) + H2O(l) = (S)-malate(aq),53BOC/ALB,298.15,0.05,8,,4.35E0,,
4,1681,1,1,14,fumarate(aq) + H2O(l) = (S)-malate(aq),53BOC/ALB,298.15,0.05,9.01,,4.43E0,,
4,1681,1,1,15,fumarate(aq) + H2O(l) = (S)-malate(aq),53BOC/ALB,313,0.1,7.3,,3.11E0,,
4,1681,1,1,16,fumarate(aq) + H2O(l) = (S)-malate(aq),53BOC/ALB,313,0.1,7.3,,3.13E0,,
4,1681,1,1,17,fumarate(aq) + H2O(l) = (S)-malate(aq),53BOC/ALB,308.3,0.1,7.3,,3.81E0,,
4,1681,1,1,18,fumarate(aq) + H2O(l) = (S)-malate(aq),53BOC/ALB,308.3,0.1,7.3,,3.72E0,,
4,1681,1,1,19,fumarate(aq) + H2O(l) = (S)-malate(aq),53BOC/ALB,307.7,0.1,7.3,,4.01E0,,
4,1681,1,1,20,fumarate(aq) + H2O(l) = (S)-malate(aq),53BOC/ALB,307.6,0.1,7.3,,3.97E0,,
4,1681,1,1,21,fumarate(aq) + H2O(l) = (S)-malate(aq),53BOC/ALB,307.5,0.1,7.3,,4.00E0,,
4,1681,1,1,22,fumarate(aq) + H2O(l) = (S)-malate(aq),53BOC/ALB,307.5,0.1,7.3,,3.93E0,,
4,1681,1,1,23,fumarate(aq) + H2O(l) = (S)-malate(aq),53BOC/ALB,307.3,0.1,7.3,,3.97E0,,
4,1681,1,1,24,fumarate(aq) + H2O(l) = (S)-malate(aq),53BOC/ALB,304.1,0.1,7.3,,4.68E0,,
4,1681,1,1,25,fumarate(aq) + H2O(l) = (S)-malate(aq),53BOC/ALB,304.1,0.1,7.3,,4.74E0,,
4,1681,1,1,26,fumarate(aq) + H2O(l) = (S)-malate(aq),53BOC/ALB,303.6,0.1,7.3,,4.69E0,,
4,1681,1,1,27,fumarate(aq) + H2O(l) = (S)-malate(aq),53BOC/ALB,303.6,0.1,7.3,,4.85E0,,
4,1681,1,1,28,fumarate(aq) + H2O(l) = (S)-malate(aq),53BOC/ALB,294.1,0.1,7.3,,4.88E0,,
4,1681,1,1,29,fumarate(aq) + H2O(l) = (S)-malate(aq),53BOC/ALB,294.1,0.1,7.3,,4.82E0,,
4,1681,1,1,30,fumarate(aq) + H2O(l) = (S)-malate(aq),53BOC/ALB,293.4,0.1,7.3,,4.99E0,,
4,1681,1,1,31,fumarate(aq) + H2O(l) = (S)-malate(aq),53BOC/ALB,293.3,0.1,7.3,,5.04E0,,
4,1681,1,1,32,fumarate(aq) + H2O(l) = (S)-malate(aq),53BOC/ALB,291.2,0.1,7.3,,5.70E0,,
4,1681,1,1,33,fumarate(aq) + H2O(l) = (S)-malate(aq),53BOC/ALB,291.2,0.1,7.3,,5.54E0,,
4,1681,1,1,34,fumarate(aq) + H2O(l) = (S)-malate(aq),53BOC/ALB,290.8,0.1,7.3,,5.68E0,,
4,1681,1,1,35,fumarate(aq) + H2O(l) = (S)-malate(aq),53BOC/ALB,290.8,0.1,7.3,,5.61E0,,
4,1681,1,1,36,fumarate(aq) + H2O(l) = (S)-malate(aq),53BOC/ALB,277.8,0.1,7.3,,7.22E0,,
4,1681,1,1,37,fumarate(aq) + H2O(l) = (S)-malate(aq),53BOC/ALB,277.8,0.1,7.3,,7.37E0,,
4,1681,1,1,38,fumarate(aq) + H2O(l) = (S)-malate(aq),53BOC/ALB,307.5,0.1,4.91,,5.94E0,,
4,1681,1,1,39,fumarate(aq) + H2O(l) = (S)-malate(aq),53BOC/ALB,295.2,0.1,4.91,,6.34E0,,
4,1681,1,1,40,fumarate(aq) + H2O(l) = (S)-malate(aq),53BOC/ALB,292.6,0.1,4.91,,6.69E0,,
4,1681,1,1,41,fumarate(aq) + H2O(l) = (S)-malate(aq),53BOC/ALB,292.6,0.1,4.91,,6.88E0,,
4,1681,1,1,42,fumarate(aq) + H2O(l) = (S)-malate(aq),53BOC/ALB,290.8,0.1,4.91,,7.08E0,,
4,1681,1,1,43,fumarate(aq) + H2O(l) = (S)-malate(aq),53BOC/ALB,290.8,0.1,4.91,,7.01E0,,
4,1681,1,1,44,fumarate(aq) + H2O(l) = (S)-malate(aq),53BOC/ALB,290.8,0.1,4.91,,7.20E0,,
4,1681,1,1,45,fumarate(aq) + H2O(l) = (S)-malate(aq),53BOC/ALB,290.6,0.1,4.91,,7.36E0,,
4,1681,1,1,46,fumarate(aq) + H2O(l) = (S)-malate(aq),53BOC/ALB,290.6,0.1,4.91,,7.51E0,,
4,1681,1,1,47,fumarate(aq) + H2O(l) = (S)-malate(aq),53BOC/ALB,277.9,0.1,4.91,,8.14E0,,
,,,,,,,,,,,,,
,,,,,,,,,,,,,
4,1681,2,1,1,fumarate(aq) + H2O(l) = (S)-malate(aq),53KRE,298.15,,7.4,,4.43E0,,
4,1681,2,2,1,fumarate(aq) + H2O(l) = (S)-malate(aq),53MAS,275.8,,7.3,,6.31E0,,
4,1681,2,2,2,fumarate(aq) + H2O(l) = (S)-malate(aq),53MAS,276.9,,6.35,,6.31E0,,
4,1681,2,2,3,fumarate(aq) + H2O(l) = (S)-malate(aq),53MAS,277,,6.35,,6.31E0,,
4,1681,2,2,4,fumarate(aq) + H2O(l) = (S)-malate(aq),53MAS,277.2,,6.35,,6.31E0,,
4,1681,2,2,5,fumarate(aq) + H2O(l) = (S)-malate(aq),53MAS,282.3,,6.35,,5.68E0,,
4,1681,2,2,6,fumarate(aq) + H2O(l) = (S)-malate(aq),53MAS,283.5,,7.3,,5.50E0,,
4,1681,2,2,7,fumarate(aq) + H2O(l) = (S)-malate(aq),53MAS,284,,6.35,,5.50E0,,
4,1681,2,2,8,fumarate(aq) + H2O(l) = (S)-malate(aq),53MAS,286.1,,6.35,,5.30E0,,
4,1681,2,2,9,fumarate(aq) + H2O(l) = (S)-malate(aq),53MAS,288.2,,6.35,,5.01E0,,
4,1681,2,2,10,fumarate(aq) + H2O(l) = (S)-malate(aq),53MAS,288.2,,7.3,,4.86E0,,
4,1681,2,2,11,fumarate(aq) + H2O(l) = (S)-malate(aq),53MAS,291.9,,6.35,,4.57E0,,
4,1681,2,2,12,fumarate(aq) + H2O(l) = (S)-malate(aq),53MAS,292.6,,7.3,,4.47E0,,
4,1681,2,2,13,fumarate(aq) + H2O(l) = (S)-malate(aq),53MAS,292.8,,6.35,,4.57E0,,
4,1681,2,2,14,fumarate(aq) + H2O(l) = (S)-malate(aq),53MAS,296.7,,6.35,,4.21E0,,
4,1681,2,2,15,fumarate(aq) + H2O(l) = (S)-malate(aq),53MAS,298.1,,7.3,,3.98E0,,
4,1681,2,2,16,fumarate(aq) + H2O(l) = (S)-malate(aq),53MAS,298.7,,6.35,,3.98E0,,
4,1681,2,2,17,fumarate(aq) + H2O(l) = (S)-malate(aq),53MAS,299.2,,6.35,,4.01E0,,
4,1681,2,2,18,fumarate(aq) + H2O(l) = (S)-malate(aq),53MAS,302.5,,7.3,,3.63E0,,
4,1681,2,2,19,fumarate(aq) + H2O(l) = (S)-malate(aq),53MAS,303,,6.35,,3.78E0,,
4,1681,2,2,20,fumarate(aq) + H2O(l) = (S)-malate(aq),53MAS,303,,6.35,,3.63E0,,
4,1681,2,2,21,fumarate(aq) + H2O(l) = (S)-malate(aq),53MAS,307.8,,7.3,,3.21E0,,
4,1681,2,2,22,fumarate(aq) + H2O(l) = (S)-malate(aq),53MAS,309.9,,6.35,,3.21E0,,
4,1681,2,2,23,fumarate(aq) + H2O(l) = (S)-malate(aq),53MAS,310.7,,6.35,,3.09E0,,
4,1681,2,2,24,fumarate(aq) + H2O(l) = (S)-malate(aq),53MAS,311.7,,6.35,,3.09E0,,
,,,,,,,,,,,,,
4,1681,2,3,1,fumarate(aq) + H2O(l) = (S)-malate(aq),69BEN,298.15,,,,4.45E0,,
4,1682,1,1,1,fumarate(aq) + H2O(l) = (S)-malate(aq),69BEN,298.15,,,,,-15.5,
4,1682,1,2,1,fumarate(aq) + H2O(l) = (S)-malate(aq),69WAN/BAR,298.15,,8.2,,6.20E0,,
4,1682,1,3,1,fumarate(aq) + H2O(l) = (S)-malate(aq),80COO/BLA,298.15,,8,,4.25E0,,
4,1682,1,4,1,fumarate(aq) + H2O(l) = (S)-malate(aq),85GAJ/GOL,298.15,,7.3,,4.25E0,,I_m = 0.00048 mol/kg
4,1682,1,4,2,fumarate(aq) + H2O(l) = (S)-malate(aq),85GAJ/GOL,298.15,,7.63,,4.16E0,,I_m = 0.0035 mol/kg
4,1682,1,4,3,fumarate(aq) + H2O(l) = (S)-malate(aq),85GAJ/GOL,298.15,,7.99,,4.14E0,,I_m = 0.0055 mol/kg
4,1682,1,4,4,fumarate(aq) + H2O(l) = (S)-malate(aq),85GAJ/GOL,309.41,,7.99,,3.28E0,,I_m = 0.0055 mol/kg
4,1682,1,4,5,fumarate(aq) + H2O(l) = (S)-malate(aq),85GAJ/GOL,320.05,,7.99,,2.66E0,,I_m = 0.0055 mol/kg
4,1682,2,1,1,fumarate(aq) + H2O(l) = (S)-malate(aq),85GAJ/GOL,298.15,,7.92,,,-16.12,I_m = 0.33 mol/kg
4,1682,2,1,2,fumarate(aq) + H2O(l) = (S)-malate(aq),85GAJ/GOL,298.15,,8.24,,,-16.27,I_m = 0.41 mol/kg
4,1682,2,1,3,fumarate(aq) + H2O(l) = (S)-malate(aq),85GAJ/GOL,298.15,,7.8,,,-16.26,I_m = 0.44 mol/kg
4,1682,2,1,4,fumarate(aq) + H2O(l) = (S)-malate(aq),85GAJ/GOL,298.15,,8.04,,,-16.4,I_m = 0.56 mol/kg
4,1682,2,1,5,fumarate(aq) + H2O(l) = (S)-malate(aq),85GAJ/GOL,298.15,,8.11,,,-16.82,I_m = 0.78 mol/kg
4,1682,2,1,6,fumarate(aq) + H2O(l) = (S)-malate(aq),85GAJ/GOL,313.15,,7.98,,,-16.48,I_m = 0.32 mol/kg
4,1682,2,1,7,fumarate(aq) + H2O(l) = (S)-malate(aq),85GAJ/GOL,313.15,,7.99,,,-16.84,I_m = 0.51 mol/kg
4,1682,2,1,8,fumarate(aq) + H2O(l) = (S)-malate(aq),85GAJ/GOL,313.15,,8.03,,,-17.12,I_m = 0.76 mol/kg
4,1682,2,1,9,fumarate(aq) + H2O(l) = (S)-malate(aq),85GAJ/GOL,320.15,,8.06,,,-16.94,I_m = 0.42 mol/kg
4,1682,2,1,10,fumarate(aq) + H2O(l) = (S)-malate(aq),85GAJ/GOL,320.15,,8.11,,,-17.27,I_m = 0.60 mol/kg
4,1682,2,1,11,fumarate(aq) + H2O(l) = (S)-malate(aq),85GAJ/GOL,320.15,,8.14,,,-17.44,I_m = 0.76 mol/kg
4,1682,2,2,1,fumarate(aq) + H2O(l) = (S)-malate(aq),92KER/KER,298.15,,7.6,,4.30E0,,
4,1682,2,3,1,citrate(aq) = cis-aconitate(aq) + H2O(l),43KRE/EGG,298.15,,6.8,,4.80E-2,,
4,1683,1,1,1,citrate(aq) = cis-aconitate(aq) + H2O(l),53KRE,298.15,,7.4,,3.20E-2,,
4,1683,1,2,1,citrate(aq) = cis-aconitate(aq) + H2O(l),66THO/NAN,298.15,,7.4,,4.60E-2,,solvent = H2O
4,1683,1,2,2,citrate(aq) = cis-aconitate(aq) + H2O(l),66THO/NAN,298.15,,7.4,,4.20E-2,,solvent = D2O
4,1683,1,3,1,isocitrate(aq) = cis-aconitate(aq) + H2O(l),43KRE/EGG,311.15,,7.4,,6.90E-1,,"[TODO: check with primary literature; pdf says: pH=1.4, but assuming this means pH=7.4; correct in situ]"
4,1683,1,4,1,isocitrate(aq) = cis-aconitate(aq) + H2O(l),53KRE,298.15,,7.4,,4.70E-1,,
4,1683,2,1,1,isocitrate(aq) = cis-aconitate(aq) + H2O(l),66THO/NAN,298.15,,7.4,,5.50E-1,,solvent = H2O
4,1683,2,1,2,isocitrate(aq) = cis-aconitate(aq) + H2O(l),66THO/NAN,298.15,,7.4,,4.40E-1,,solvent = D2O
4,1683,2,2,1,isocitrate(aq) = citrate(aq),43KRE/EGG,298.15,,6.8,,1.44E1,,
4,1683,2,3,1,isocitrate(aq) = citrate(aq),53KRE,298.15,,7.4,,1.47E1,,
4,1683,2,4,1,isocitrate(aq) = citrate(aq),66THO/NAN,298.15,,7.4,,1.18E1,,solvent = H2O
4,1683,2,4,2,isocitrate(aq) = citrate(aq),66THO/NAN,298.15,,7.4,,1.03E1,,solvent = D2O
4,1684,1,1,1,isocitrate(aq) = citrate(aq),67ENG/DEN,310.15,,7.3,,7.50E0,,
4,1684,1,1,2,isocitrate(aq) = citrate(aq),67ENG/DEN,310.15,,7.3,3.19,1.40E1,,c(MgSO4) = 0.00065 M
4,1684,1,1,3,isocitrate(aq) = citrate(aq),67ENG/DEN,310.15,,7.3,2.96,1.80E1,,c(MgSO4) = 0.0011 M
4,1684,1,1,4,isocitrate(aq) = citrate(aq),67ENG/DEN,310.15,,7.3,,2.50E1,,c(MgSO4) = 0.0016 M
4,1684,1,1,5,isocitrate(aq) = citrate(aq),67ENG/DEN,310.15,,7.3,2.51,3.50E1,,c(MgSO4) = 0.0021 M
4,1684,1,1,6,isocitrate(aq) = citrate(aq),67ENG/DEN,310.15,,7.3,2.68,3.50E1,,c(MgSO4) = 0.0031 M
4,1684,1,1,7,isocitrate(aq) = citrate(aq),67ENG/DEN,310.15,,7.3,2.3,3.30E1,,c(MgSO4) = 0.0050 M
4,1684,1,1,8,isocitrate(aq) = citrate(aq),67ENG/DEN,310.15,,7.3,1.3,2.80E1,,c(MgSO4) = 0.050 M
4,1684,1,1,9,isocitrate(aq) = citrate(aq),67ENG/DEN,310.15,,7.3,,1.10E1,,c(CaCl2) = 0.00065 M
4,1684,1,1,10,isocitrate(aq) = citrate(aq),67ENG/DEN,310.15,,7.3,,1.50E1,,c(CaCl2) = 0.0011 M
4,1684,1,1,11,isocitrate(aq) = citrate(aq),67ENG/DEN,310.15,,7.3,,1.70E1,,c(CaCl2) = 0.0016 M
4,1684,1,1,12,isocitrate(aq) = citrate(aq),67ENG/DEN,310.15,,7.3,,1.90E1,,c(CaCl2) = 0.0021 M
4,1684,1,1,13,isocitrate(aq) = citrate(aq),67ENG/DEN,310.15,,7.3,2.8,2.50E1,,"c(CaCl2) = 0.0031 M; [TODO: check with primary literature; PDF obviously has a typo as it gives the value with two period signs(""0..031""), assuming this should be 0.0031]"
4,1684,1,1,14,isocitrate(aq) = citrate(aq),67ENG/DEN,310.15,,7.3,,2.60E1,,c(CaCl2) = 0.0050 M
4,1684,1,1,15,isocitrate(aq) = citrate(aq),67ENG/DEN,310.15,,7.3,,3.00E1,,c(CaCl2) = 0.050 M
4,1684,1,2,1,isocitrate(aq) = citrate(aq),69BLA,298.15,0.1,7.5,,9.31E0,,
4,1684,1,2,2,isocitrate(aq) = citrate(aq),69BLA,298.15,0.1,7.5,,1.22E1,,c(Na+) = 0.080 M
4,1684,1,2,3,isocitrate(aq) = citrate(aq),69BLA,310.15,0.1,7.5,,1.08E1,,c(Na+) = 0.080 M
4,1684,1,2,4,isocitrate(aq) = citrate(aq),69BLA,298.15,0.044,7.5,,1.14E1,,c(Na+) = 0.022 M
4,1684,1,2,5,isocitrate(aq) = citrate(aq),69BLA,298.15,0.07,7.5,,1.16E1,,c(Na+) = 0.048 M
4,1684,1,2,6,isocitrate(aq) = citrate(aq),69BLA,298.15,0.15,7.5,,1.27E1,,c(Na+) = 0.130 M
4,1684,1,2,7,isocitrate(aq) = citrate(aq),69BLA,298.15,0.1,7.5,3,2.13E1,,c(MgCl2) = 0.001 M
4,1684,1,2,8,isocitrate(aq) = citrate(aq),69BLA,298.15,0.1,7.5,2.7,3.61E1,,c(MgCl2) = 0.002 M
4,1684,1,2,9,isocitrate(aq) = citrate(aq),69BLA,298.15,0.1,7.5,2.52,4.61E1,,c(MgCl2) = 0.003 M
4,1684,1,2,10,isocitrate(aq) = citrate(aq),69BLA,298.15,0.1,7.5,2.4,5.25E1,,c(MgCl2) = 0.004 M
4,1684,1,2,11,isocitrate(aq) = citrate(aq),69BLA,298.15,0.1,7.5,2.15,6.48E1,,c(MgCl2) = 0.007 M
4,1684,1,2,12,isocitrate(aq) = citrate(aq),69BLA,298.15,0.1,7.5,2,6.90E1,,c(MgCl2) = 0.010 M
4,1684,1,2,13,isocitrate(aq) = citrate(aq),69BLA,298.15,0.044,7.5,3,2.76E1,,c(MgCl2) = 0.001 M
4,1684,1,2,14,isocitrate(aq) = citrate(aq),69BLA,298.15,0.044,7.5,2.7,4.83E1,,c(MgCl2) = 0.002 M
4,1684,1,2,15,isocitrate(aq) = citrate(aq),69BLA,298.15,0.044,7.5,2.4,6.68E1,,c(MgCl2) = 0.004 M
4,1684,1,2,16,isocitrate(aq) = citrate(aq),69BLA,298.15,0.044,7.5,2.1,7.77E1,,c(MgCl2) = 0.008 M
4,1684,1,2,17,isocitrate(aq) = citrate(aq),69BLA,298.15,0.07,7.5,3.3,1.64E1,,c(MgCl2) = 0.0005 M
4,1684,1,2,18,isocitrate(aq) = citrate(aq),69BLA,298.15,0.07,7.5,3,2.33E1,,c(MgCl2) = 0.001 M
4,1684,1,2,19,isocitrate(aq) = citrate(aq),69BLA,298.15,0.07,7.5,2.7,3.79E1,,c(MgCl2) = 0.002 M
4,1684,1,2,20,isocitrate(aq) = citrate(aq),69BLA,298.15,0.07,7.5,2.4,5.45E1,,c(MgCl2) = 0.004 M
4,1684,1,2,21,isocitrate(aq) = citrate(aq),69BLA,298.15,0.07,7.5,2.22,6.38E1,,c(MgCl2) = 0.006 M
4,1684,1,2,22,isocitrate(aq) = citrate(aq),69BLA,298.15,0.07,7.5,2.1,6.73E1,,c(MgCl2) = 0.008 M
4,1684,1,2,23,isocitrate(aq) = citrate(aq),69BLA,298.15,0.15,7.5,3,2.15E1,,c(MgCl2) = 0.001 M
4,1684,1,2,24,isocitrate(aq) = citrate(aq),69BLA,298.15,0.15,7.5,2.7,3.12E1,,c(MgCl2) = 0.002 M
4,1684,1,2,25,isocitrate(aq) = citrate(aq),69BLA,298.15,0.15,7.5,2.4,4.68E1,,c(MgCl2) = 0.004 M
4,1684,1,2,26,isocitrate(aq) = citrate(aq),69BLA,298.15,0.15,7.5,2.1,5.97E1,,c(MgCl2) = 0.008 M
,,,,,,,,,,,,,
4,1684,2,1,1,isocitrate(aq) = citrate(aq),73VEL/GUY,311.15,,7.07,,9.89E0,,
4,1684,2,1,2,isocitrate(aq) = citrate(aq),73VEL/GUY,311.15,,7.07,5.05,9.92E0,,c(MgCl2) = 0.009 M
4,1684,2,1,3,isocitrate(aq) = citrate(aq),73VEL/GUY,311.15,,7.07,4.33,1.00E1,,c(MgCl2) = 0.047 M
4,1684,2,1,4,isocitrate(aq) = citrate(aq),73VEL/GUY,311.15,,7.07,4.03,1.10E1,,c(MgCl2) = 0.094 M
4,1684,2,1,5,isocitrate(aq) = citrate(aq),73VEL/GUY,311.15,,7.07,3.64,1.22E1,,c(MgCl2) = 0.230 M
4,1684,2,1,6,isocitrate(aq) = citrate(aq),73VEL/GUY,311.15,,7.07,3.33,1.39E1,,c(MgCl2) = 0.470 M
4,1684,2,1,7,isocitrate(aq) = citrate(aq),73VEL/GUY,311.15,,7.07,3.15,1.61E1,,c(MgCl2) = 0.700 M
4,1684,2,1,8,isocitrate(aq) = citrate(aq),73VEL/GUY,311.15,,7.07,3.03,1.80E1,,c(MgCl2) = 0.930 M
4,1684,2,1,9,isocitrate(aq) = citrate(aq),73VEL/GUY,311.15,,7.07,2.64,2.88E1,,c(MgCl2) = 2.3 M
4,1684,2,1,10,isocitrate(aq) = citrate(aq),73VEL/GUY,311.15,,7.07,2.44,3.72E1,,c(MgCl2) = 3.60 M
4,1684,2,1,11,isocitrate(aq) = citrate(aq),73VEL/GUY,311.15,,7.07,2.35,4.36E1,,c(MgCl2) = 4.50 M
4,1684,2,1,12,isocitrate(aq) = citrate(aq),73VEL/GUY,311.15,,7.07,2.16,4.70E1,,c(MgCl2) = 6.90 M
4,1684,2,1,13,isocitrate(aq) = citrate(aq),73VEL/GUY,311.15,,7.07,2.07,4.60E1,,c(MgCl2) = 8.50 M
4,1684,2,1,14,isocitrate(aq) = citrate(aq),73VEL/GUY,311.15,,7.07,2,5.23E1,,c(MgCl2) = 10.0 M
4,1684,2,1,15,isocitrate(aq) = citrate(aq),73VEL/GUY,311.15,,7.07,1.91,5.79E1,,c(MgCl2) = 12.3 M
4,1684,2,1,16,isocitrate(aq) = citrate(aq),73VEL/GUY,311.15,,7.07,,9.83E0,,
4,1684,2,1,17,isocitrate(aq) = citrate(aq),73VEL/GUY,311.15,,7.07,4.33,1.06E1,,c(MgCl2) = 0.047 M
4,1684,2,1,18,isocitrate(aq) = citrate(aq),73VEL/GUY,311.15,,7.07,3.15,1.71E1,,c(MgCl2) = 0.700 M
4,1684,2,1,19,isocitrate(aq) = citrate(aq),73VEL/GUY,311.15,,7.07,1.91,2.88E1,,c(MgCl2) = 2.30 M
4,1684,2,1,20,isocitrate(aq) = citrate(aq),73VEL/GUY,311.15,,7.07,2.16,4.75E1,,c(MgCl2) = 6.90 M
4,1684,2,1,21,isocitrate(aq) = citrate(aq),73VEL/GUY,311.15,,6.64,,9.51E0,,
4,1684,2,1,22,isocitrate(aq) = citrate(aq),73VEL/GUY,311.15,,6.64,4.33,1.03E1,,c(MgCl2) = 0.047 M
4,1684,2,1,23,isocitrate(aq) = citrate(aq),73VEL/GUY,311.15,,6.64,3.15,1.58E1,,c(MgCl2) = 0.7 M
4,1684,2,1,24,isocitrate(aq) = citrate(aq),73VEL/GUY,311.15,,6.64,2.64,2.95E1,,c(MgCl2) = 2.3 M
4,1684,2,1,25,isocitrate(aq) = citrate(aq),73VEL/GUY,311.15,,6.64,2.16,4.60E1,,c(MgCl2) = 6.9 M
4,1684,2,1,26,isocitrate(aq) = citrate(aq),73VEL/GUY,311.15,,7.45,,9.48E0,,
4,1684,2,1,27,isocitrate(aq) = citrate(aq),73VEL/GUY,311.15,,7.45,4.33,9.95E0,,c(MgCl2) = 0.047 M
4,1684,2,1,28,isocitrate(aq) = citrate(aq),73VEL/GUY,311.15,,7.45,3.15,1.48E1,,c(MgCl2) = 0.7 M
4,1684,2,1,29,isocitrate(aq) = citrate(aq),73VEL/GUY,311.15,,7.45,2.64,2.76E1,,c(MgCl2) = 2.3 M
4,1684,2,1,30,isocitrate(aq) = citrate(aq),73VEL/GUY,311.15,,7.45,2.16,4.66E1,,c(MgCl2) = 6.9 M
,,,,,,,,,,,,,
4,1684,2,2,1,3-dehydroquinate(aq) = 3-dehydroshikimate(aq) + H2O(l),54MIT/DAV,302.15,,7.4,,1.50E1,,
4,1685,1,1,1,2-phospho-D-glycerate(aq) = phosphoenolpyruvate(aq) + H2O(l),34LOH/MEY,273.15,,,,3.30E-1,,
4,1685,1,1,2,2-phospho-D-glycerate(aq) = phosphoenolpyruvate(aq) + H2O(l),34LOH/MEY,293.15,,,,3.90E-1,,
4,1685,1,1,3,2-phospho-D-glycerate(aq) = phosphoenolpyruvate(aq) + H2O(l),34LOH/MEY,313.15,,,,5.40E-1,,
4,1685,1,1,4,2-phospho-D-glycerate(aq) = phosphoenolpyruvate(aq) + H2O(l),34LOH/MEY,333.15,,,,7.00E-1,,
4,1685,1,2,1,2-phospho-D-glycerate(aq) = phosphoenolpyruvate(aq) + H2O(l),35AKA,301.15,,,,2.30E0,,
4,1685,1,3,1,2-phospho-D-glycerate(aq) = phosphoenolpyruvate(aq) + H2O(l),41WAR/CHR,293.15,,7.34,,1.43E0,,
4,1685,1,4,1,2-phospho-D-glycerate(aq) = phosphoenolpyruvate(aq) + H2O(l),49MEY/OES,297.15,,,,2.90E0,,
4,1685,2,1,1,2-phospho-D-glycerate(aq) = phosphoenolpyruvate(aq) + H2O(l),57WOL/BAL,288,,7.5,2.1,3.54E0,,c(MgSO4) = 0.008 M; c(KCl) = 0.4 M
4,1685,2,1,2,2-phospho-D-glycerate(aq) = phosphoenolpyruvate(aq) + H2O(l),57WOL/BAL,299.5,,7.5,2.1,4.55E0,,c(MgSO4) = 0.008 M; c(KCl) = 0.4 M
4,1685,2,1,3,2-phospho-D-glycerate(aq) = phosphoenolpyruvate(aq) + H2O(l),57WOL/BAL,307.5,,7.5,2.1,5.28E0,,c(MgSO4) = 0.008 M; c(KCl) = 0.4 M
4,1685,2,1,4,2-phospho-D-glycerate(aq) = phosphoenolpyruvate(aq) + H2O(l),57WOL/BAL,298.15,,6,3,2.50E0,,c(MgSO4) = 0.001 M
4,1685,2,1,5,2-phospho-D-glycerate(aq) = phosphoenolpyruvate(aq) + H2O(l),57WOL/BAL,298.15,,6.5,3,3.50E0,,c(MgSO4) = 0.001 M
4,1685,2,1,6,2-phospho-D-glycerate(aq) = phosphoenolpyruvate(aq) + H2O(l),57WOL/BAL,298.15,,7,3,4.29E0,,c(MgSO4) = 0.001 M
4,1685,2,1,7,2-phospho-D-glycerate(aq) = phosphoenolpyruvate(aq) + H2O(l),57WOL/BAL,298.15,,7.5,3,4.68E0,,c(MgSO4) = 0.001 M
4,1685,2,1,8,2-phospho-D-glycerate(aq) = phosphoenolpyruvate(aq) + H2O(l),57WOL/BAL,298.15,,8,3,5.00E0,,c(MgSO4) = 0.001 M
4,1685,2,1,9,2-phospho-D-glycerate(aq) = phosphoenolpyruvate(aq) + H2O(l),57WOL/BAL,298.15,,8.5,3,5.15E0,,c(MgSO4) = 0.001 M
4,1685,2,1,10,2-phospho-D-glycerate(aq) = phosphoenolpyruvate(aq) + H2O(l),57WOL/BAL,298.15,,6,2,2.65E0,,c(MgSO4) = 0.01 M
4,1685,2,1,11,2-phospho-D-glycerate(aq) = phosphoenolpyruvate(aq) + H2O(l),57WOL/BAL,298.15,,6.5,2,3.40E0,,c(MgSO4) = 0.01 M
4,1685,2,1,12,2-phospho-D-glycerate(aq) = phosphoenolpyruvate(aq) + H2O(l),57WOL/BAL,298.15,,7,2,3.92E0,,c(MgSO4) = 0.01 M
4,1685,2,1,13,2-phospho-D-glycerate(aq) = phosphoenolpyruvate(aq) + H2O(l),57WOL/BAL,298.15,,7.5,2,4.29E0,,c(MgSO4) = 0.01 M
4,1685,2,1,14,2-phospho-D-glycerate(aq) = phosphoenolpyruvate(aq) + H2O(l),57WOL/BAL,298.15,,8,2,4.41E0,,c(MgSO4) = 0.01 M
4,1685,2,1,15,2-phospho-D-glycerate(aq) = phosphoenolpyruvate(aq) + H2O(l),57WOL/BAL,298.15,,8.5,2,4.52E0,,c(MgSO4) = 0.01 M
4,1685,2,1,16,2-phospho-D-glycerate(aq) = phosphoenolpyruvate(aq) + H2O(l),57WOL/BAL,298.15,,6,,2.35E0,,c(MnSO4) = 0.001 M
4,1685,2,1,17,2-phospho-D-glycerate(aq) = phosphoenolpyruvate(aq) + H2O(l),57WOL/BAL,298.15,,6.5,,3.19E0,,c(MnSO4) = 0.001 M
4,1685,2,1,18,2-phospho-D-glycerate(aq) = phosphoenolpyruvate(aq) + H2O(l),57WOL/BAL,298.15,,6.88,,3.48E0,,c(MnSO4) = 0.001 M
4,1685,2,1,19,2-phospho-D-glycerate(aq) = phosphoenolpyruvate(aq) + H2O(l),57WOL/BAL,298.15,,7.28,,3.89E0,,c(MnSO4) = 0.001 M
4,1685,2,1,20,2-phospho-D-glycerate(aq) = phosphoenolpyruvate(aq) + H2O(l),57WOL/BAL,298.15,,8.08,,4.20E0,,c(MnSO4) = 0.001 M
4,1685,2,1,21,2-phospho-D-glycerate(aq) = phosphoenolpyruvate(aq) + H2O(l),57WOL/BAL,298.15,,5.92,,2.12E0,,c(MnSO4) = 0.002 M
4,1685,2,1,22,2-phospho-D-glycerate(aq) = phosphoenolpyruvate(aq) + H2O(l),57WOL/BAL,298.15,,6.5,,2.91E0,,c(MnSO4) = 0.002 M
4,1685,2,1,23,2-phospho-D-glycerate(aq) = phosphoenolpyruvate(aq) + H2O(l),57WOL/BAL,298.15,,6.9,,3.51E0,,c(MnSO4) = 0.002 M
4,1685,2,1,24,2-phospho-D-glycerate(aq) = phosphoenolpyruvate(aq) + H2O(l),57WOL/BAL,298.15,,7.28,,3.48E0,,c(MnSO4) = 0.002 M
4,1685,2,1,25,2-phospho-D-glycerate(aq) = phosphoenolpyruvate(aq) + H2O(l),57WOL/BAL,298.15,,8.08,,3.80E0,,c(MnSO4) = 0.002 M
4,1685,2,1,26,2-phospho-D-glycerate(aq) = phosphoenolpyruvate(aq) + H2O(l),57WOL/BAL,298.15,,5.92,,2.32E0,,c(MnSO4) = 0.005 M
4,1685,2,1,27,2-phospho-D-glycerate(aq) = phosphoenolpyruvate(aq) + H2O(l),57WOL/BAL,298.15,,6.5,,2.84E0,,c(MnSO4) = 0.005 M
4,1685,2,1,28,2-phospho-D-glycerate(aq) = phosphoenolpyruvate(aq) + H2O(l),57WOL/BAL,298.15,,6.9,,3.16E0,,c(MnSO4) = 0.005 M
4,1685,2,1,29,2-phospho-D-glycerate(aq) = phosphoenolpyruvate(aq) + H2O(l),57WOL/BAL,298.15,,7.28,,3.19E0,,c(MnSO4) = 0.005 M
4,1685,2,1,30,2-phospho-D-glycerate(aq) = phosphoenolpyruvate(aq) + H2O(l),57WOL/BAL,298.15,,8.08,,3.27E0,,c(MnSO4) = 0.005 M
4,1685,2,1,31,2-phospho-D-glycerate(aq) = phosphoenolpyruvate(aq) + H2O(l),57WOL/BAL,298.15,,6.03,2.1,2.63E0,,c(MgSO4) = 0.008 M; c(KCl) = 0.4 M
4,1685,2,1,32,2-phospho-D-glycerate(aq) = phosphoenolpyruvate(aq) + H2O(l),57WOL/BAL,298.15,,6.04,2.1,2.83E0,,c(MgSO4) = 0.008 M; c(KCl) = 0.4 M
4,1685,2,1,33,2-phospho-D-glycerate(aq) = phosphoenolpyruvate(aq) + H2O(l),57WOL/BAL,298.15,,6.08,2.1,2.45E0,,c(MgSO4) = 0.008 M; c(KCl) = 0.4 M
4,1685,2,1,34,2-phospho-D-glycerate(aq) = phosphoenolpyruvate(aq) + H2O(l),57WOL/BAL,298.15,,6.08,2.1,2.76E0,,c(MgSO4) = 0.008 M; c(KCl) = 0.4 M
4,1685,2,1,35,2-phospho-D-glycerate(aq) = phosphoenolpyruvate(aq) + H2O(l),57WOL/BAL,298.15,,6.13,2.1,2.76E0,,c(MgSO4) = 0.008 M; c(KCl) = 0.4 M
4,1685,2,1,36,2-phospho-D-glycerate(aq) = phosphoenolpyruvate(aq) + H2O(l),57WOL/BAL,298.15,,6.13,2.1,2.55E0,,c(MgSO4) = 0.008 M; c(KCl) = 0.4 M
4,1685,2,1,37,2-phospho-D-glycerate(aq) = phosphoenolpyruvate(aq) + H2O(l),57WOL/BAL,298.15,,6.23,2.1,3.21E0,,c(MgSO4) = 0.008 M; c(KCl) = 0.4 M
4,1685,2,1,38,2-phospho-D-glycerate(aq) = phosphoenolpyruvate(aq) + H2O(l),57WOL/BAL,298.15,,6.23,2.1,3.27E0,,c(MgSO4) = 0.008 M; c(KCl) = 0.4 M
4,1685,2,1,39,2-phospho-D-glycerate(aq) = phosphoenolpyruvate(aq) + H2O(l),57WOL/BAL,298.15,,6.23,2.1,3.32E0,,c(MgSO4) = 0.008 M; c(KCl) = 0.4 M
4,1685,2,1,40,2-phospho-D-glycerate(aq) = phosphoenolpyruvate(aq) + H2O(l),57WOL/BAL,298.15,,6.29,2.1,3.17E0,,c(MgSO4) = 0.008 M; c(KCl) = 0.4 M
4,1685,2,1,41,2-phospho-D-glycerate(aq) = phosphoenolpyruvate(aq) + H2O(l),57WOL/BAL,298.15,,6.29,2.1,3.21E0,,c(MgSO4) = 0.008 M; c(KCl) = 0.4 M
4,1685,2,1,42,2-phospho-D-glycerate(aq) = phosphoenolpyruvate(aq) + H2O(l),57WOL/BAL,298.15,,6.34,2.1,3.10E0,,c(MgSO4) = 0.008 M; c(KCl) = 0.4 M
4,1685,2,1,43,2-phospho-D-glycerate(aq) = phosphoenolpyruvate(aq) + H2O(l),57WOL/BAL,298.15,,6.34,2.1,3.21E0,,c(MgSO4) = 0.008 M; c(KCl) = 0.4 M
4,1685,2,1,44,2-phospho-D-glycerate(aq) = phosphoenolpyruvate(aq) + H2O(l),57WOL/BAL,298.15,,6.34,2.1,3.36E0,,c(MgSO4) = 0.008 M; c(KCl) = 0.4 M
4,1685,2,1,45,2-phospho-D-glycerate(aq) = phosphoenolpyruvate(aq) + H2O(l),57WOL/BAL,298.15,,6.43,2.1,3.78E0,,c(MgSO4) = 0.008 M; c(KCl) = 0.4 M
4,1685,2,1,46,2-phospho-D-glycerate(aq) = phosphoenolpyruvate(aq) + H2O(l),57WOL/BAL,298.15,,6.49,2.1,3.63E0,,c(MgSO4) = 0.008 M; c(KCl) = 0.4 M
4,1685,2,1,47,2-phospho-D-glycerate(aq) = phosphoenolpyruvate(aq) + H2O(l),57WOL/BAL,298.15,,6.49,2.1,3.68E0,,c(MgSO4) = 0.008 M; c(KCl) = 0.4 M
4,1685,2,1,48,2-phospho-D-glycerate(aq) = phosphoenolpyruvate(aq) + H2O(l),57WOL/BAL,298.15,,6.55,2.1,3.61E0,,c(MgSO4) = 0.008 M; c(KCl) = 0.4 M
4,1685,2,1,49,2-phospho-D-glycerate(aq) = phosphoenolpyruvate(aq) + H2O(l),57WOL/BAL,298.15,,6.55,2.1,3.84E0,,c(MgSO4) = 0.008 M; c(KCl) = 0.4 M
4,1685,2,1,50,2-phospho-D-glycerate(aq) = phosphoenolpyruvate(aq) + H2O(l),57WOL/BAL,298.15,,6.74,2.1,4.09E0,,c(MgSO4) = 0.008 M; c(KCl) = 0.4 M
4,1685,2,1,51,2-phospho-D-glycerate(aq) = phosphoenolpyruvate(aq) + H2O(l),57WOL/BAL,298.15,,6.74,2.1,4.37E0,,c(MgSO4) = 0.008 M; c(KCl) = 0.4 M
4,1685,2,1,52,2-phospho-D-glycerate(aq) = phosphoenolpyruvate(aq) + H2O(l),57WOL/BAL,298.15,,6.78,2.1,4.26E0,,c(MgSO4) = 0.008 M; c(KCl) = 0.4 M
4,1685,2,1,53,2-phospho-D-glycerate(aq) = phosphoenolpyruvate(aq) + H2O(l),57WOL/BAL,298.15,,6.84,2.1,4.00E0,,c(MgSO4) = 0.008 M; c(KCl) = 0.4 M
4,1685,2,1,54,2-phospho-D-glycerate(aq) = phosphoenolpyruvate(aq) + H2O(l),57WOL/BAL,298.15,,6.84,2.1,4.24E0,,c(MgSO4) = 0.008 M; c(KCl) = 0.4 M
4,1685,2,1,55,2-phospho-D-glycerate(aq) = phosphoenolpyruvate(aq) + H2O(l),57WOL/BAL,298.15,,6.84,2.1,4.26E0,,c(MgSO4) = 0.008 M; c(KCl) = 0.4 M
4,1685,2,1,56,2-phospho-D-glycerate(aq) = phosphoenolpyruvate(aq) + H2O(l),57WOL/BAL,298.15,,7,2.1,4.38E0,,c(MgSO4) = 0.008 M; c(KCl) = 0.4 M
4,1685,2,1,57,2-phospho-D-glycerate(aq) = phosphoenolpyruvate(aq) + H2O(l),57WOL/BAL,298.15,,7,2.1,4.43E0,,c(MgSO4) = 0.008 M; c(KCl) = 0.4 M
4,1685,2,1,58,2-phospho-D-glycerate(aq) = phosphoenolpyruvate(aq) + H2O(l),57WOL/BAL,298.15,,7,2.1,4.52E0,,c(MgSO4) = 0.008 M; c(KCl) = 0.4 M
4,1685,2,1,59,2-phospho-D-glycerate(aq) = phosphoenolpyruvate(aq) + H2O(l),57WOL/BAL,298.15,,7,2.1,4.68E0,,c(MgSO4) = 0.008 M; c(KCl) = 0.4 M
4,1685,2,1,60,2-phospho-D-glycerate(aq) = phosphoenolpyruvate(aq) + H2O(l),57WOL/BAL,298.15,,7.12,2.1,4.40E0,,c(MgSO4) = 0.008 M; c(KCl) = 0.4 M
4,1685,2,1,61,2-phospho-D-glycerate(aq) = phosphoenolpyruvate(aq) + H2O(l),57WOL/BAL,298.15,,7.12,2.1,4.80E0,,c(MgSO4) = 0.008 M; c(KCl) = 0.4 M
4,1685,2,1,62,2-phospho-D-glycerate(aq) = phosphoenolpyruvate(aq) + H2O(l),57WOL/BAL,298.15,,7.16,2.1,4.80E0,,c(MgSO4) = 0.008 M; c(KCl) = 0.4 M
4,1685,2,1,63,2-phospho-D-glycerate(aq) = phosphoenolpyruvate(aq) + H2O(l),57WOL/BAL,298.15,,7.16,2.1,4.97E0,,c(MgSO4) = 0.008 M; c(KCl) = 0.4 M
4,1685,2,1,64,2-phospho-D-glycerate(aq) = phosphoenolpyruvate(aq) + H2O(l),57WOL/BAL,298.15,,7.38,2.1,4.56E0,,c(MgSO4) = 0.008 M; c(KCl) = 0.4 M
4,1685,2,1,65,2-phospho-D-glycerate(aq) = phosphoenolpyruvate(aq) + H2O(l),57WOL/BAL,298.15,,7.38,2.1,4.64E0,,c(MgSO4) = 0.008 M; c(KCl) = 0.4 M
4,1685,2,1,66,2-phospho-D-glycerate(aq) = phosphoenolpyruvate(aq) + H2O(l),57WOL/BAL,298.15,,7.38,2.1,4.70E0,,c(MgSO4) = 0.008 M; c(KCl) = 0.4 M
4,1685,2,1,67,2-phospho-D-glycerate(aq) = phosphoenolpyruvate(aq) + H2O(l),57WOL/BAL,298.15,,7.38,2.1,5.00E0,,c(MgSO4) = 0.008 M; c(KCl) = 0.4 M
4,1685,2,1,68,2-phospho-D-glycerate(aq) = phosphoenolpyruvate(aq) + H2O(l),57WOL/BAL,298.15,,7.46,2.1,4.68E0,,c(MgSO4) = 0.008 M; c(KCl) = 0.4 M
4,1685,2,1,69,2-phospho-D-glycerate(aq) = phosphoenolpyruvate(aq) + H2O(l),57WOL/BAL,298.15,,7.46,2.1,4.82E0,,c(MgSO4) = 0.008 M; c(KCl) = 0.4 M
4,1685,2,1,70,2-phospho-D-glycerate(aq) = phosphoenolpyruvate(aq) + H2O(l),57WOL/BAL,298.15,,7.46,2.1,4.86E0,,c(MgSO4) = 0.008 M; c(KCl) = 0.4 M
4,1685,2,1,71,2-phospho-D-glycerate(aq) = phosphoenolpyruvate(aq) + H2O(l),57WOL/BAL,298.15,,7.85,2.1,4.71E0,,c(MgSO4) = 0.008 M; c(KCl) = 0.4 M
4,1685,2,1,72,2-phospho-D-glycerate(aq) = phosphoenolpyruvate(aq) + H2O(l),57WOL/BAL,298.15,,7.85,2.1,5.25E0,,c(MgSO4) = 0.008 M; c(KCl) = 0.5 M
4,1685,2,1,73,2-phospho-D-glycerate(aq) = phosphoenolpyruvate(aq) + H2O(l),57WOL/BAL,298.15,,7.88,2.1,5.06E0,,c(MgSO4) = 0.008 M; c(KCl) = 0.6 M
4,1685,2,1,74,2-phospho-D-glycerate(aq) = phosphoenolpyruvate(aq) + H2O(l),57WOL/BAL,298.15,,7.88,2.1,5.10E0,,c(MgSO4) = 0.008 M; c(KCl) = 0.7 M
4,1685,2,1,75,2-phospho-D-glycerate(aq) = phosphoenolpyruvate(aq) + H2O(l),57WOL/BAL,298.15,,7.88,2.1,5.25E0,,c(MgSO4) = 0.008 M; c(KCl) = 0.8 M
4,1685,2,1,76,2-phospho-D-glycerate(aq) = phosphoenolpyruvate(aq) + H2O(l),57WOL/BAL,298.15,,7.88,2.1,5.92E0,,c(MgSO4) = 0.008 M; c(KCl) = 0.9 M
4,1685,2,1,77,2-phospho-D-glycerate(aq) = phosphoenolpyruvate(aq) + H2O(l),57WOL/BAL,298.15,,7.94,2.1,5.15E0,,c(MgSO4) = 0.008 M; c(KCl) = 0.10 M
4,1685,2,1,78,2-phospho-D-glycerate(aq) = phosphoenolpyruvate(aq) + H2O(l),57WOL/BAL,298.15,,7.94,2.1,5.25E0,,c(MgSO4) = 0.008 M; c(KCl) = 0.11 M
4,1685,2,1,79,2-phospho-D-glycerate(aq) = phosphoenolpyruvate(aq) + H2O(l),57WOL/BAL,298.15,,8.25,2.1,4.97E0,,c(MgSO4) = 0.008 M; c(KCl) = 0.4 M
4,1685,2,1,80,2-phospho-D-glycerate(aq) = phosphoenolpyruvate(aq) + H2O(l),57WOL/BAL,298.15,,8.25,2.1,5.05E0,,c(MgSO4) = 0.008 M; c(KCl) = 0.5 M
4,1685,2,1,81,2-phospho-D-glycerate(aq) = phosphoenolpyruvate(aq) + H2O(l),57WOL/BAL,298.15,,8.25,2.1,5.08E0,,c(MgSO4) = 0.008 M; c(KCl) = 0.6 M
4,1685,2,1,82,2-phospho-D-glycerate(aq) = phosphoenolpyruvate(aq) + H2O(l),57WOL/BAL,298.15,,8.25,2.1,5.25E0,,c(MgSO4) = 0.008 M; c(KCl) = 0.7 M
,,,,,,,,,,,,,
,,,,,,,,,,,,,
,,,,,,,,,,,,,
,,,,,,,,,,,,,
4,1686,1,1,1,2-phospho-D-glycerate(aq) = phosphoenolpyruvate(aq) + H2O(l),64LOW/PAS,311.15,,7.1,,4.60E0,,
4,1686,1,2,1,(3R)-3-hydroxybutanoyl-CoA(aq) = cis-but-2-enoyl-CoA(aq) + H2O(l),56STE/DEL,298.15,,7.5,,1.80E-1,,
4,1686,2,1,1,(3S)-3-hydroxybutanoyl-CoA(aq) = trans-but-2-enoyl-CoA(aq) + H2O(l),56STE/DEL,298.15,,7.5,,2.90E-1,,
4,1686,2,2,1,(3R)-3-hydroxyhexanoyl-CoA(aq) = cis-hex-2-enoyl-CoA(aq) + H2O(l),56STE/DEL,298.15,,7.5,,2.00E-1,,
4,1686,2,3,1,(3S)-3-hydroxyhexanoyl-CoA(aq) = trans-hex-2-enoyl-CoA(aq) + H2O(l),56STE/DEL,298.15,,7.5,,6.60E-1,,
4,1686,2,4,1,D-glyceraldehyde 3-phosphate(aq) + indole(aq) = 1-(indol-3-yl)glycerol 3-phosphate(aq),76WEI/KIR,298.15,,7.8,,2.30E3,,"[Kprime was given with ""approximate"" sign]"
4,1686,2,5,1,D-glyceraldehyde 3-phosphate(aq) + indole(aq) = 1-(indol-3-yl)glycerol 3-phosphate(aq),85WIE/HIN,298.15,,7.5,,,-54,"[this value is superseded through a communication in part 6, page 954, col 1, table 2]"
4,1687,1,1,1,indole(aq) + L-serine(aq) = L-tryptophan(aq) + H2O(l),85WIE/HIN,283.15,,7.5,,,78.7,buffer = sodium diphosphate (0.1 M)
4,1687,1,1,2,indole(aq) + L-serine(aq) = L-tryptophan(aq) + H2O(l),85WIE/HIN,298.15,,7.5,,,80.3,buffer = sodium diphosphate (0.1 M)
4,1687,1,1,3,indole(aq) + L-serine(aq) = L-tryptophan(aq) + H2O(l),85WIE/HIN,298.15,,7.5,,,81.2,buffer = Tris (0.2 M)
4,1687,1,1,4,indole(aq) + L-serine(aq) = L-tryptophan(aq) + H2O(l),85WIE/HIN,308.15,,7.5,,,80.6,buffer = sodium diphosphate (0.1 M)
4,1687,1,2,1,1-(indol-3-yl)glycerol 3-phosphate(aq) + L-serine(aq) = L-tryptophan(aq) + D-glyceraldehyde 3-phosphate(aq) + H2O(l),85WIE/HIN,298.15,,7.5,,,-13.4,
4,1687,1,3,1,(R)-malate(aq) = maleate(aq) + H2O(l),93WER/TWE2,298.15,0.1,6.5,,7.41E-4,,buffer = potassium phosphate (0.10 M) + Hepes (0.10 M) + NaOH
4,1687,1,3,2,(R)-malate(aq) = maleate(aq) + H2O(l),93WER/TWE2,298.15,0.1,7,,4.88E-4,,buffer = potassium phosphate (0.20 M) + NaOH
4,1687,1,3,3,(R)-malate(aq) = maleate(aq) + H2O(l),93WER/TWE2,298.15,0.1,7.5,,4.46E-4,,"buffer = potassium phosphate (0.10 M) + Hepes (0.10 M) + NaOH; [corrected typo in-situ: PDF says ""Hepers"" instead of Hepes]"
4,1687,1,3,4,(R)-malate(aq) = maleate(aq) + H2O(l),93WER/TWE2,298.15,0.1,8,,4.28E-4,,buffer = potassium phosphate (0.10 M) + Hepes (0.10 M) + NaOH
4,1687,1,3,5,(R)-malate(aq) = maleate(aq) + H2O(l),93WER/TWE2,298.15,0.1,8.5,,4.17E-4,,buffer = potassium phosphate (0.10 M) + Hepes (0.10 M) + NaOH
4,1687,1,3,6,(R)-malate(aq) = maleate(aq) + H2O(l),93WER/TWE2,288.3,0.1,7,,4.39E-4,,buffer = potassium phosphate (0.20 M) + NaOH
4,1687,1,3,7,(R)-malate(aq) = maleate(aq) + H2O(l),93WER/TWE2,292.9,0.1,7,,5.00E-4,,buffer = potassium phosphate (0.20 M) + NaOH
4,1687,1,3,8,(R)-malate(aq) = maleate(aq) + H2O(l),93WER/TWE2,297.8,0.1,7,,5.58E-4,,buffer = potassium phosphate (0.20 M) + NaOH
4,1687,1,3,9,(R)-malate(aq) = maleate(aq) + H2O(l),93WER/TWE2,302.9,0.1,7,,6.24E-4,,buffer = potassium phosphate (0.20 M) + NaOH
4,1687,1,3,10,(R)-malate(aq) = maleate(aq) + H2O(l),93WER/TWE2,307.9,0.1,7,,7.20E-4,,buffer = potassium phosphate (0.20 M) + NaOH
4,1687,1,3,11,(R)-malate(aq) = maleate(aq) + H2O(l),93WER/TWE2,313.2,0.1,7,,8.11E-4,,buffer = potassium phosphate (0.20 M) + NaOH
4,1687,2,1,1,L-serine(aq) = pyruvate(aq) + ammonia(aq),85WIE/HIN,308.15,,7.5,,,-7.3,
4,1687,2,2,1,(R)-malate(aq) = maleate(aq) + H2O(l),93WER/TWE,298.15,0.1,7,,4.88E-4,,
4,1688,1,1,1,(S)-2-methylmalate(aq) = 2-methylfumarate(aq) + H2O(l),69WAN/BAR,298.15,,8.2,,1.70E-1,,
4,1688,1,2,1,(R)-2-methylmalate(aq) = 2-methylmaleate(aq) + H2O(l),93WER/TWE2,298.15,0.1,6,,1.53E-2,,buffer = potassium phosphate (0.1 M) + Hepes (0.1 M) + NaOH
4,1688,1,2,2,(R)-2-methylmalate(aq) = 2-methylmaleate(aq) + H2O(l),93WER/TWE2,298.15,0.1,6.5,,1.05E-2,,buffer = potassium phosphate (0.1 M) + Hepes (0.1 M) + NaOH
4,1688,1,2,3,(R)-2-methylmalate(aq) = 2-methylmaleate(aq) + H2O(l),93WER/TWE2,298.15,0.1,7,,9.62E-3,,buffer = potassium phosphate (0.2 M) + NaOH
4,1688,1,2,4,(R)-2-methylmalate(aq) = 2-methylmaleate(aq) + H2O(l),93WER/TWE2,298.15,0.1,7.5,,9.45E-3,,buffer = potassium phosphate (0.1 M) + Hepes (0.1 M) + NaOH
4,1688,1,2,5,(R)-2-methylmalate(aq) = 2-methylmaleate(aq) + H2O(l),93WER/TWE2,298.15,0.1,8,,9.29E-3,,buffer = potassium phosphate (0.1 M) + Hepes (0.1 M) + NaOH
4,1688,1,2,6,(R)-2-methylmalate(aq) = 2-methylmaleate(aq) + H2O(l),93WER/TWE2,298.15,0.1,8.5,,9.17E-3,,buffer = potassium phosphate (0.1 M) + Hepes (0.1 M) + NaOH
4,1688,1,2,7,(R)-2-methylmalate(aq) = 2-methylmaleate(aq) + H2O(l),93WER/TWE2,283.5,0.1,7,,5.53E-3,,buffer = potassium phosphate (0.20 M) + NaOH
4,1688,1,2,8,(R)-2-methylmalate(aq) = 2-methylmaleate(aq) + H2O(l),93WER/TWE2,288.1,0.1,7,,6.75E-3,,buffer = potassium phosphate (0.20 M) + NaOH
4,1688,1,2,9,(R)-2-methylmalate(aq) = 2-methylmaleate(aq) + H2O(l),93WER/TWE2,292.5,0.1,7,,7.58E-3,,buffer = potassium phosphate (0.20 M) + NaOH
4,1688,1,2,10,(R)-2-methylmalate(aq) = 2-methylmaleate(aq) + H2O(l),93WER/TWE2,298.2,0.1,7,,8.64E-3,,buffer = potassium phosphate (0.20 M) + NaOH
4,1688,1,2,11,(R)-2-methylmalate(aq) = 2-methylmaleate(aq) + H2O(l),93WER/TWE2,302.8,0.1,7,,1.03E-2,,buffer = potassium phosphate (0.20 M) + NaOH
4,1688,1,2,12,(R)-2-methylmalate(aq) = 2-methylmaleate(aq) + H2O(l),93WER/TWE2,307.9,0.1,7,,1.19E-2,,buffer = potassium phosphate (0.20 M) + NaOH
4,1688,1,2,13,(R)-2-methylmalate(aq) = 2-methylmaleate(aq) + H2O(l),93WER/TWE2,313.2,0.1,7,,1.44E-2,,buffer = potassium phosphate (0.20 M) + NaOH
4,1688,1,3,1,{\gamma}-fluoroglutamate(aq) = cis-D-4-fluoro-5-oxypyrrolidone-2-carboxylate(aq) + H2O(l),71UNK/GOL,299.4,,7.9,,5.80E-1,,
4,1688,1,3,2,{\gamma}-fluoroglutamate(aq) = cis-D-4-fluoro-5-oxypyrrolidone-2-carboxylate(aq) + H2O(l),71UNK/GOL,303.2,,7.9,,4.40E-1,,
4,1688,1,3,3,{\gamma}-fluoroglutamate(aq) = cis-D-4-fluoro-5-oxypyrrolidone-2-carboxylate(aq) + H2O(l),71UNK/GOL,305.9,,7.9,,5.00E-1,,
4,1688,1,3,4,{\gamma}-fluoroglutamate(aq) = cis-D-4-fluoro-5-oxypyrrolidone-2-carboxylate(aq) + H2O(l),71UNK/GOL,313.5,,7.9,,4.30E-1,,
4,1688,2,1,1,(R)-2-methylmalate(aq) = 2-methylmaleate(aq) + H2O(l),93WER/TWE,298.15,0.1,7,,9.62E-3,,
4,1688,2,2,1,ATP-{\gamma}-S(aq) + (R)-5-phosphomevalonate(aq) = ADP(aq) + 2-thio-5-diphosphomevalonate(aq),71UNK/GOL,303.15,,7.9,,2.00E0,,
4,1688,2,3,1,D-glutamate(aq) = 5-oxo-D-proline(aq) + H2O(l),63MEI/BUK,310.15,,8.3,,1.60E1,,
4,1689,1,1,1,D-glutamate(aq) = 5-oxo-D-proline(aq) + H2O(l),71UNK/GOL,293.4,,7.9,,2.43E1,,
4,1689,1,1,2,D-glutamate(aq) = 5-oxo-D-proline(aq) + H2O(l),71UNK/GOL,302.3,,7.9,,2.70E1,,
4,1689,1,1,3,D-glutamate(aq) = 5-oxo-D-proline(aq) + H2O(l),71UNK/GOL,303.2,,7.9,,2.68E1,,
4,1689,1,1,4,D-glutamate(aq) = 5-oxo-D-proline(aq) + H2O(l),71UNK/GOL,310.9,,7.9,,3.03E1,,
4,1689,1,2,1,"urocanate(aq) + H2O(l) = 4,5-dihydro-4-oxo-5-imidazolepropanoate(aq)",75COH/LYN,277.15,,7.5,,3.55E1,,
4,1689,1,2,2,"urocanate(aq) + H2O(l) = 4,5-dihydro-4-oxo-5-imidazolepropanoate(aq)",75COH/LYN,288.15,,7.5,,4.91E1,,
4,1689,1,2,3,"urocanate(aq) + H2O(l) = 4,5-dihydro-4-oxo-5-imidazolepropanoate(aq)",75COH/LYN,293.15,,7.5,,5.82E1,,
4,1689,1,2,4,"urocanate(aq) + H2O(l) = 4,5-dihydro-4-oxo-5-imidazolepropanoate(aq)",75COH/LYN,298.15,,7.5,,6.98E1,,
4,1689,1,2,5,"urocanate(aq) + H2O(l) = 4,5-dihydro-4-oxo-5-imidazolepropanoate(aq)",75COH/LYN,310.15,,7.5,,9.12E1,,
4,1689,1,3,1,(3R)-3-hydroxybutanoyl-[acyl-carrier protein](aq) = cis-but-2-enoyl-[acyl-carrier protein](aq) + H2O(l),68MIZ/WEE,298.15,,8.5,,3.20E-1,,"[Kprime was given with ""approximate"" sign]"
4,1689,2,1,1,"(2R,3S)-2,3-dimethylmalate(aq) = dimethylmaleate(aq) + H2O(l)",84KOL/EGG,308.15,,7,,4.30E-1,,"[typo corrected in situ: PDF says ""EC 1.4.2.1.85""]"
4,1689,2,2,1,"(2R,3S)-2,3-dimethylmalate(aq) = dimethylmaleate(aq) + H2O(l)",93WER/TWE,298.15,0.1,7,,8.90E-2,,"[typo corrected in situ: PDF says ""EC 1.4.2.1.85""]"
4,1689,2,3,1,DL-3-hydroxybutanoyl-CoA(aq) = trans-but-2-enoyl-CoA(aq) + H2O(l),85COO/PRA,308.15,,7.4,,2.80E-1,,[PDF says: EC 4.2.1.a; this is equivalent]
4,1689,2,4,1,L-aspartate(aq) = fumarate(aq) + ammonia(aq),26QUA/WOO,310.15,,7.4,,4.00E-2,,"[Kprime was given with an ""approximate"" sign]"
4,1690,1,1,1,L-aspartate(aq) = fumarate(aq) + ammonia(aq),29WOO,310.15,,7.4,,1.00E-2,,
4,1690,1,2,1,L-aspartate(aq) = fumarate(aq) + ammonia(aq),35JAC/TAP,278.15,,7,,2.40E-3,,
4,1690,1,2,2,L-aspartate(aq) = fumarate(aq) + ammonia(aq),35JAC/TAP,310.15,,7,,7.60E-3,,
4,1690,1,3,1,L-aspartate(aq) = fumarate(aq) + ammonia(aq),55WIL/MCI,310.15,,6.8,,2.30E-2,,
4,1690,1,4,1,L-aspartate(aq) = fumarate(aq) + ammonia(aq),61WIL/WIL,302.15,,7,,1.00E-2,,
4,1690,1,4,2,L-aspartate(aq) = fumarate(aq) + ammonia(aq),61WIL/WIL,312.15,,7,,2.20E-2,,
4,1690,1,5,1,L-aspartate(aq) = fumarate(aq) + ammonia(aq),65SEK/SUN,310.15,,,,2.00E-2,,
4,1690,2,1,1,L-aspartate(aq) = fumarate(aq) + ammonia(aq),68BAD/MIL,278.05,,7,,2.15E-3,,I_m = 0.1 M
4,1690,2,1,2,L-aspartate(aq) = fumarate(aq) + ammonia(aq),68BAD/MIL,288.45,,7,,3.07E-3,,I_m = 0.1 M
4,1690,2,1,3,L-aspartate(aq) = fumarate(aq) + ammonia(aq),68BAD/MIL,300.55,,7,,5.11E-3,,I_m = 0.1 M
4,1690,2,1,4,L-aspartate(aq) = fumarate(aq) + ammonia(aq),68BAD/MIL,309.45,,7,,6.73E-3,,I_m = 0.1 M
4,1690,2,1,5,L-aspartate(aq) = fumarate(aq) + ammonia(aq),68BAD/MIL,309.45,,5.7,,7.10E-3,,I_m = 0.1 M
4,1690,2,1,6,L-aspartate(aq) = fumarate(aq) + ammonia(aq),68BAD/MIL,309.45,,7,,6.70E-3,,I_m = 0.1 M
4,1690,2,1,7,L-aspartate(aq) = fumarate(aq) + ammonia(aq),68BAD/MIL,309.45,,7.7,,6.40E-3,,I_m = 0.1 M
4,1690,2,1,8,L-aspartate(aq) = fumarate(aq) + ammonia(aq),68BAD/MIL,309.45,,7,,6.70E-3,,I_m = 0.1 M
4,1690,2,1,9,L-aspartate(aq) = fumarate(aq) + ammonia(aq),68BAD/MIL,309.45,,7,,9.10E-3,,I_m = 0.3 M
4,1690,2,1,10,L-aspartate(aq) = fumarate(aq) + ammonia(aq),68BAD/MIL,309.45,,7,,9.80E-3,,I_m = 0.52 M
4,1690,2,1,11,L-aspartate(aq) = fumarate(aq) + ammonia(aq),68BAD/MIL,309.45,,7,,9.80E-3,,I_m = 0.73 M
4,1690,2,2,1,L-aspartate(aq) = fumarate(aq) + ammonia(aq),86GOL/GAJ,286.15,,7.43,,3.31E-3,,
4,1690,2,2,2,L-aspartate(aq) = fumarate(aq) + ammonia(aq),86GOL/GAJ,292.15,,7.39,,3.74E-3,,
4,1690,2,2,3,L-aspartate(aq) = fumarate(aq) + ammonia(aq),86GOL/GAJ,298.25,,7.37,,4.71E-3,,
4,1690,2,2,4,L-aspartate(aq) = fumarate(aq) + ammonia(aq),86GOL/GAJ,304.25,,7.33,,5.59E-3,,
4,1690,2,2,5,L-aspartate(aq) = fumarate(aq) + ammonia(aq),86GOL/GAJ,310.15,,7.3,,5.07E-3,,
4,1690,2,2,6,L-aspartate(aq) = fumarate(aq) + ammonia(aq),86GOL/GAJ,310.25,,7.29,,6.69E-3,,
4,1690,2,2,7,L-aspartate(aq) = fumarate(aq) + ammonia(aq),86GOL/GAJ,310.15,,7.24,,8.54E-3,,
4,1690,2,2,8,L-aspartate(aq) = fumarate(aq) + ammonia(aq),86GOL/GAJ,316.25,,7.35,,7.63E-3,,
4,1691,1,1,1,L-aspartate(aq) = fumarate(aq) + ammonia(aq),86GOL/GAJ,298.15,,7.27,,,24.8,I_m = 0.133 mol/kg
4,1691,1,1,2,L-aspartate(aq) = fumarate(aq) + ammonia(aq),86GOL/GAJ,304.15,,7.28,,,24.7,I_m = 0.133 mol/kg
4,1691,1,1,3,L-aspartate(aq) = fumarate(aq) + ammonia(aq),86GOL/GAJ,310.15,,7.3,,,24.2,I_m = 0.066 mol/kg
4,1691,1,1,4,L-aspartate(aq) = fumarate(aq) + ammonia(aq),86GOL/GAJ,310.15,,7.32,,,23.7,I_m = 0.134 mol/kg
4,1691,1,1,5,L-aspartate(aq) = fumarate(aq) + ammonia(aq),86GOL/GAJ,310.15,,7.28,,,23.8,I_m = 0.182 mol/kg
4,1691,1,1,6,L-aspartate(aq) = fumarate(aq) + ammonia(aq),86GOL/GAJ,310.15,,7.27,,,23.1,I_m = 0.334 mol/kg
4,1691,1,2,1,L-threo-3-methylaspartate(aq) = 2-methylfumarate(aq) + ammonia(aq),59BAR/SMY,298.15,,7.9,,2.38E-1,,buffer = Tris (0.05 M) + HCl
4,1691,1,2,2,L-threo-3-methylaspartate(aq) = 2-methylfumarate(aq) + ammonia(aq),59BAR/SMY,298.15,,9.7,,3.06E-1,,buffer = ethanolamine (0.05 M)
4,1691,1,3,1,L-histidine(aq) = urocanate(aq) + ammonia(aq),67WIL/HIR,298.15,,8,,3.00E0,,
4,1691,2,1,1,L-histidine(aq) = urocanate(aq) + ammonia(aq),73MCC/KOL,303.2,,7.2,,1.60E-2,,
4,1691,2,1,2,L-histidine(aq) = urocanate(aq) + ammonia(aq),73MCC/KOL,305.3,,7.2,,2.50E-2,,
4,1691,2,1,3,L-histidine(aq) = urocanate(aq) + ammonia(aq),73MCC/KOL,308.2,,7.2,,2.80E-2,,
4,1691,2,1,4,L-histidine(aq) = urocanate(aq) + ammonia(aq),73MCC/KOL,311.3,,7.2,,4.00E-2,,
4,1691,2,1,5,L-histidine(aq) = urocanate(aq) + ammonia(aq),73MCC/KOL,316.4,,7.2,,1.00E-1,,
4,1691,2,2,1,L-histidine(aq) = urocanate(aq) + ammonia(aq),93LAR/TEW,298.25,,8.41,,3.01E0,,I_m = 0.167 mol/kg
4,1691,2,2,2,L-histidine(aq) = urocanate(aq) + ammonia(aq),93LAR/TEW,298.25,,8.7,,2.35E0,,I_m = 0.145 mol/kg
4,1691,2,3,1,L-histidine(aq) = urocanate(aq) + ammonia(aq),93LAR/TEW,298.15,,8.15,,,9.24,I_m = 0.3 mol/kg
4,1691,2,3,2,L-histidine(aq) = urocanate(aq) + ammonia(aq),93LAR/TEW,310.15,,8.15,,,9.44,I_m = 0.29 mol/kg
4,1692,1,1,1,L-phenylalanine(aq) = trans-cinnamate(aq) + ammonia(aq),68HAV/HAN,303.15,,6.8,,6.00E0,,buffer = potassium phosphate (0.13 M)
4,1692,1,1,2,L-phenylalanine(aq) = trans-cinnamate(aq) + ammonia(aq),68HAV/HAN,303.15,,6.8,,4.70E0,,buffer = potassium phosphate (0.08 M)
4,1692,1,1,3,L-phenylalanine(aq) = trans-cinnamate(aq) + ammonia(aq),68HAV/HAN,303.15,,6.8,,5.70E0,,buffer = potassium phosphate (0.08 M)
4,1692,1,1,4,L-phenylalanine(aq) = trans-cinnamate(aq) + ammonia(aq),68HAV/HAN,303.15,,6.8,,5.20E0,,buffer = potassium phosphate (0.12 M)
4,1692,1,1,5,L-phenylalanine(aq) = trans-cinnamate(aq) + ammonia(aq),68HAV/HAN,303.15,,6.8,,6.10E0,,buffer = potassium phosphate (0.12 M)
4,1692,1,1,6,L-phenylalanine(aq) = trans-cinnamate(aq) + ammonia(aq),68HAV/HAN,303.15,,6.8,,5.90E0,,buffer = potassium phosphate (0.08 M)
4,1692,1,1,7,L-phenylalanine(aq) = trans-cinnamate(aq) + ammonia(aq),68HAV/HAN,303.15,,6.8,,7.40E0,,buffer = potassium phosphate (0.08 M)
4,1692,1,1,8,L-phenylalanine(aq) = trans-cinnamate(aq) + ammonia(aq),68HAV/HAN,303.15,,6.8,,7.90E0,,buffer = potassium phosphate (0.19 M)
4,1692,1,1,9,L-phenylalanine(aq) = trans-cinnamate(aq) + ammonia(aq),68HAV/HAN,303.15,,6.8,,7.90E0,,buffer = potassium phosphate (0.19 M)
4,1692,1,1,10,L-phenylalanine(aq) = trans-cinnamate(aq) + ammonia(aq),68HAV/HAN,303.15,,6.8,,8.00E0,,buffer = potassium phosphate (0.12 M)
4,1692,1,1,11,L-phenylalanine(aq) = trans-cinnamate(aq) + ammonia(aq),68HAV/HAN,303.15,,6.8,,7.40E0,,buffer = potassium phosphate (0.08 M)
4,1692,1,1,12,L-phenylalanine(aq) = trans-cinnamate(aq) + ammonia(aq),68HAV/HAN,303.15,,8.5,,3.90E0,,buffer = sodium diphosphate (0.08 M)
4,1692,1,1,13,L-phenylalanine(aq) = trans-cinnamate(aq) + ammonia(aq),68HAV/HAN,303.15,,8.5,,5.40E0,,buffer = sodium diphosphate (0.08 M)
4,1692,1,1,14,L-phenylalanine(aq) = trans-cinnamate(aq) + ammonia(aq),68HAV/HAN,303.15,,8.5,,6.20E0,,buffer = sodium diphosphate (0.069 M)
4,1692,1,1,15,L-phenylalanine(aq) = trans-cinnamate(aq) + ammonia(aq),68HAV/HAN,303.15,,8.5,,5.40E0,,buffer = sodium diphosphate (0.084 M)
4,1692,1,1,16,L-phenylalanine(aq) = trans-cinnamate(aq) + ammonia(aq),68HAV/HAN,303.15,,8.5,,5.50E0,,buffer = sodium diphosphate (0.08 M)
4,1692,1,1,17,L-phenylalanine(aq) = trans-cinnamate(aq) + ammonia(aq),68HAV/HAN,303.15,,8.5,,6.60E0,,buffer = sodium diphosphate (0.08 M)
4,1692,1,1,18,L-phenylalanine(aq) = trans-cinnamate(aq) + ammonia(aq),68HAV/HAN,303.15,,8.5,,6.30E0,,buffer = sodium diphosphate (0.069 M)
4,1692,1,1,19,L-phenylalanine(aq) = trans-cinnamate(aq) + ammonia(aq),68HAV/HAN,303.15,,8.5,,6.20E0,,buffer = sodium diphosphate (0.084 M)
4,1692,1,1,20,L-phenylalanine(aq) = trans-cinnamate(aq) + ammonia(aq),68HAV/HAN,303.15,,8.5,,6.70E0,,buffer = sodium diphosphate (0.08 M)
4,1692,1,2,1,L-phenylalanine(aq) = trans-cinnamate(aq) + ammonia(aq),87TEW/GAJ,285.65,,7.68,,1.54E0,,
4,1692,1,2,2,L-phenylalanine(aq) = trans-cinnamate(aq) + ammonia(aq),87TEW/GAJ,292.15,,7.62,,2.09E0,,
4,1692,1,2,3,L-phenylalanine(aq) = trans-cinnamate(aq) + ammonia(aq),87TEW/GAJ,298.05,,7.69,,2.47E0,,
4,1692,1,2,4,L-phenylalanine(aq) = trans-cinnamate(aq) + ammonia(aq),87TEW/GAJ,304.45,,7.62,,3.11E0,,
4,1692,1,2,5,L-phenylalanine(aq) = trans-cinnamate(aq) + ammonia(aq),87TEW/GAJ,309.95,,6.98,,3.61E0,,
4,1692,1,2,6,L-phenylalanine(aq) = trans-cinnamate(aq) + ammonia(aq),87TEW/GAJ,309.95,,7.25,,3.74E0,,
4,1692,1,2,7,L-phenylalanine(aq) = trans-cinnamate(aq) + ammonia(aq),87TEW/GAJ,309.95,,7.71,,3.46E0,,
4,1692,1,2,8,L-phenylalanine(aq) = trans-cinnamate(aq) + ammonia(aq),87TEW/GAJ,309.95,,7.39,,3.70E0,,
4,1692,1,2,9,L-phenylalanine(aq) = trans-cinnamate(aq) + ammonia(aq),87TEW/GAJ,309.95,,7.28,,3.58E0,,
4,1692,1,2,10,L-phenylalanine(aq) = trans-cinnamate(aq) + ammonia(aq),87TEW/GAJ,316.45,,7.23,,4.48E0,,
4,1692,2,1,1,{\beta}-alanylpantetheine(aq) = acrylylpantetheine(aq) + ammonia(aq),59VAG/EAR,298.15,,7.5,,1.22E-6,,
4,1692,2,2,1,N-(L-argino)succinate(aq) = fumarate(aq) + L-arginine(aq),53RAT/ANS,311.15,,7.5,,1.14E-2,,
4,1692,2,3,1,adenylosuccinate(aq) = fumarate(aq) + AMP(aq),55CAR/COH,298.15,,7,,1.20E-2,,
4,1692,2,4,1,adenylosuccinate(aq) = fumarate(aq) + AMP(aq),56CAR/COH,308.15,,6,,6.30E-3,,
4,1692,2,4,2,adenylosuccinate(aq) = fumarate(aq) + AMP(aq),56CAR/COH,308.15,,6.75,,7.40E-3,,
4,1692,2,4,3,adenylosuccinate(aq) = fumarate(aq) + AMP(aq),56CAR/COH,308.15,,7,,6.80E-3,,
4,1693,1,1,1,N-(5-amino-1-{\beta}-D-ribosylimidazol-4-yl-carbonyl)-L-aspartic acid 5'-phosphate(aq) = fumarate(aq) + 5-amino-1-{\beta}-D-ribosylimidazole-4-carboxamide 5'-phosphate(aq),59MIL/LUK,310.15,,7.2,,2.30E-3,,
4,1693,1,2,1,(-)-ureidoglycolate(aq) = glyoxylate(aq) + urea(aq),65GAU/WOL,303.15,,8.4,,1.50E-1,,
4,1693,1,2,2,(-)-ureidoglycolate(aq) = glyoxylate(aq) + urea(aq),65GAU/WOL,303.15,,8.8,,1.40E-1,,
4,1693,1,3,1,(-)-ureidoglycolate(aq) = glyoxylate(aq) + urea(aq),67TRI/VOG,303.15,,7.5,,1.40E-1,,
4,1693,1,4,1,(R)-S-lactoylglutathione(aq) = glutathione (reduced)(aq) + methylglyoxal(aq),83SEL/MAN,303.15,,7,,9.00E-5,,
4,1693,2,1,1,ATP(aq) = adenosine 3':5'-(cyclic)phosphate(aq) + diphosphate(aq),71HAY/GRE,298.15,,7.3,,6.50E-2,,
4,1693,2,2,1,ATP(aq) = adenosine 3':5'-(cyclic)phosphate(aq) + diphosphate(aq),71TAK/KUR,298.15,,7.3,,2.55E-1,,[corrects https://w3id.org/related-to/doi.org/10.5281/zenodo.3978439/files/TECRDB.csv#entry4005]
,,,,,,,,,,,,,
4,1693,2,3,1,ATP(aq) = adenosine 3':5'-(cyclic)phosphate(aq) + diphosphate(aq),74KUR/TAK,298.15,,6.2,,2.90E-2,,
4,1693,2,3,2,ATP(aq) = adenosine 3':5'-(cyclic)phosphate(aq) + diphosphate(aq),74KUR/TAK,298.15,,6.5,,3.60E-2,,
4,1693,2,3,3,ATP(aq) = adenosine 3':5'-(cyclic)phosphate(aq) + diphosphate(aq),74KUR/TAK,298.15,,6.8,,4.90E-2,,
4,1693,2,3,4,ATP(aq) = adenosine 3':5'-(cyclic)phosphate(aq) + diphosphate(aq),74KUR/TAK,298.15,,7,,6.50E-2,,
4,1693,2,3,5,ATP(aq) = adenosine 3':5'-(cyclic)phosphate(aq) + diphosphate(aq),74KUR/TAK,298.15,,7.3,,1.16E-1,,
4,1693,2,3,6,ATP(aq) = adenosine 3':5'-(cyclic)phosphate(aq) + diphosphate(aq),74KUR/TAK,298.15,,7.7,,2.70E-1,,
5,1768,1,1,1,L-alanine(aq) = D-alanine(aq),51WOO/GUN,310.15,,8.1,,1.00E0,,
5,1768,1,2,1,L-alanine(aq) = D-alanine(aq),54MAR/WIL,307.15,,8,,1.00E0,,
5,1768,1,3,1,L-alanine(aq) = D-alanine(aq),55THO/GOM,310.15,,7.4,,1.00E0,,
5,1768,1,4,1,L-alanine(aq) = D-alanine(aq),84WAS/DAU,310.15,,9.2,,1.00E0,,
5,1768,2,1,1,L-glutamate(aq) = D-glutamate(aq),52NAR/WOO,310.15,,6.8,,1.00E0,,
5,1768,2,2,1,L-lysine(aq) = D-lysine(aq),60ICH/FUR,303.15,,8,,1.00E0,,
5,1768,2,3,1,"L,L-2,6-diaminoheptanedioate(aq) = meso-diaminoheptanedioate(aq)",69WHI/LEJ,310.15,,7,,1.90E0,,
5,1768,2,4,1,trans-4-hydroxy-L-proline(aq) = cis-4-hydroxy-D-proline(aq),64ADA/NOR,298.15,,8.1,,9.90E-1,,
5,1769,1,1,1,L-leucine(aq) = D-leucine(aq),67SOD/OSU,310.15,,8.3,,1.00E0,,
5,1769,1,2,1,L-{\alpha}-amino-n-butyrate(aq) = D-{\alpha}-amino-n-butyrate(aq),67SOD/OSU,310.15,,8.3,,1.00E0,,
5,1769,1,3,1,D-ribulose 5-phosphate(aq) = D-xylulose 5-phosphate(aq),56HUR/HOR,298.15,,7.5,,1.50E0,,
5,1769,1,4,1,D-ribulose 5-phosphate(aq) = D-xylulose 5-phosphate(aq),56STU/HOR,310.15,,7.5,,8.30E-1,,
5,1769,1,5,1,D-ribulose 5-phosphate(aq) = D-xylulose 5-phosphate(aq),57ASH/HIC,310.15,,7.5,,1.40E0,,
5,1769,2,1,1,D-ribulose 5-phosphate(aq) = D-xylulose 5-phosphate(aq),58TAB/SRE,310.15,,7.5,,3.00E0,,
5,1769,2,2,1,D-ribulose 5-phosphate(aq) = D-xylulose 5-phosphate(aq),86CAS/VEE,311.15,0.25,7,3,1.82E0,,c(Mg2+) = 0.001 M
5,1769,2,3,1,UDPglucose(aq) = UDPgalactose(aq),57MAX,298.15,,8.7,,3.30E-1,,
5,1769,2,4,1,UDPglucose(aq) = UDPgalactose(aq),64IMA/MOR,298.15,,8.7,,2.90E-1,,
5,1770,1,1,1,UDPglucose(aq) = UDPgalactose(aq),64WIL/HOG,300.15,,7.1,,2.89E-1,,
5,1770,1,1,2,UDPglucose(aq) = UDPgalactose(aq),64WIL/HOG,300.15,,8.7,,2.78E-1,,
5,1770,1,2,1,UDPglucose(aq) = UDPgalactose(aq),68SAL/NOR,310.15,,8.7,,3.50E-1,,
5,1770,1,3,1,UDPglucose(aq) = UDPgalactose(aq),69FAN/FEI,303.15,,9,,3.20E-1,,
5,1770,1,4,1,UDPglucose(aq) = UDPgalactose(aq),84DEY,303.15,,8,,3.10E-1,,
5,1770,1,5,1,{\alpha}-D-galactose 1-phosphate(aq) ={\alpha}-D-glucose 1-phosphate(aq),52LEL/CAR,310.15,,7.4,,3.00E0,,"[description should be alpha-D-galactose 1-phosphate(aq) = alpha-D-glucose 1-phosphate(aq)]; [same data was shown in part 2, page 604, col 1, table 1]"
5,1770,2,1,1,{\alpha}-D-galactose 1-phosphate(aq) ={\alpha}-D-glucose 1-phosphate(aq),54HAN/CRA,298.15,,7.1,,3.00E0,,
5,1770,2,2,1,UDP-D-quinovose(aq) = UDP-D-fucose(aq),68SAL/NOR,310.15,,8.7,,1.62E0,,
5,1770,2,3,1,L-ribulose 5-phosphate(aq) = D-xylulose 5-phosphate(aq),56DIC/WIL,310.15,,7.6,,1.20E0,,
5,1770,2,4,1,L-ribulose 5-phosphate(aq) = D-xylulose 5-phosphate(aq),57BUR/HOR,308.15,,7,,1.00E0,,
5,1771,1,1,1,L-ribulose 5-phosphate(aq) = D-xylulose 5-phosphate(aq),58BUR/HOR,310.15,,7,,1.20E0,,
5,1771,1,2,1,L-ribulose 5-phosphate(aq) = D-xylulose 5-phosphate(aq),58WOL/SIM,297.15,,8.4,,1.86E0,,
5,1771,1,3,1,L-ribulose 5-phosphate(aq) = D-xylulose 5-phosphate(aq),62HOR,310.15,,6,,1.00E0,,"[Kprime was given with an ""approximate"" sign]"
5,1771,1,4,1,UDP-L-arabinose(aq) = UDP-D-xylose(aq),60FEI/NEU,310.15,,7.5,,1.00E0,,
5,1771,1,5,1,UDP-L-arabinose(aq) = UDP-D-xylose(aq),68SAL/NOR,310.15,,8.7,,9.40E-1,,
5,1771,2,1,1,UDP-L-arabinose(aq) = UDP-D-xylose(aq),70FAN/FEI,303.15,,8,,1.25E0,,
5,1771,2,2,1,UDP-D-glucuronate(aq) = UDP-D-galacturonate(aq),60FEI/NEU,310.15,,7.5,,1.10E0,,
5,1771,2,3,1,UDP-D-glucuronate(aq) = UDP-D-galacturonate(aq),74GAU/MAI,298.15,,7.5,,2.60E0,,
5,1771,2,4,1,N-acetyl-D-glucosamine(aq) = N-acetyl-D-mannosamine(aq),65GHO/ROS2,310.15,,7.6,,2.60E-1,,
5,1771,2,5,1,N-acetyl-D-glucosamine 6-phosphate(aq) = N-acetyl-D-mannosamine 6-phosphate(aq),65GHO/ROS,310.15,,7.6,,4.30E-1,,
5,1772,1,1,1,"CDP-3,6-dideoxy-D-glucose(aq) = CDP-3,6-dideoxy-D-mannose(aq)",66MAT,310.15,,8.4,,1.30E0,,
5,1772,1,2,1,{\alpha}-D-Glucose 6-phosphate(aq) = {\beta}-D-Glucose 6-phosphate(aq),72WUR/HES,298.15,,7.6,,1.70E0,,
5,1772,1,3,1,GDPmannose(aq) = GDP-L-galactose(aq),82BAR/HEB,310.15,,8,,5.20E-1,,
5,1772,2,1,1,(R)-methylmalonyl-CoA(aq) = (S)-methylmalonyl-CoA(aq),63ALL/KEL,303.15,,7.4,,1.00E0,,
5,1772,2,2,1,all-trans-retinal(aq) = 11-cis-retinal(aq),56HUB,309.15,,7,,5.00E-2,,"[Kprime was given with an ""approximate"" sign]"
5,1772,2,3,1,"9-cis,12-cis-octadecadienoate(aq) = 9-cis,11-trans-octadecadienoate(aq)",67KEP/TOV,308.15,,7,,6.10E1,,
5,1772,2,4,1,D-glyceraldehyde 3-phosphate(aq) = glycerone phosphate(aq),43MEY/JUN,303.15,,7,,2.40E1,,
5,1772,2,4,2,D-glyceraldehyde 3-phosphate(aq) = glycerone phosphate(aq),43MEY/JUN,312.15,,7,,2.10E1,,
5,1772,2,4,3,D-glyceraldehyde 3-phosphate(aq) = glycerone phosphate(aq),43MEY/JUN,333.15,,7,,2.50E1,,
5,1773,1,1,1,D-glyceraldehyde 3-phosphate(aq) = glycerone phosphate(aq),47MEY/OES,298.15,,8,,1.70E1,,"[Kprime was given with an ""approximate"" sign]"
5,1773,1,2,1,D-glyceraldehyde 3-phosphate(aq) = glycerone phosphate(aq),50OES/MEY,311.15,,7.3,,2.20E1,,"[pH given with ""approximate"" sign]"
5,1773,1,3,1,D-glyceraldehyde 3-phosphate(aq) = glycerone phosphate(aq),68BUR/WAL,298.15,,7.8,,2.20E1,,
5,1773,1,4,1,D-glyceraldehyde 3-phosphate(aq) = glycerone phosphate(aq),75KRI,298.15,,7.5,,1.90E1,,
5,1773,1,5,1,D-glyceraldehyde 3-phosphate(aq) = glycerone phosphate(aq),69VEE/RAI,311.15,0.25,7,,2.20E1,,
5,1773,2,1,1,D-glyceraldehyde 3-phosphate(aq) = glycerone phosphate(aq),88LIM/RAI,303.15,,7.6,,2.20E1,,Cosolvent = none
5,1773,2,1,2,D-glyceraldehyde 3-phosphate(aq) = glycerone phosphate(aq),88LIM/RAI,303.15,,7.6,,2.00E1,,Cosolvent = glycerol (9 mass percent)
5,1773,2,1,3,D-glyceraldehyde 3-phosphate(aq) = glycerone phosphate(aq),88LIM/RAI,303.15,,7.6,,1.90E1,,Cosolvent = glycerol (10 mass percent)
5,1773,2,1,4,D-glyceraldehyde 3-phosphate(aq) = glycerone phosphate(aq),88LIM/RAI,303.15,,7.6,,1.60E1,,Cosolvent = glycerol (18 mass percent)
5,1773,2,1,5,D-glyceraldehyde 3-phosphate(aq) = glycerone phosphate(aq),88LIM/RAI,303.15,,7.6,,1.10E1,,Cosolvent = glycerol (27 mass percent)
5,1773,2,1,6,D-glyceraldehyde 3-phosphate(aq) = glycerone phosphate(aq),88LIM/RAI,303.15,,7.6,,1.40E1,,Cosolvent = glycerol (34 mass percent)
5,1773,2,1,7,D-glyceraldehyde 3-phosphate(aq) = glycerone phosphate(aq),88LIM/RAI,303.15,,7.6,,1.00E1,,Cosolvent = glycerol (36 mass percent)
5,1773,2,1,8,D-glyceraldehyde 3-phosphate(aq) = glycerone phosphate(aq),88LIM/RAI,303.15,,7.6,,1.90E1,,Cosolvent = poly(thylene glycol) (18 mass percent)
5,1773,2,1,9,D-glyceraldehyde 3-phosphate(aq) = glycerone phosphate(aq),88LIM/RAI,303.15,,7.6,,2.10E1,,Cosolvent = 2-propanol (14 mass percent)
5,1773,2,2,1,"D-fructose 1,6-bisphosphate(aq) = 2 glycerone phosphate(aq)",34MEY/LOH,266.15,,7,,1.80E-4,,"[this is the same data as in part 4, page 1674, col 2, table 3; the occurence in part 4 is considered the authoritative one]"
5,1773,2,2,2,"D-fructose 1,6-bisphosphate(aq) = 2 glycerone phosphate(aq)",34MEY/LOH,273.15,,7,,3.00E-4,,"[this is the same data as in part 4, page 1674, col 2, table 3; the occurence in part 4 is considered the authoritative one]"
5,1773,2,2,3,"D-fructose 1,6-bisphosphate(aq) = 2 glycerone phosphate(aq)",34MEY/LOH,293.15,,7,,1.50E-3,,"[this is the same data as in part 4, page 1674, col 2, table 3; the occurence in part 4 is considered the authoritative one]"
5,1773,2,2,4,"D-fructose 1,6-bisphosphate(aq) = 2 glycerone phosphate(aq)",34MEY/LOH,333.15,,7,,1.30E-2,,"[this is the same data as in part 4, page 1674, col 2, table 3; the occurence in part 4 is considered the authoritative one]"
5,1773,2,2,5,"D-fructose 1,6-bisphosphate(aq) = 2 glycerone phosphate(aq)",34MEY/LOH,343.15,,7,,2.20E-2,,"[this is the same data as in part 4, page 1674, col 2, table 3; the occurence in part 4 is considered the authoritative one]"
5,1774,1,1,1,"D-fructose 1,6-bisphosphate(aq) = 2 glycerone phosphate(aq)",35MEY,273.15,,7,,3.20E-4,,"[this is the same data as in part 4, page 1675, col 1, table 1; the occurence in part 4 is considered the authoritative one]"
5,1774,1,1,2,"D-fructose 1,6-bisphosphate(aq) = 2 glycerone phosphate(aq)",35MEY,293.15,,7,,1.50E-3,,"[this is the same data as in part 4, page 1675, col 1, table 1; the occurence in part 4 is considered the authoritative one]"
5,1774,1,1,3,"D-fructose 1,6-bisphosphate(aq) = 2 glycerone phosphate(aq)",35MEY,313.15,,7,,6.40E-3,,"[this is the same data as in part 4, page 1675, col 1, table 1; the occurence in part 4 is considered the authoritative one]"
5,1774,1,1,4,"D-fructose 1,6-bisphosphate(aq) = 2 glycerone phosphate(aq)",35MEY,333.15,,7,,1.90E-2,,"[this is the same data as in part 4, page 1675, col 1, table 1; the occurence in part 4 is considered the authoritative one]"
5,1774,1,1,5,"D-fructose 1,6-bisphosphate(aq) = 2 glycerone phosphate(aq)",35MEY,293.15,,7,,1.10E-3,,"c(NaCl) = 0.043 M; [this is the same data as in part 4, page 1675, col 1, table 1; the occurence in part 4 is considered the authoritative one]"
5,1774,1,1,6,"D-fructose 1,6-bisphosphate(aq) = 2 glycerone phosphate(aq)",35MEY,293.15,,7,,7.50E-4,,"c(NaCl) = 0.21 M; [this is the same data as in part 4, page 1675, col 1, table 1; the occurence in part 4 is considered the authoritative one]"
5,1774,1,1,7,"D-fructose 1,6-bisphosphate(aq) = 2 glycerone phosphate(aq)",35MEY,293.15,,7,,4.70E-4,,"c(NaCl) = 0.90 M; [this is the same data as in part 4, page 1675, col 1, table 1; the occurence in part 4 is considered the authoritative one]"
5,1774,1,1,8,"D-fructose 1,6-bisphosphate(aq) = 2 glycerone phosphate(aq)",35MEY,293.15,,7,,5.50E-4,,"c(Na2SO4) = 0.2 M; [this is the same data as in part 4, page 1675, col 1, table 1; the occurence in part 4 is considered the authoritative one]"
5,1774,1,1,9,"D-fructose 1,6-bisphosphate(aq) = 2 glycerone phosphate(aq)",35MEY,293.15,,7,,3.50E-4,,"c(MgCl2) = 0.06 M; [this is the same data as in part 4, page 1675, col 1, table 1; the occurence in part 4 is considered the authoritative one]"
5,1774,1,1,10,"D-fructose 1,6-bisphosphate(aq) = 2 glycerone phosphate(aq)",35MEY,293.15,,7,,3.50E-4,,"c(MgCl2) = 0.12 M; [this is the same data as in part 4, page 1675, col 1, table 1; the occurence in part 4 is considered the authoritative one]"
5,1774,1,1,11,"D-fructose 1,6-bisphosphate(aq) = 2 glycerone phosphate(aq)",35MEY,293.15,,7,,3.50E-4,,"c(MgCl2) = 0.24 M; [this is the same data as in part 4, page 1675, col 1, table 1; the occurence in part 4 is considered the authoritative one]"
5,1774,1,1,12,"D-fructose 1,6-bisphosphate(aq) = 2 glycerone phosphate(aq)",35MEY,273.15,,7,,7.10E-5,,"c(MgCl2) = 0.12 M; [this is the same data as in part 4, page 1675, col 1, table 1; the occurence in part 4 is considered the authoritative one]"
5,1774,1,1,13,"D-fructose 1,6-bisphosphate(aq) = 2 glycerone phosphate(aq)",35MEY,293.15,,7,,2.90E-4,,"c(MgCl2) = 0.12 M; [this is the same data as in part 4, page 1675, col 1, table 1; the occurence in part 4 is considered the authoritative one]"
5,1774,1,1,14,"D-fructose 1,6-bisphosphate(aq) = 2 glycerone phosphate(aq)",35MEY,333.15,,7,,1.20E-3,,"c(MgCl2) = 0.12 M; [this is the same data as in part 4, page 1675, col 1, table 1; the occurence in part 4 is considered the authoritative one]"
5,1774,1,1,15,"D-fructose 1,6-bisphosphate(aq) = 2 glycerone phosphate(aq)",35MEY,273.15,,7,,1.40E-4,,"c(MgCl2) = 0.006 M; [this is the same data as in part 4, page 1675, col 1, table 1; the occurence in part 4 is considered the authoritative one]"
5,1774,1,1,16,"D-fructose 1,6-bisphosphate(aq) = 2 glycerone phosphate(aq)",35MEY,293.15,,7,,3.70E-4,,"c(MgCl2) = 0.06 M; [this is the same data as in part 4, page 1675, col 1, table 1; the occurence in part 4 is considered the authoritative one]"
5,1774,1,1,17,"D-fructose 1,6-bisphosphate(aq) = 2 glycerone phosphate(aq)",35MEY,293.15,,7,,3.10E-4,,"c(MgCl2) = 0.031 M; [this is the same data as in part 4, page 1675, col 1, table 1; the occurence in part 4 is considered the authoritative one]"
5,1774,1,1,18,"D-fructose 1,6-bisphosphate(aq) = 2 glycerone phosphate(aq)",35MEY,293.15,,7,,5.10E-4,,"c(MgCl2) = 0.012 M; [this is the same data as in part 4, page 1675, col 1, table 1; the occurence in part 4 is considered the authoritative one]"
5,1774,1,1,19,"D-fructose 1,6-bisphosphate(aq) = 2 glycerone phosphate(aq)",35MEY,293.15,,7,,6.40E-4,,"c(MgCl2) = 0.006 M; [this is the same data as in part 4, page 1675, col 1, table 1; the occurence in part 4 is considered the authoritative one]"
5,1774,1,1,20,"D-fructose 1,6-bisphosphate(aq) = 2 glycerone phosphate(aq)",35MEY,293.15,,7,,1.10E-3,,"c(MgCl2) = 0.0025 M; [this is the same data as in part 4, page 1675, col 1, table 1; the occurence in part 4 is considered the authoritative one]"
5,1774,1,1,21,"D-fructose 1,6-bisphosphate(aq) = 2 glycerone phosphate(aq)",35MEY,293.15,,7,,1.40E-3,,"c(MgCl2) = 0.0012 M; [this is the same data as in part 4, page 1675, col 1, table 1; the occurence in part 4 is considered the authoritative one]"
5,1774,1,1,22,"D-fructose 1,6-bisphosphate(aq) = 2 glycerone phosphate(aq)",35MEY,313.15,,7,,1.40E-3,,"c(MgCl2) = 0.031 M; [this is the same data as in part 4, page 1675, col 1, table 1; the occurence in part 4 is considered the authoritative one]"
5,1774,1,1,23,"D-fructose 1,6-bisphosphate(aq) = 2 glycerone phosphate(aq)",35MEY,313.15,,7,,2.00E-3,,"c(MgCl2) = 0.012 M; [this is the same data as in part 4, page 1675, col 1, table 1; the occurence in part 4 is considered the authoritative one]"
5,1774,1,1,24,"D-fructose 1,6-bisphosphate(aq) = 2 glycerone phosphate(aq)",35MEY,313.15,,7,,2.50E-3,,"c(MgCl2) = 0.006 M; [this is the same data as in part 4, page 1675, col 1, table 1; the occurence in part 4 is considered the authoritative one]"
5,1774,1,1,25,"D-fructose 1,6-bisphosphate(aq) = 2 glycerone phosphate(aq)",35MEY,313.15,,7,,5.60E-3,,"c(MgCl2) = 0.0012 M; [this is the same data as in part 4, page 1675, col 1, table 1; the occurence in part 4 is considered the authoritative one]"
5,1774,1,1,26,"D-fructose 1,6-bisphosphate(aq) = 2 glycerone phosphate(aq)",35MEY,333.15,,7,,4.60E-3,,"c(MgCl2) = 0.031 M; [this is the same data as in part 4, page 1675, col 1, table 1; the occurence in part 4 is considered the authoritative one]"
5,1774,1,1,27,"D-fructose 1,6-bisphosphate(aq) = 2 glycerone phosphate(aq)",35MEY,333.15,,7,,5.60E-3,,"c(MgCl2) = 0.012 M; [this is the same data as in part 4, page 1675, col 1, table 1; the occurence in part 4 is considered the authoritative one]"
5,1774,1,1,28,"D-fructose 1,6-bisphosphate(aq) = 2 glycerone phosphate(aq)",35MEY,333.15,,7,,8.20E-3,,"c(MgCl2) = 0.006 M; [this is the same data as in part 4, page 1675, col 1, table 1; the occurence in part 4 is considered the authoritative one]"
5,1774,1,1,29,"D-fructose 1,6-bisphosphate(aq) = 2 glycerone phosphate(aq)",35MEY,333.15,,7,,1.50E-2,,"c(MgCl2) = 0.0012 M; [this is the same data as in part 4, page 1675, col 1, table 1; the occurence in part 4 is considered the authoritative one]"
,,,,,,,,,,,,,
5,1774,1,2,1,"D-fructose 1,6-bisphosphate(aq) = 2 glycerone phosphate(aq)",35MEY/LOH,293.15,,,,,58,"[this is the same data as in part 4, page 1675, col 1, table 2; the occurence in part 4 is considered the authoritative one]"
5,1774,1,2,2,"D-fructose 1,6-bisphosphate(aq) = 2 glycerone phosphate(aq)",35MEY/LOH,313.15,,,,,64,"[this is the same data as in part 4, page 1675, col 1, table 2; the occurence in part 4 is considered the authoritative one]"
5,1774,1,3,1,"D-fructose 1,6-bisphosphate(aq) = 2 glycerone phosphate(aq)",41UTT/WER,278.15,,9,,4.35E-4,,"[this is the same data as in part 4, page 1675, col 1, table 3; the occurence in part 4 is considered the authoritative one]"
5,1774,1,3,2,"D-fructose 1,6-bisphosphate(aq) = 2 glycerone phosphate(aq)",41UTT/WER,298.15,,9,,1.82E-3,,"[this is the same data as in part 4, page 1675, col 1, table 3; the occurence in part 4 is considered the authoritative one]"
5,1774,1,3,3,"D-fructose 1,6-bisphosphate(aq) = 2 glycerone phosphate(aq)",41UTT/WER,313.15,,9,,6.37E-3,,"[this is the same data as in part 4, page 1675, col 1, table 3; the occurence in part 4 is considered the authoritative one]"
5,1774,2,1,1,"D-fructose 1,6-bisphosphate(aq) = 2 glycerone phosphate(aq)",43MEY/JUN,303.15,,7,,2.00E-3,,"[this is the same data as in part 4, page 1675, col 2, table 1; the occurence in part 4 is considered the authoritative one]"
5,1774,2,1,2,"D-fructose 1,6-bisphosphate(aq) = 2 glycerone phosphate(aq)",43MEY/JUN,311.15,,7,,2.40E-3,,"[this is the same data as in part 4, page 1675, col 2, table 1; the occurence in part 4 is considered the authoritative one]"
5,1774,2,1,3,"D-fructose 1,6-bisphosphate(aq) = 2 glycerone phosphate(aq)",43MEY/JUN,313.15,,7,,3.00E-3,,"[this is the same data as in part 4, page 1675, col 2, table 1; the occurence in part 4 is considered the authoritative one]"
5,1774,2,1,4,"D-fructose 1,6-bisphosphate(aq) = 2 glycerone phosphate(aq)",43MEY/JUN,333.15,,7,,1.10E-2,,"[this is the same data as in part 4, page 1675, col 2, table 1; the occurence in part 4 is considered the authoritative one]"
5,1774,2,2,1,D-erythrose(aq) = D-erythrulose(aq),62UEH,308.15,,5.8,,2.30E0,,
5,1774,2,3,1,D-arabinose(aq) = D-ribulose(aq),53COH,310.15,,,,1.80E-1,,"[Kprime given with ""approximate"" sign]; [pH is 6.0--8.0 according to table metadata]; [corrects https://w3id.org/related-to/doi.org/10.5281/zenodo.3978439/files/TECRDB.csv#entry3600 ]"
,,,,,,,,,,,,,
5,1775,1,1,1,D-arabinose(aq) = D-ribulose(aq),85TEW/GOL2,320.25,,7.4,,1.46E-1,,
5,1775,1,1,2,D-arabinose(aq) = D-ribulose(aq),85TEW/GOL2,325.25,,7.4,,1.70E-1,,
5,1775,1,1,3,D-arabinose(aq) = D-ribulose(aq),85TEW/GOL2,328.15,,7.4,,1.69E-1,,
5,1775,1,1,4,D-arabinose(aq) = D-ribulose(aq),85TEW/GOL2,331.95,,7.4,,1.99E-1,,
5,1775,1,1,5,D-arabinose(aq) = D-ribulose(aq),85TEW/GOL2,338.15,,7.4,,2.26E-1,,
5,1775,1,1,6,D-arabinose(aq) = D-ribulose(aq),85TEW/GOL2,343.75,,7.4,,2.46E-1,,
5,1775,1,2,1,L-fucose(aq) = L-fuculose(aq),56GRE/COH,310.15,,8,,1.20E-1,,
5,1775,1,3,1,L-arabinose(aq) = L-ribulose(aq),58HEA/HOR,298.15,,7,,1.10E-1,,
5,1775,1,3,2,L-arabinose(aq) = L-ribulose(aq),58HEA/HOR,310.15,,7,,1.60E-1,,
5,1775,1,3,3,L-arabinose(aq) = L-ribulose(aq),58HEA/HOR,326.15,,7,,1.90E-1,,
5,1775,2,1,1,D-glucose(aq) = D-fructose(aq),64SAT/TSU,323.15,,7.65,,1.00E0,,
5,1775,2,2,1,D-glucose(aq) = D-fructose(aq),65ICH/HIR,343.15,,8,,1.08E0,,
5,1775,2,3,1,D-glucose(aq) = D-fructose(aq),65TSU/SAT,333.15,,9,,1.08E0,,"[typo corrected in situ: pdf says reaction is ""glucose = glucose"", but this does not match the other reactions under this EC number and doesn't make sense]"
5,1775,2,4,1,D-glucose(aq) = D-fructose(aq),66NAT,313.15,,7,,8.20E-1,,
5,1776,1,1,1,D-glucose(aq) = D-fructose(aq),67DAN/YOS,333.15,,6.5,,1.00E0,,
5,1776,1,1,2,D-glucose(aq) = D-fructose(aq),67DAN/YOS,343.15,,6.5,,1.00E0,,
5,1776,1,2,1,D-glucose(aq) = D-fructose(aq),67TAK,298.15,,7,,7.40E-1,,
5,1776,1,2,2,D-glucose(aq) = D-fructose(aq),67TAK,313.15,,7,,9.20E-1,,
5,1776,1,2,3,D-glucose(aq) = D-fructose(aq),67TAK,333.15,,7,,1.15E0,,
5,1776,1,2,4,D-glucose(aq) = D-fructose(aq),67TAK,343.15,,7,,1.30E0,,
5,1776,1,3,1,D-glucose(aq) = D-fructose(aq),73HAV/PIT,333.15,,6.85,,1.02E0,,
5,1776,1,3,2,D-glucose(aq) = D-fructose(aq),73HAV/PIT,343.15,,6.85,,1.06E0,,
5,1776,1,3,3,D-glucose(aq) = D-fructose(aq),73HAV/PIT,352.65,,6.85,,1.10E0,,
5,1776,1,4,1,D-glucose(aq) = D-fructose(aq),73LAN,323.15,,7.8,,1.00E0,,
5,1776,1,4,2,D-glucose(aq) = D-fructose(aq),73LAN,333.15,,7.8,,1.08E0,,
5,1776,1,4,3,D-glucose(aq) = D-fructose(aq),73LAN,338.15,,7.8,,1.14E0,,
5,1776,1,4,4,D-glucose(aq) = D-fructose(aq),73LAN,343.15,,7.8,,1.21E0,,
5,1776,2,1,1,D-glucose(aq) = D-fructose(aq),74FRA/LEE,323.15,,7,,1.03E0,,
5,1776,2,2,1,D-glucose(aq) = D-fructose(aq),74MCK,333.15,,7.2,,1.13E0,,
5,1776,2,2,2,D-glucose(aq) = D-fructose(aq),74MCK,343.15,,7.2,,1.33E0,,
5,1776,2,2,3,D-glucose(aq) = D-fructose(aq),74MCK,323.15,,7,,8.30E-1,,
5,1776,2,2,4,D-glucose(aq) = D-fructose(aq),74MCK,333.15,,7,,1.32E0,,
5,1776,2,2,5,D-glucose(aq) = D-fructose(aq),74MCK,343.15,,7,,1.05E0,,
5,1776,2,2,6,D-glucose(aq) = D-fructose(aq),74MCK,353.15,,7,,1.10E0,,
5,1776,2,3,1,D-glucose(aq) = D-fructose(aq),74SCA/SHI,340.15,,7.1,,1.04E0,,
5,1776,2,3,2,D-glucose(aq) = D-fructose(aq),74SCA/SHI,350.15,,7.1,,1.09E0,,
5,1776,2,3,3,D-glucose(aq) = D-fructose(aq),74SCA/SHI,360.15,,7.1,,1.16E0,,
5,1776,2,4,1,D-glucose(aq) = D-fructose(aq),76LLO/KHA,303.15,,7.3,,8.69E-1,,
5,1776,2,4,2,D-glucose(aq) = D-fructose(aq),76LLO/KHA,318.15,,7.3,,9.31E-1,,
5,1776,2,4,3,D-glucose(aq) = D-fructose(aq),76LLO/KHA,333.15,,7.3,,9.96E-1,,
5,1776,2,4,4,D-glucose(aq) = D-fructose(aq),76LLO/KHA,343.15,,7.3,,1.10E0,,
5,1777,1,1,1,D-glucose(aq) = D-fructose(aq),76SPR/LIM,303.15,,7,,8.28E-1,,
5,1777,1,1,2,D-glucose(aq) = D-fructose(aq),76SPR/LIM,318.15,,7,,9.57E-1,,
5,1777,1,1,3,D-glucose(aq) = D-fructose(aq),76SPR/LIM,333.15,,7,,1.14E0,,
5,1777,1,1,4,D-glucose(aq) = D-fructose(aq),76SPR/LIM,343.15,,7,,1.28E0,,
5,1777,1,1,5,D-glucose(aq) = D-fructose(aq),76SPR/LIM,353.15,,7,,1.38E0,,
5,1777,1,2,1,D-glucose(aq) = D-fructose(aq),79MCK/TAV,323.15,,7,,8.40E-1,,
5,1777,1,2,2,D-glucose(aq) = D-fructose(aq),79MCK/TAV,333.15,,7,,1.33E0,,
5,1777,1,2,3,D-glucose(aq) = D-fructose(aq),79MCK/TAV,343.15,,7,,1.06E0,,
5,1777,1,2,4,D-glucose(aq) = D-fructose(aq),79MCK/TAV,353.15,,7,,1.12E0,,
5,1777,1,3,1,D-glucose(aq) = D-fructose(aq),83TIL,323.15,,7.5,,9.90E-1,,
5,1777,1,3,2,D-glucose(aq) = D-fructose(aq),83TIL,328.15,,7.5,,1.01E0,,
5,1777,1,3,3,D-glucose(aq) = D-fructose(aq),83TIL,333.15,,7.5,,1.05E0,,
5,1777,1,3,4,D-glucose(aq) = D-fructose(aq),83TIL,338.15,,7.5,,1.07E0,,
5,1777,1,3,5,D-glucose(aq) = D-fructose(aq),83TIL,333.15,,7.5,,1.11E0,,
5,1777,1,3,6,D-glucose(aq) = D-fructose(aq),83TIL,338.15,,7.5,,1.14E0,,
5,1777,2,1,1,D-glucose(aq) = D-fructose(aq),84LLO/CHA,333.15,,7,,1.04E0,,
5,1777,2,1,2,D-glucose(aq) = D-fructose(aq),84LLO/CHA,338.15,,7,,1.06E0,,
5,1777,2,1,3,D-glucose(aq) = D-fructose(aq),84LLO/CHA,343.15,,7,,1.10E0,,
5,1777,2,1,4,D-glucose(aq) = D-fructose(aq),84LLO/CHA,348.15,,7,,1.13E0,,
5,1777,2,1,5,D-glucose(aq) = D-fructose(aq),84LLO/CHA,353.15,,7,,1.18E0,,
5,1777,2,1,6,D-glucose(aq) = D-fructose(aq),84LLO/CHA,358.15,,7,,1.21E0,,
5,1777,2,2,1,D-glucose(aq) = D-fructose(aq),84TEW/GOL,298.15,,7.5,,8.66E-1,,
5,1777,2,2,2,D-glucose(aq) = D-fructose(aq),84TEW/GOL,306.15,,7.5,,8.92E-1,,
5,1777,2,2,3,D-glucose(aq) = D-fructose(aq),84TEW/GOL,313.15,,7.5,,9.36E-1,,
5,1777,2,2,4,D-glucose(aq) = D-fructose(aq),84TEW/GOL,322.15,,7.5,,9.64E-1,,
5,1777,2,2,5,D-glucose(aq) = D-fructose(aq),84TEW/GOL,331.85,,7.5,,1.00E0,,
5,1777,2,2,6,D-glucose(aq) = D-fructose(aq),84TEW/GOL,344.15,,7.5,,1.09E0,,
5,1777,2,2,7,D-glucose(aq) = D-fructose(aq),84TEW/GOL,353.15,,7.5,,1.16E0,,
5,1777,2,2,8,D-glucose(aq) = D-fructose(aq),84TEW/GOL,358.15,,7.5,,1.20E0,,
5,1777,2,3,1,D-glucose(aq) = D-fructose(aq),84TEW/GOL,298.15,,7.4,,,2.76,"[pH was given with ""approximate"" sign]"
5,1777,2,3,2,D-glucose(aq) = D-fructose(aq),84TEW/GOL,313.25,,7.4,,,4.01,"[pH was given with ""approximate"" sign]"
5,1777,2,3,3,D-glucose(aq) = D-fructose(aq),84TEW/GOL,331.85,,7.4,,,5.21,"[pH was given with ""approximate"" sign]"
5,1777,2,3,4,D-glucose(aq) = D-fructose(aq),84TEW/GOL,344.15,,7.4,,,6.34,"[pH was given with ""approximate"" sign]"
5,1778,1,1,1,D-glucose(aq) = D-fructose(aq),85MAK/KIE,343.35,,7.1,,1.11E0,,c (total substrate) = 0.278
5,1778,1,1,2,D-glucose(aq) = D-fructose(aq),85MAK/KIE,343.35,,7.1,,1.11E0,,c (total substrate) = 0.555
5,1778,1,1,3,D-glucose(aq) = D-fructose(aq),85MAK/KIE,343.35,,7.1,,1.11E0,,c (total substrate) = 0.617
5,1778,1,1,4,D-glucose(aq) = D-fructose(aq),85MAK/KIE,343.35,,7.1,,1.11E0,,c (total substrate) = 0.833
5,1778,1,1,5,D-glucose(aq) = D-fructose(aq),85MAK/KIE,343.35,,7.1,,1.10E0,,c (total substrate) = 1.111
5,1778,1,1,6,D-glucose(aq) = D-fructose(aq),85MAK/KIE,343.35,,7.1,,1.10E0,,c (total substrate) = 1.667
5,1778,1,1,7,D-glucose(aq) = D-fructose(aq),85MAK/KIE,343.35,,7.1,,1.11E0,,c (total substrate) = 2.222
5,1778,1,2,1,D-glucose(aq) = D-fructose(aq),86OLI/TOI,310.6,,7,,8.95E-1,,
5,1778,1,2,2,D-glucose(aq) = D-fructose(aq),86OLI/TOI,318.2,,7,,9.36E-1,,
5,1778,1,2,3,D-glucose(aq) = D-fructose(aq),86OLI/TOI,326.5,,7,,9.92E-1,,
5,1778,1,2,4,D-glucose(aq) = D-fructose(aq),86OLI/TOI,333.2,,7,,1.04E0,,
5,1778,1,2,5,D-glucose(aq) = D-fructose(aq),86OLI/TOI,341.6,,7,,1.08E0,,
5,1778,1,2,6,D-glucose(aq) = D-fructose(aq),86OLI/TOI,345.2,,7,,1.12E0,,
5,1778,1,3,1,D-glucose(aq) = D-fructose(aq),86POL/MEN,303.15,,7,,1.06E0,,
5,1778,1,3,2,D-glucose(aq) = D-fructose(aq),86POL/MEN,313.15,,7,,1.08E0,,
5,1778,1,3,3,D-glucose(aq) = D-fructose(aq),86POL/MEN,323.15,,7,,1.09E0,,
5,1778,1,3,4,D-glucose(aq) = D-fructose(aq),86POL/MEN,333.15,,7,,1.16E0,,
5,1778,2,1,1,D-glucose(aq) = D-fructose(aq),92DEM/ATT,333.15,,7.5,,1.08E0,,
5,1778,2,2,1,D-psicose(aq) ={\beta}-D-allose(aq),86TEW/GOL,317.25,,7.4,,2.15E0,,
5,1778,2,2,2,D-psicose(aq) ={\beta}-D-allose(aq),86TEW/GOL,325.15,,7.4,,2.32E0,,
5,1778,2,2,3,D-psicose(aq) ={\beta}-D-allose(aq),86TEW/GOL,333.15,,7.4,,2.55E0,,
5,1778,2,2,4,D-psicose(aq) ={\beta}-D-allose(aq),86TEW/GOL,341.55,,7.4,,2.77E0,,
5,1778,2,2,5,D-psicose(aq) ={\beta}-D-allose(aq),86TEW/GOL,349.25,,7.4,,3.01E0,,
5,1778,2,3,1,D-psicose(aq) = D-altrose(aq),86TEW/GOL,333.15,,7.4,,3.00E-1,,"[Kprime was given with ""approximate"" sign]"
5,1778,2,4,1,D-xylose(aq) = D-xylulose(aq),53HOC/WAT,300.15,,7.5,,1.90E-1,,
5,1779,1,1,1,D-xylose(aq) = D-xylulose(aq),53MIT/LAM,310.15,,7,,1.60E-1,,
5,1779,1,2,1,D-xylose(aq) = D-xylulose(aq),55SLE,303.15,,7.5,,1.90E-1,,
5,1779,1,3,1,D-xylose(aq) = D-xylulose(aq),81GON/CHE,313.15,,6,,2.00E-1,,
5,1779,1,4,1,D-xylose(aq) = D-xylulose(aq),82HSI/CHI,313.15,,7.5,,1.80E-1,,
5,1779,1,4,2,D-xylose(aq) = D-xylulose(aq),82HSI/CHI,323.15,,7.5,,2.20E-1,,
5,1779,1,4,3,D-xylose(aq) = D-xylulose(aq),82HSI/CHI,334.15,,7.5,,3.10E-1,,
5,1779,1,4,4,D-xylose(aq) = D-xylulose(aq),82HSI/CHI,343.15,,7.5,,3.90E-1,,
5,1779,1,4,5,D-xylose(aq) = D-xylulose(aq),82HSI/CHI,345.15,,7.5,,4.10E-1,,
5,1779,2,1,1,D-xylose(aq) = D-xylulose(aq),85TEW/STE,298.35,,8.7,,1.72E-1,,
5,1779,2,1,2,D-xylose(aq) = D-xylulose(aq),85TEW/STE,306.15,,8.7,,2.04E-1,,
5,1779,2,1,3,D-xylose(aq) = D-xylulose(aq),85TEW/STE,313.25,,8.7,,2.37E-1,,
5,1779,2,1,4,D-xylose(aq) = D-xylulose(aq),85TEW/STE,314.05,,8.7,,2.24E-1,,
5,1779,2,1,5,D-xylose(aq) = D-xylulose(aq),85TEW/STE,320.15,,8.7,,2.72E-1,,
5,1779,2,1,6,D-xylose(aq) = D-xylulose(aq),85TEW/STE,328.15,,8.7,,3.15E-1,,
5,1779,2,1,7,D-xylose(aq) = D-xylulose(aq),85TEW/STE,335.05,,8.7,,3.74E-1,,
5,1779,2,1,8,D-xylose(aq) = D-xylulose(aq),85TEW/STE,342.15,,8.7,,4.24E-1,,
5,1779,2,2,1,D-xylose(aq) = D-xylulose(aq),85TEW/STE,313.15,,7.4,,,16.85,
5,1779,2,2,2,D-xylose(aq) = D-xylulose(aq),85TEW/STE,320.15,,7.4,,,16.55,
5,1779,2,2,3,D-xylose(aq) = D-xylulose(aq),85TEW/STE,325.35,,7.4,,,17.26,
5,1779,2,2,4,D-xylose(aq) = D-xylulose(aq),85TEW/STE,331.65,,7.4,,,17.57,
5,1779,2,2,5,D-xylose(aq) = D-xylulose(aq),85TEW/STE,338.15,,7.4,,,17.64,
5,1779,2,3,1,D-xylose(aq) = D-xylulose(aq),86OLI/TOI,311.15,,7,,1.76E-1,,
5,1779,2,3,2,D-xylose(aq) = D-xylulose(aq),86OLI/TOI,318.15,,7,,2.09E-1,,
5,1779,2,3,3,D-xylose(aq) = D-xylulose(aq),86OLI/TOI,325.15,,7,,2.46E-1,,
5,1779,2,3,4,D-xylose(aq) = D-xylulose(aq),86OLI/TOI,331.15,,7,,2.82E-1,,
5,1779,2,3,5,D-xylose(aq) = D-xylulose(aq),86OLI/TOI,341.15,,7,,3.47E-1,,
5,1779,2,3,6,D-xylose(aq) = D-xylulose(aq),86OLI/TOI,348.15,,7,,4.00E-1,,
5,1780,1,1,1,D-ribose 5-phosphate(aq) = D-ribulose 5-phosphate(aq),54AXE/JAN,273.15,,7,,1.64E-1,,
5,1780,1,1,2,D-ribose 5-phosphate(aq) = D-ribulose 5-phosphate(aq),54AXE/JAN,298.65,,7,,2.64E-1,,
5,1780,1,1,3,D-ribose 5-phosphate(aq) = D-ribulose 5-phosphate(aq),54AXE/JAN,310.15,,7,,3.23E-1,,
5,1780,1,2,1,D-ribose 5-phosphate(aq) = D-ribulose 5-phosphate(aq),55DIC/WIL,310.15,,7,,5.90E-1,,"[Kprime was given with ""approximate"" sign]"
5,1780,1,3,1,D-ribose 5-phosphate(aq) = D-ribulose 5-phosphate(aq),56DIC/WIL,310.15,,7.4,,6.70E-1,,
5,1780,1,4,1,D-ribose 5-phosphate(aq) = D-ribulose 5-phosphate(aq),58BRU/NOL,273.15,,7.5,,3.10E-1,,
5,1780,1,4,2,D-ribose 5-phosphate(aq) = D-ribulose 5-phosphate(aq),58BRU/NOL,310.15,,7.5,,2.80E-1,,
5,1780,2,1,1,D-ribose 5-phosphate(aq) = D-ribulose 5-phosphate(aq),58TAB/SRE,310.15,,7.5,,3.20E-1,,
5,1780,2,2,1,D-ribose 5-phosphate(aq) = D-ribulose 5-phosphate(aq),60AGO/ARA,298.15,,7.5,,1.79E-1,,
5,1780,2,2,2,D-ribose 5-phosphate(aq) = D-ribulose 5-phosphate(aq),60AGO/ARA,304.15,,7.5,,2.27E-1,,
5,1780,2,2,3,D-ribose 5-phosphate(aq) = D-ribulose 5-phosphate(aq),60AGO/ARA,311.15,,7.5,,3.12E-1,,
5,1780,2,3,1,D-ribose 5-phosphate(aq) = D-ribulose 5-phosphate(aq),63DOB/DEM,310.15,,7.6,,3.00E-1,,
5,1780,2,4,1,D-ribose 5-phosphate(aq) = D-ribulose 5-phosphate(aq),86CAS/VEE,311.15,0.25,7,3,8.30E-1,,c(Mg2+) = 0.001 M
5,1780,2,5,1,D-ribose 5-phosphate(aq) = D-ribulose 5-phosphate(aq),88TEW/STE,298.15,,8.52,,,14,"[enthalpy was given with ""approximate"" sign]"
5,1781,1,1,1,D-lyxose(aq) = D-xylulose(aq),56PAL/DOU,303.15,,7.4,,3.90E-1,,
5,1781,1,2,1,D-mannose(aq) = D-fructose(aq),56PAL/DOU,303.15,,7.4,,2.45E0,,
5,1781,1,3,1,D-mannose(aq) = D-fructose(aq),67TAK2,274.15,,7,,3.10E0,,
5,1781,1,3,2,D-mannose(aq) = D-fructose(aq),67TAK2,279.15,,7,,3.10E0,,
5,1781,1,3,3,D-mannose(aq) = D-fructose(aq),67TAK2,284.15,,7,,3.00E0,,
5,1781,1,3,4,D-mannose(aq) = D-fructose(aq),67TAK2,298.15,,7,,3.00E0,,
5,1781,1,3,5,D-mannose(aq) = D-fructose(aq),67TAK2,308.15,,7,,2.90E0,,
5,1781,1,3,6,D-mannose(aq) = D-fructose(aq),67TAK2,313.15,,7,,3.00E0,,
5,1781,1,4,1,D-mannose(aq) = D-fructose(aq),70HEY/ELB,310.15,,7.5,,1.90E0,,"[Kprime was given with ""approximate"" sign]"
5,1781,2,1,1,D-rhamnose(aq) = D-rhamnulose(aq),56PAL/DOU,303.15,,7.4,,5.80E-1,,
5,1781,2,2,1,D-mannose 6-phosphate(aq) = D-fructose 6-phosphate(aq),50SLE,303.15,,7.4,,1.50E0,,
5,1781,2,3,1,D-mannose 6-phosphate(aq) = D-fructose 6-phosphate(aq),58NOL/BRU,310.15,,5.9,,1.80E0,,
5,1781,2,4,1,D-mannose 6-phosphate(aq) = D-fructose 6-phosphate(aq),88TEW/STE,298.15,,8.5,,9.90E-1,,
5,1781,2,4,2,D-mannose 6-phosphate(aq) = D-fructose 6-phosphate(aq),88TEW/STE,304.75,,8.5,,1.03E0,,
5,1782,1,1,1,D-mannose 6-phosphate(aq) = D-fructose 6-phosphate(aq),88TEW/STE,298.15,,8.5,,,8.46,
5,1782,1,1,2,D-mannose 6-phosphate(aq) = D-fructose 6-phosphate(aq),88TEW/STE,304.74,,8.5,,,8.71,
5,1782,1,2,1,6-amino-D-glucose 6-phosphate(aq) = 6-amino-D-fructose 6-phosphate(aq),91SEM/CLE,278.85,,8.7,,2.02E-1,,
5,1782,1,3,1,D-glucose 6-phosphate(aq) = D-fructose 6-phosphate(aq),50SLE,303.15,,7.4,,4.50E-1,,
5,1782,1,4,1,D-glucose 6-phosphate(aq) = D-fructose 6-phosphate(aq),53BOD,310.15,,7.4,,6.70E-1,,
5,1782,2,1,1,D-glucose 6-phosphate(aq) = D-fructose 6-phosphate(aq),56RAM/GIR,310.15,,7.65,,6.70E-1,,
5,1782,2,2,1,D-glucose 6-phosphate(aq) = D-fructose 6-phosphate(aq),58NOL/BRU,310.15,,7.5,,6.70E-1,,
5,1782,2,3,1,D-glucose 6-phosphate(aq) = D-fructose 6-phosphate(aq),60KAH/LOW,293.15,,8,,2.60E-1,,
5,1782,2,3,2,D-glucose 6-phosphate(aq) = D-fructose 6-phosphate(aq),60KAH/LOW,303.15,,8,,2.98E-1,,
5,1782,2,3,3,D-glucose 6-phosphate(aq) = D-fructose 6-phosphate(aq),60KAH/LOW,311.15,,8,,3.27E-1,,
5,1782,2,4,1,D-glucose 6-phosphate(aq) = D-fructose 6-phosphate(aq),63HIN/WOL,303.15,0.1,8,,3.20E-1,,
5,1782,2,5,1,D-glucose 6-phosphate(aq) = D-fructose 6-phosphate(aq),66REI,303.15,,8,,3.20E-1,,
5,1783,1,1,1,D-glucose 6-phosphate(aq) = D-fructose 6-phosphate(aq),67TAK/HIZ,310.15,,7.5,,5.40E-1,,
5,1783,1,2,1,D-glucose 6-phosphate(aq) = D-fructose 6-phosphate(aq),68DYS/NOL,273.3,0.12,8.5,,1.90E-1,,
5,1783,1,2,2,D-glucose 6-phosphate(aq) = D-fructose 6-phosphate(aq),68DYS/NOL,274.9,0.12,8.5,,1.90E-1,,
5,1783,1,2,3,D-glucose 6-phosphate(aq) = D-fructose 6-phosphate(aq),68DYS/NOL,278.2,0.12,8.5,,2.00E-1,,
5,1783,1,2,4,D-glucose 6-phosphate(aq) = D-fructose 6-phosphate(aq),68DYS/NOL,279.3,0.12,8.5,,2.00E-1,,
5,1783,1,2,5,D-glucose 6-phosphate(aq) = D-fructose 6-phosphate(aq),68DYS/NOL,283.4,0.12,8.5,,2.20E-1,,
5,1783,1,2,6,D-glucose 6-phosphate(aq) = D-fructose 6-phosphate(aq),68DYS/NOL,284.7,0.12,8.5,,2.20E-1,,
5,1783,1,2,7,D-glucose 6-phosphate(aq) = D-fructose 6-phosphate(aq),68DYS/NOL,288.4,0.12,8.5,,2.40E-1,,
5,1783,1,2,8,D-glucose 6-phosphate(aq) = D-fructose 6-phosphate(aq),68DYS/NOL,289.9,0.12,8.5,,2.50E-1,,
5,1783,1,2,9,D-glucose 6-phosphate(aq) = D-fructose 6-phosphate(aq),68DYS/NOL,293.3,0.12,8.5,,2.60E-1,,
5,1783,1,2,10,D-glucose 6-phosphate(aq) = D-fructose 6-phosphate(aq),68DYS/NOL,294.3,0.12,8.5,,2.60E-1,,
5,1783,1,2,11,D-glucose 6-phosphate(aq) = D-fructose 6-phosphate(aq),68DYS/NOL,298.2,0.12,8.5,,2.90E-1,,
5,1783,1,2,12,D-glucose 6-phosphate(aq) = D-fructose 6-phosphate(aq),68DYS/NOL,299,0.12,8.5,,2.70E-1,,
5,1783,1,2,13,D-glucose 6-phosphate(aq) = D-fructose 6-phosphate(aq),68DYS/NOL,303.6,0.12,8.5,,3.00E-1,,
5,1783,1,2,14,D-glucose 6-phosphate(aq) = D-fructose 6-phosphate(aq),68DYS/NOL,303.6,0.12,8.5,,3.10E-1,,
5,1783,1,2,15,D-glucose 6-phosphate(aq) = D-fructose 6-phosphate(aq),68DYS/NOL,308.6,0.12,8.5,,3.30E-1,,[corrects https://w3id.org/related-to/doi.org/10.5281/zenodo.3978439/files/TECRDB.csv#entry4482]
5,1783,1,2,16,D-glucose 6-phosphate(aq) = D-fructose 6-phosphate(aq),68DYS/NOL,308.2,0.12,8.5,,3.30E-1,,
5,1783,1,2,17,D-glucose 6-phosphate(aq) = D-fructose 6-phosphate(aq),68DYS/NOL,313.3,0.12,8.5,,3.60E-1,,
5,1783,1,2,18,D-glucose 6-phosphate(aq) = D-fructose 6-phosphate(aq),68DYS/NOL,317.5,0.12,8.5,,3.80E-1,,
5,1783,1,2,19,D-glucose 6-phosphate(aq) = D-fructose 6-phosphate(aq),68DYS/NOL,313.7,0.12,8.5,,3.40E-1,,
5,1783,1,2,20,D-glucose 6-phosphate(aq) = D-fructose 6-phosphate(aq),68DYS/NOL,318.7,0.12,8.5,,3.80E-1,,
5,1783,1,2,21,D-glucose 6-phosphate(aq) = D-fructose 6-phosphate(aq),68DYS/NOL,322,0.12,8.5,,4.10E-1,,
5,1783,1,2,22,D-glucose 6-phosphate(aq) = D-fructose 6-phosphate(aq),68DYS/NOL,322.8,0.12,8.5,,4.10E-1,,
,,,,,,,,,,,,,
,,,,,,,,,,,,,
5,1783,1,3,1,D-glucose 6-phosphate(aq) = D-fructose 6-phosphate(aq),70WUR/SCH,298.15,,6.4,,2.80E-1,,
5,1783,2,1,1,D-glucose 6-phosphate(aq) = D-fructose 6-phosphate(aq),88TEW/STE,298.15,,8.7,3,2.93E-1,,"c(MgCl2) = 0.0010 M, c(Tris) = 0.10 M"
5,1783,2,1,2,D-glucose 6-phosphate(aq) = D-fructose 6-phosphate(aq),88TEW/STE,298.15,,8.7,3,2.99E-1,,"c(MgCl2) = 0.0010 M, c(Tris) = 0.30 M"
5,1783,2,1,3,D-glucose 6-phosphate(aq) = D-fructose 6-phosphate(aq),88TEW/STE,298.15,,8.7,3,3.02E-1,,"c(MgCl2) = 0.0010 M, c(Tris) = 0.64 M"
5,1783,2,1,4,D-glucose 6-phosphate(aq) = D-fructose 6-phosphate(aq),88TEW/STE,298.15,,8.7,4,2.87E-1,,"c(MgCl2) = 0.00010 M, c(Tris) = 0.10 M"
5,1783,2,1,5,D-glucose 6-phosphate(aq) = D-fructose 6-phosphate(aq),88TEW/STE,298.15,,8.7,2.6,3.08E-1,,"c(MgCl2) = 0.0025 M, c(Tris) = 0.10 M"
5,1783,2,1,6,D-glucose 6-phosphate(aq) = D-fructose 6-phosphate(aq),88TEW/STE,304.95,,8.7,4,3.10E-1,,"c(MgCl2) = 0.00010 M, c(Tris) = 0.10 M"
5,1783,2,1,7,D-glucose 6-phosphate(aq) = D-fructose 6-phosphate(aq),88TEW/STE,310.15,,8.7,4,3.29E-1,,"c(MgCl2) = 0.00010 M, c(Tris) = 0.10 M"
5,1783,2,1,8,D-glucose 6-phosphate(aq) = D-fructose 6-phosphate(aq),88TEW/STE,316.15,,8.7,4,3.57E-1,,"c(MgCl2) = 0.00010 M, c(Tris) = 0.10 M"
5,1783,2,2,1,D-glucose 6-phosphate(aq) = D-fructose 6-phosphate(aq),88TEW/STE,298.15,,8.7,2.6,,11.77,"c(MgCl2) = 0.0010 M, c(Tris) = 0.10 M"
5,1783,2,2,2,D-glucose 6-phosphate(aq) = D-fructose 6-phosphate(aq),88TEW/STE,298.15,,8.7,3,,11.69,"c(MgCl2) = 0.0010 M, c(Tris) = 0.30 M"
5,1783,2,2,3,D-glucose 6-phosphate(aq) = D-fructose 6-phosphate(aq),88TEW/STE,298.15,,8.7,3,,11.67,"c(MgCl2) = 0.0010 M, c(Tris) = 0.64 M"
5,1783,2,2,4,D-glucose 6-phosphate(aq) = D-fructose 6-phosphate(aq),88TEW/STE,298.15,,8.7,3,,11.65,"c(MgCl2) = 0.00010 M, c(Tris) = 0.10 M"
5,1783,2,2,5,D-glucose 6-phosphate(aq) = D-fructose 6-phosphate(aq),88TEW/STE,298.15,,8.7,4,,11.63,"c(MgCl2) = 0.0025 M, c(Tris) = 0.10 M"
5,1783,2,2,6,D-glucose 6-phosphate(aq) = D-fructose 6-phosphate(aq),88TEW/STE,304.95,,8.7,4,,11.82,"c(MgCl2) = 0.00010 M, c(Tris) = 0.10 M"
5,1783,2,2,7,D-glucose 6-phosphate(aq) = D-fructose 6-phosphate(aq),88TEW/STE,310.15,,8.7,4,,12.17,"c(MgCl2) = 0.00010 M, c(Tris) = 0.10 M"
5,1783,2,2,8,D-glucose 6-phosphate(aq) = D-fructose 6-phosphate(aq),88TEW/STE,316.15,,8.7,4,,12.42,"c(MgCl2) = 0.00010 M, c(Tris) = 0.10 M"
5,1783,2,3,1,D-glucose 6-phosphate(aq) = D-fructose 6-phosphate(aq),89SAN/SIN,303.15,,8.1,,3.70E-1,,
5,1784,1,1,1,D-glucose 6-phosphate(aq) = D-fructose 6-phosphate(aq),90SAN/SIN,303.15,,8.6,,3.00E-1,,
5,1784,1,2,1,D-glucose 6-phosphate(aq) = D-fructose 6-phosphate(aq),91SEM/CLE,278.85,,8.7,,2.14E-1,,
5,1784,1,2,2,D-glucose 6-phosphate(aq) = D-fructose 6-phosphate(aq),91SEM/CLE,295.15,,8.7,,2.64E-1,,
5,1784,1,3,1,D-glucosamine 6-phosphate(aq) + H2O(l) = D-fructose 6-phosphate(aq) + ammonia(aq),56LEL/CAR,310.15,,8.4,,1.50E-1,,
5,1784,1,4,1,D-glucosamine 6-phosphate(aq) + H2O(l) = D-fructose 6-phosphate(aq) + ammonia(aq),70BEN/FRI,310.15,,8.5,,1.50E-1,,"[Kprime was given with ""approximate"" sign]"
5,1784,1,5,1,D-galacturonate(aq) = D-tagaturonate(aq),60ASH/WAH,310.15,,8,,2.50E-1,,
5,1784,1,5,2,D-galacturonate(aq) = D-tagaturonate(aq),60ASH/WAH,310.15,,8,,1.40E0,,"[Kprime was given with ""approximate"" sign]"
5,1784,2,1,1,D-glucuronate(aq) = D-fructuronate(aq),60ASH/WAH,310.15,,8,,8.20E-1,,
5,1784,2,2,1,D-arabinose 5-phosphate(aq) = D-ribulose 5-phosphate(aq),60VOL,310.15,,8,,2.95E-1,,
5,1784,2,3,1,L-rhamnose(aq) = L-rhamnulose(aq),56ENG,298.15,,,,1.50E0,,"[typo corrected in situ: pdf says ""EC 5.3.14"", but this does not make sense] "
5,1784,2,4,1,L-rhamnose(aq) = L-rhamnulose(aq),63DOM/ZEC,310.15,,8.5,,7.50E-1,,"[typo corrected in situ: pdf says ""EC 5.3.14"", but this does not make sense] "
5,1785,1,1,1,L-rhamnose(aq) = L-rhamnulose(aq),64TAK/SAW,310.15,,7.6,,1.50E0,,"[typo corrected in situ: pdf says ""EC 5.3.14"", but this does not make sense] "
5,1785,1,2,1,L-rhamnose(aq) = L-rhamnulose(aq),66DOM/ZEC,310.15,,8.5,,7.50E-1,,"[typo corrected in situ: pdf says ""EC 5.3.14"", but this does not make sense] "
5,1785,1,3,1,D-lyxose(aq) = D-xylulose(aq),65AND/ALL,298.15,,7,,2.30E-1,,
5,1785,1,4,1,D-ribose(aq) = D-ribulose(aq),75IZU/REE,310.15,,7.5,,3.90E-1,,
5,1785,2,1,1,D-ribose(aq) = D-ribulose(aq),85TEW/GOL2,313.15,,7.4,,3.91E-1,,
5,1785,2,1,2,D-ribose(aq) = D-ribulose(aq),85TEW/GOL2,320.25,,7.4,,4.46E-1,,
5,1785,2,1,3,D-ribose(aq) = D-ribulose(aq),85TEW/GOL2,325.25,,7.4,,4.84E-1,,
5,1785,2,1,4,D-ribose(aq) = D-ribulose(aq),85TEW/GOL2,328.15,,7.4,,4.89E-1,,
5,1785,2,1,5,D-ribose(aq) = D-ribulose(aq),85TEW/GOL2,331.95,,7.4,,5.21E-1,,
5,1785,2,1,6,D-ribose(aq) = D-ribulose(aq),85TEW/GOL2,338.15,,7.4,,5.63E-1,,
5,1785,2,1,7,D-ribose(aq) = D-ribulose(aq),85TEW/GOL2,343.75,,7.4,,5.91E-1,,
5,1785,2,2,1,D-ribose(aq) = D-ribulose(aq),85TEW/GOL2,320.15,,7.1,,,10.97,"[pH was given with ""approximate"" sign]"
5,1785,2,2,2,D-ribose(aq) = D-ribulose(aq),85TEW/GOL2,325.35,,7.1,,,11.38,"[pH was given with ""approximate"" sign]"
5,1785,2,2,3,D-ribose(aq) = D-ribulose(aq),85TEW/GOL2,331.65,,7.1,,,12.11,"[pH was given with ""approximate"" sign]"
5,1785,2,2,4,D-ribose(aq) = D-ribulose(aq),85TEW/GOL2,338.15,,7.1,,,12.25,"[pH was given with ""approximate"" sign]"
5,1785,2,3,1,L-mannose(aq) = L-fructose(aq),68MAY/AND,303.15,,7.6,,1.50E0,,
5,1786,1,1,1,D-arabino-3-hexulose 6-phosphate(aq) = D-fructose 6-phosphate(aq),74FER/STR,303.15,,7,,1.88E2,,
5,1786,1,2,1,keto-phenylpyruvate(aq) = enol-phenylpyruvate(aq),69BLA/FRA,298.15,,7.8,,1.00E-1,,[Kprime reported with approximate sign]
5,1786,1,3,1,keto-oxaloacetate(aq) = enol-oxaloacetate(aq),65ANN/KOS,298.15,,,,1.00E-1,,[Kprime reported with approximate sign]; [corrects https://w3id.org/related-to/doi.org/10.5281/zenodo.3978439/files/TECRDB.csv#entry3902]
,,,,,,,,,,,,,
5,1786,1,4,1,isopentenyl diphosphate(aq) = dimethylallyl diphosphate(aq),65SHA/CLE,310.15,,8,,6.70E0,,[Kprime reported with approximate sign]
5,1786,2,1,1,methylitaconate(aq) = dimethylmaleate(aq),71KUN/STA,307.15,,7.9,,3.40E0,,
5,1786,2,2,1,2-phospho-D-glycerate(aq) = 3-phospho-D-glycerate(aq),35MEY/KIE,273.15,,,,7.30E0,,
5,1786,2,2,2,2-phospho-D-glycerate(aq) = 3-phospho-D-glycerate(aq),35MEY/KIE,301.15,,,,3.85E0,,
5,1786,2,2,3,2-phospho-D-glycerate(aq) = 3-phospho-D-glycerate(aq),35MEY/KIE,311.15,,,,3.45E0,,
5,1786,2,2,4,2-phospho-D-glycerate(aq) = 3-phospho-D-glycerate(aq),35MEY/KIE,333.15,,,,2.30E0,,
5,1786,2,3,1,2-phospho-D-glycerate(aq) = 3-phospho-D-glycerate(aq),35MEY/KIE2,301.15,,,,4.00E0,,
5,1786,2,4,1,2-phospho-D-glycerate(aq) = 3-phospho-D-glycerate(aq),38MEY/SCH,273.15,,,,1.08E1,,
5,1786,2,4,2,2-phospho-D-glycerate(aq) = 3-phospho-D-glycerate(aq),38MEY/SCH,293.15,,,,9.50E0,,
5,1786,2,4,3,2-phospho-D-glycerate(aq) = 3-phospho-D-glycerate(aq),38MEY/SCH,310.15,,,,7.90E0,,
5,1786,2,4,4,2-phospho-D-glycerate(aq) = 3-phospho-D-glycerate(aq),38MEY/SCH,333.15,,,,7.60E0,,
5,1787,1,1,1,2-phospho-D-glycerate(aq) = 3-phospho-D-glycerate(aq),49MEY/OES,297.15,,,,6.00E0,,
5,1787,1,2,1,2-phospho-D-glycerate(aq) = 3-phospho-D-glycerate(aq),56COW/PIZ,310.15,,6.8,,5.00E0,,
5,1787,1,3,1,2-phospho-D-glycerate(aq) = 3-phospho-D-glycerate(aq),57ROD/TOW,303.15,,4.6,,6.00E0,,
5,1787,1,3,2,2-phospho-D-glycerate(aq) = 3-phospho-D-glycerate(aq),57ROD/TOW,303.15,,5.01,,6.60E0,,
5,1787,1,3,3,2-phospho-D-glycerate(aq) = 3-phospho-D-glycerate(aq),57ROD/TOW,303.15,,5.15,,6.20E0,,
5,1787,1,3,4,2-phospho-D-glycerate(aq) = 3-phospho-D-glycerate(aq),57ROD/TOW,303.15,,5.43,,6.00E0,,
5,1787,1,3,5,2-phospho-D-glycerate(aq) = 3-phospho-D-glycerate(aq),57ROD/TOW,303.15,,5.7,,6.30E0,,
5,1787,1,3,6,2-phospho-D-glycerate(aq) = 3-phospho-D-glycerate(aq),57ROD/TOW,303.15,,6.1,,6.80E0,,
5,1787,1,3,7,2-phospho-D-glycerate(aq) = 3-phospho-D-glycerate(aq),57ROD/TOW,303.15,,6.65,,5.80E0,,
5,1787,1,4,1,2-phospho-D-glycerate(aq) = 3-phospho-D-glycerate(aq),59CHI/SUG,298.15,,5,,4.90E0,,
5,1787,1,4,2,2-phospho-D-glycerate(aq) = 3-phospho-D-glycerate(aq),59CHI/SUG,298.15,,5.4,,5.30E0,,
5,1787,1,4,3,2-phospho-D-glycerate(aq) = 3-phospho-D-glycerate(aq),59CHI/SUG,298.15,,5.9,,5.35E0,,
5,1787,1,4,4,2-phospho-D-glycerate(aq) = 3-phospho-D-glycerate(aq),59CHI/SUG,298.15,,6.5,,5.10E0,,
5,1787,1,4,5,2-phospho-D-glycerate(aq) = 3-phospho-D-glycerate(aq),59CHI/SUG,298.15,,7.2,,5.25E0,,
5,1787,1,5,1,2-phospho-D-glycerate(aq) = 3-phospho-D-glycerate(aq),59ITO/GRI,303.15,,,,8.00E0,,[Kprime reported with approximate sign]
5,1787,2,1,1,2-phospho-D-glycerate(aq) = 3-phospho-D-glycerate(aq),62GRI,303.15,,7,,6.10E0,,
5,1787,2,2,1,2-phospho-D-glycerate(aq) = 3-phospho-D-glycerate(aq),64LOW/PAS,311.15,,7,,9.80E0,,
5,1787,2,3,1,2-phospho-D-glycerate(aq) = 3-phospho-D-glycerate(aq),75CLA/BIR,303.15,0.065,5.42,,,,buffer = maleate (0.0333 M); [corrects https://w3id.org/related-to/doi.org/10.5281/zenodo.3978439/files/TECRDB.csv#entry1881]
5,1787,2,3,2,2-phospho-D-glycerate(aq) = 3-phospho-D-glycerate(aq),75CLA/BIR,303.15,0.065,6.2,,,,buffer = imidazole (0.0333 M); [corrects https://w3id.org/related-to/doi.org/10.5281/zenodo.3978439/files/TECRDB.csv#entry1893]
5,1787,2,3,3,2-phospho-D-glycerate(aq) = 3-phospho-D-glycerate(aq),75CLA/BIR,303.15,0.065,6.45,,,,buffer = imidazole (0.0333 M); [corrects https://w3id.org/related-to/doi.org/10.5281/zenodo.3978439/files/TECRDB.csv#entry1882]
5,1787,2,3,4,2-phospho-D-glycerate(aq) = 3-phospho-D-glycerate(aq),75CLA/BIR,303.15,0.065,6.66,,,,buffer = Tris (0.0333 M); [corrects https://w3id.org/related-to/doi.org/10.5281/zenodo.3978439/files/TECRDB.csv#entry1895]
5,1787,2,3,5,2-phospho-D-glycerate(aq) = 3-phospho-D-glycerate(aq),75CLA/BIR,303.15,0.065,7.1,,,,buffer = Tris (0.0333 M); [corrects https://w3id.org/related-to/doi.org/10.5281/zenodo.3978439/files/TECRDB.csv#entry1894]
5,1787,2,3,6,2-phospho-D-glycerate(aq) = 3-phospho-D-glycerate(aq),75CLA/BIR,303.15,0.065,7.5,,,,buffer = Tris (0.0333 M); [corrects https://w3id.org/related-to/doi.org/10.5281/zenodo.3978439/files/TECRDB.csv#entry1883]
5,1787,2,3,7,2-phospho-D-glycerate(aq) = 3-phospho-D-glycerate(aq),75CLA/BIR,303.15,0.065,7.89,,,,buffer = Tris (0.0333 M); [corrects https://w3id.org/related-to/doi.org/10.5281/zenodo.3978439/files/TECRDB.csv#entry1884]
5,1787,2,3,8,2-phospho-D-glycerate(aq) = 3-phospho-D-glycerate(aq),75CLA/BIR,303.15,0.3,6.97,,,,buffer = Tris (0.0333 M); [corrects https://w3id.org/related-to/doi.org/10.5281/zenodo.3978439/files/TECRDB.csv#entry1903]
5,1787,2,3,9,2-phospho-D-glycerate(aq) = 3-phospho-D-glycerate(aq),75CLA/BIR,303.15,0.3,7.45,,,,buffer = Tris (0.0333 M); [corrects https://w3id.org/related-to/doi.org/10.5281/zenodo.3978439/files/TECRDB.csv#entry1891]
5,1787,2,3,10,2-phospho-D-glycerate(aq) = 3-phospho-D-glycerate(aq),75CLA/BIR,303.15,0.3,7.89,,,,"buffer = Tris (0.0333 M); [corrects https://w3id.org/related-to/doi.org/10.5281/zenodo.3978439/files/TECRDB.csv#entry1901]; [typo corrected in situ: PDF says ""d^{-3}"", but this should be ""dm^{-3}""]"
5,1787,2,3,11,2-phospho-D-glycerate(aq) = 3-phospho-D-glycerate(aq),75CLA/BIR,303.15,0.3,7.01,,,,buffer = Tris (0.0333 M); [corrects https://w3id.org/related-to/doi.org/10.5281/zenodo.3978439/files/TECRDB.csv#entry1898]
5,1787,2,3,12,2-phospho-D-glycerate(aq) = 3-phospho-D-glycerate(aq),75CLA/BIR,303.15,0.3,7.55,,,,buffer = Tris (0.0333 M); [corrects https://w3id.org/related-to/doi.org/10.5281/zenodo.3978439/files/TECRDB.csv#entry1900]
5,1787,2,3,13,2-phospho-D-glycerate(aq) = 3-phospho-D-glycerate(aq),75CLA/BIR,303.15,0.3,7.8,,,,buffer = Tris (0.0333 M); [corrects https://w3id.org/related-to/doi.org/10.5281/zenodo.3978439/files/TECRDB.csv#entry1896]
5,1787,2,3,14,2-phospho-D-glycerate(aq) = 3-phospho-D-glycerate(aq),75CLA/BIR,303.15,0.3,8.12,,,,buffer = Tris (0.0333 M); [corrects https://w3id.org/related-to/doi.org/10.5281/zenodo.3978439/files/TECRDB.csv#entry1899]
5,1787,2,3,15,2-phospho-D-glycerate(aq) = 3-phospho-D-glycerate(aq),75CLA/BIR,293.15,0.065,6.22,,,,buffer = imidazole (0.0333 M); [corrects https://w3id.org/related-to/doi.org/10.5281/zenodo.3978439/files/TECRDB.csv#entry1885]
5,1787,2,3,16,2-phospho-D-glycerate(aq) = 3-phospho-D-glycerate(aq),75CLA/BIR,293.15,0.065,7.24,,,,buffer = Tris (0.0333 M); [corrects https://w3id.org/related-to/doi.org/10.5281/zenodo.3978439/files/TECRDB.csv#entry1886]
5,1787,2,3,17,2-phospho-D-glycerate(aq) = 3-phospho-D-glycerate(aq),75CLA/BIR,293.15,0.065,8.06,,,,buffer = Tris (0.0333 M); [corrects https://w3id.org/related-to/doi.org/10.5281/zenodo.3978439/files/TECRDB.csv#entry1887]
5,1787,2,3,18,2-phospho-D-glycerate(aq) = 3-phospho-D-glycerate(aq),75CLA/BIR,303.15,0.085,7.4,,,,buffer = Tris (0.0167 M); c(MgCl2) = 0.0453 M; [corrects https://w3id.org/related-to/doi.org/10.5281/zenodo.3978439/files/TECRDB.csv#entry1897]
5,1787,2,3,19,2-phospho-D-glycerate(aq) = 3-phospho-D-glycerate(aq),75CLA/BIR,303.15,0.059,7.4,,,,buffer = Tris (0.0167 M); c(MgCl2) = 0.0453 M; [corrects https://w3id.org/related-to/doi.org/10.5281/zenodo.3978439/files/TECRDB.csv#entry1890]
5,1787,2,3,20,2-phospho-D-glycerate(aq) = 3-phospho-D-glycerate(aq),75CLA/BIR,303.15,0.046,7.4,,,,buffer = Tris (0.0167 M); c(MgCl2) = 0.0453 M; [corrects https://w3id.org/related-to/doi.org/10.5281/zenodo.3978439/files/TECRDB.csv#entry1888]
5,1787,2,3,21,2-phospho-D-glycerate(aq) = 3-phospho-D-glycerate(aq),75CLA/BIR,303.15,0.038,7.4,,,,buffer = Tris (0.0167 M); c(MgCl2) = 0.0453 M; [corrects https://w3id.org/related-to/doi.org/10.5281/zenodo.3978439/files/TECRDB.csv#entry1892]
5,1787,2,3,22,2-phospho-D-glycerate(aq) = 3-phospho-D-glycerate(aq),75CLA/BIR,303.15,0.032,7.4,,,,buffer = Tris (0.0167 M); c(MgCl2) = 0.0453 M; [corrects https://w3id.org/related-to/doi.org/10.5281/zenodo.3978439/files/TECRDB.csv#entry1889]
,,,,,,,,,,,,,
,,,,,,,,,,,,,
,,,,,,,,,,,,,
,,,,,,,,,,,,,
,,,,,,,,,,,,,
,,,,,,,,,,,,,
,,,,,,,,,,,,,
,,,,,,,,,,,,,
,,,,,,,,,,,,,
,,,,,,,,,,,,,
,,,,,,,,,,,,,
,,,,,,,,,,,,,
,,,,,,,,,,,,,
,,,,,,,,,,,,,
,,,,,,,,,,,,,
,,,,,,,,,,,,,
,,,,,,,,,,,,,
,,,,,,,,,,,,,
,,,,,,,,,,,,,
,,,,,,,,,,,,,
,,,,,,,,,,,,,
,,,,,,,,,,,,,
,,,,,,,,,,,,,
5,1788,1,1,1,2-phospho-D-glycerate(aq) = 3-phospho-D-glycerate(aq),75GRI/CAR,298.15,,6,,5.10E0,,[pH given with approximate sign]
5,1788,1,1,2,2-phospho-D-glycerate(aq) = 3-phospho-D-glycerate(aq),75GRI/CAR,303.15,,5.6,,6.30E0,,[pH given with approximate sign]
5,1788,1,1,3,2-phospho-D-glycerate(aq) = 3-phospho-D-glycerate(aq),75GRI/CAR,310.15,,6.8,,5.00E0,,
5,1788,1,2,1,2-phospho-D-glycerate(aq) = 3-phospho-D-glycerate(aq),76HIL/ATT,303.15,,7.3,,1.13E1,,
5,1788,1,3,1,2-phospho-D-glycerate(aq) = 3-phospho-D-glycerate(aq),82GUY,311.15,0.25,6.76,3.23,1.07E1,,c(MgCl2) = 0.00059 M
5,1788,1,3,2,2-phospho-D-glycerate(aq) = 3-phospho-D-glycerate(aq),82GUY,311.15,0.25,6.78,3.23,1.07E1,,c(MgCl2) = 0.00059 M
5,1788,1,3,3,2-phospho-D-glycerate(aq) = 3-phospho-D-glycerate(aq),82GUY,311.15,0.25,6.86,3.23,1.06E1,,c(MgCl2) = 0.00059 M
5,1788,1,3,4,2-phospho-D-glycerate(aq) = 3-phospho-D-glycerate(aq),82GUY,311.15,0.25,6.83,3.22,1.13E1,,c(MgCl2) = 0.00060 M
5,1788,1,3,5,2-phospho-D-glycerate(aq) = 3-phospho-D-glycerate(aq),82GUY,311.15,0.25,6.66,2.34,1.05E1,,c(MgCl2) = 0.0046 M
5,1788,1,3,6,2-phospho-D-glycerate(aq) = 3-phospho-D-glycerate(aq),82GUY,311.15,0.25,6.65,2.33,1.06E1,,c(MgCl2) = 0.0047 M
5,1788,1,3,7,2-phospho-D-glycerate(aq) = 3-phospho-D-glycerate(aq),82GUY,311.15,0.25,6.79,2.34,1.03E1,,c(MgCl2) = 0.0046 M
5,1788,1,3,8,2-phospho-D-glycerate(aq) = 3-phospho-D-glycerate(aq),82GUY,311.15,0.25,6.76,2.33,1.13E1,,c(MgCl2) = 0.0047 M
5,1788,1,3,9,2-phospho-D-glycerate(aq) = 3-phospho-D-glycerate(aq),82GUY,311.15,0.25,6.57,2.03,1.08E1,,c(MgCl2) = 0.0093 M
5,1788,1,3,10,2-phospho-D-glycerate(aq) = 3-phospho-D-glycerate(aq),82GUY,311.15,0.25,6.68,2.05,1.08E1,,c(MgCl2) = 0.0090 M
5,1788,1,3,11,2-phospho-D-glycerate(aq) = 3-phospho-D-glycerate(aq),82GUY,311.15,0.25,6.72,2.04,1.04E1,,c(MgCl2) = 0.0092 M
5,1788,1,3,12,2-phospho-D-glycerate(aq) = 3-phospho-D-glycerate(aq),82GUY,311.15,0.25,6.7,2.04,1.10E1,,c(MgCl2) = 0.0092 M
5,1788,1,3,13,2-phospho-D-glycerate(aq) = 3-phospho-D-glycerate(aq),82GUY,311.15,0.25,6.48,1.84,1.08E1,,c(MgCl2) = 0.0144 M
5,1788,1,3,14,2-phospho-D-glycerate(aq) = 3-phospho-D-glycerate(aq),82GUY,311.15,0.25,6.48,1.84,1.10E1,,c(MgCl2) = 0.0144 M
5,1788,1,3,15,2-phospho-D-glycerate(aq) = 3-phospho-D-glycerate(aq),82GUY,311.15,0.25,6.65,1.85,1.09E1,,c(MgCl2) = 0.0141 M
5,1788,1,3,16,2-phospho-D-glycerate(aq) = 3-phospho-D-glycerate(aq),82GUY,311.15,0.25,6.63,1.85,1.13E1,,c(MgCl2) = 0.0142 M
5,1788,2,1,1,D-glucosamine 6-phosphate(aq) = D-glucosamine 1-phosphate(aq),53BRO,303.15,,7.11,,2.80E-1,,
5,1788,2,1,2,D-glucosamine 6-phosphate(aq) = D-glucosamine 1-phosphate(aq),53BRO,303.15,,7.53,,2.40E-1,,
5,1788,2,1,3,D-glucosamine 6-phosphate(aq) = D-glucosamine 1-phosphate(aq),53BRO,303.15,,7.8,,2.80E-1,,
5,1788,2,2,1,"D-fructose 6-phosphate(aq) + {\alpha}-D-glucose 1,6-diphosphate(aq) = {\alpha}-D-glucose 6-phosphate(aq) + D-fructose 1,6-bisphosphate(aq)",69PAS/LOW,311.15,,7,,1.20E1,,[Kprime was given with approximate sign]
5,1788,2,3,1,{\alpha}-D-glucose 1-phosphate(aq) = {\alpha}-D-glucose 6-phosphate(aq),42COL/SUT,293.15,,7.5,,1.98E1,,[pH is given with approximate sign]
5,1788,2,3,2,{\alpha}-D-glucose 1-phosphate(aq) = {\alpha}-D-glucose 6-phosphate(aq),42COL/SUT,303.15,,7.5,,1.72E1,,[pH is given with approximate sign]
5,1788,2,3,3,{\alpha}-D-glucose 1-phosphate(aq) = {\alpha}-D-glucose 6-phosphate(aq),42COL/SUT,313.15,,7.5,,1.62E1,,[pH is given with approximate sign]
5,1788,2,4,1,{\alpha}-D-glucose 1-phosphate(aq) = {\alpha}-D-glucose 6-phosphate(aq),59ATK/JOH,298.15,,7,,1.70E1,,
5,1789,1,1,1,{\alpha}-D-glucose 1-phosphate(aq) = {\alpha}-D-glucose 6-phosphate(aq),59MCC/NAJ,303.15,,7.5,,1.72E1,,
5,1789,1,2,1,{\alpha}-D-glucose 1-phosphate(aq) = {\alpha}-D-glucose 6-phosphate(aq),74GUY/VEL,311.15,0.25,7.04,3.1,1.74E1,,c(MgCl2) = 0.0008 M
5,1789,1,3,1,{\alpha}-D-glucose 1-phosphate(aq) = {\alpha}-D-glucose 6-phosphate(aq),89GOL/TEW,298.15,,8.48,,1.71E1,,
5,1789,1,4,1,6-thioglucose 6-phosphate(aq) = 6-thioglucose 1-phosphate(aq),91KNI/SEM,295.15,,8.4,,4.60E1,,
5,1789,1,5,1,N-acetyl-D-glucosamine 1-phosphate(aq) = N-acetyl-D-glucosamine 6-phosphate(aq),56REI,310.15,,7.7,,6.00E0,,
5,1789,2,1,1,{\beta}-D-glucose 1-phosphate(aq) = {\beta}-D-glucose 6-phosphate(aq),61BEN/SCH,310.15,,6.5,,2.40E1,,
5,1789,2,2,1,{\beta}-D-glucose 1-phosphate(aq) = {\beta}-D-glucose 6-phosphate(aq),74BEL/MAR,310.15,,7,,2.86E1,,
5,1789,2,3,1,D-ribose 1-phosphate(aq) = D-ribose 5-phosphate(aq),92KIM/KIN,311.15,0.25,7,3,2.60E1,,
5,1789,2,4,1,D-mannose 1-phosphate(aq) = D-mannose 6-phosphate(aq),76MUR,303.15,,7,,8.50E0,,
5,1790,1,1,1,D-mannose 1-phosphate(aq) = D-mannose 6-phosphate(aq),92XIA/XUE,303.15,,7.5,,1.62E1,,
5,1790,1,2,1,"L-lysine(aq) = (3S)-3,6-diaminohexanoate(aq)",70CHI/ZAP,310.15,,7.8,,6.70E0,,
5,1790,1,3,1,"L-lysine(aq) = (3S)-3,6-diaminohexanoate(aq)",87MOS/FRE,303.15,,7.7,,5.30E0,,
5,1790,1,4,1,"D-ornithine(aq) = D-threo-2,4-diaminopentanoate(aq)",73SOM/COS,310.15,,9,,9.00E-1,,
5,1790,2,1,1,L-threo-3-methylaspartate(aq) = L-glutamate(aq),64BAR/ROO,303.15,,8.2,,1.07E1,,
5,1790,2,2,1,(R)-methylmalonyl-CoA(aq) = succinyl-CoA(aq),65CAN/FOC,303.15,,7.5,,1.86E1,,
5,1790,2,3,1,(R)-methylmalonyl-CoA(aq) = succinyl-CoA(aq),64KEL/ALL,298.15,,7.4,,2.31E1,,
5,1790,2,4,1,2-methyleneglutarate(aq) = methylitaconate(aq),71KUN/STA,307.15,,7.9,,2.30E-1,,
5,1791,1,1,1,"2,5-dihydro-5-oxofuran-2-acetate(aq) = cis,cis-hexadienedioate(aq)",54SIS/STA,303.15,,6,,1.00E-2,,
5,1791,1,1,2,"2,5-dihydro-5-oxofuran-2-acetate(aq) = cis,cis-hexadienedioate(aq)",54SIS/STA,303.15,,6.5,,1.10E-2,,
5,1791,1,1,3,"2,5-dihydro-5-oxofuran-2-acetate(aq) = cis,cis-hexadienedioate(aq)",54SIS/STA,303.15,,7.5,,4.10E-2,,
5,1791,1,1,4,"2,5-dihydro-5-oxofuran-2-acetate(aq) = cis,cis-hexadienedioate(aq)",54SIS/STA,303.15,,8,,7.80E-2,,
5,1791,1,1,5,"2,5-dihydro-5-oxofuran-2-acetate(aq) = cis,cis-hexadienedioate(aq)",54SIS/STA,303.15,,9,,2.90E-1,,
5,1791,1,2,1,"(-)-4-carboxymethyl-{\Delta}{\alpha}-but-2-en-4-olide(aq) = cis,trans-hexadienedioate(aq)",54SIS/STA,303.15,,8,,4.00E0,,
5,1791,1,3,1,tetrahydroxypteridine(aq) = xanthine-8-carboxylate(aq),64MCN/DAM,296.15,,7.5,,6.20E2,,[Kprime was given with approximate sign]
5,1791,1,4,1,"2',4,4'-trihydroxychalcone(aq) = (2S)-4',7-dihydroxyflavanone(aq)",88BED/HAD,298.15,,7.6,,7.60E0,,
5,1791,2,1,1,ATP(aq) + L-valine(aq) + tRNA Val(aq) = AMP(aq) + diphosphate(aq) + L-Valyl-tRNA Val(aq),61BER/BER,310.15,,7,,3.20E-1,,
5,1791,2,2,1,ATP(aq) + acetate(aq) + CoA(aq) = AMP(aq) + diphosphate(aq) + acetyl-CoA(aq),53JON,310.15,,7.5,,2.70E0,,
5,1791,2,3,1,ATP(aq) + acetate(aq) + CoA(aq) = AMP(aq) + diphosphate(aq) + acetyl-CoA(aq),54HEL,311.15,,7.5,,8.60E-1,,
5,1791,2,3,2,ATP(aq) + acetate(aq) + CoA(aq) = AMP(aq) + diphosphate(aq) + acetyl-CoA(aq),54HEL,311.15,,8,,8.60E-1,,
5,1791,2,3,3,ATP(aq) + acetate(aq) + CoA(aq) = AMP(aq) + diphosphate(aq) + acetyl-CoA(aq),54HEL,311.15,,8.5,,8.60E-1,,
5,1792,1,1,1,ATP(aq) + acetate(aq) + CoA(aq) = AMP(aq) + diphosphate(aq) + acetyl-CoA(aq),74GUY/WEB,311.15,0.25,7,3.08,8.45E0,,c(MgCl2) = 0.00083 M
5,1792,1,1,2,ATP(aq) + acetate(aq) + CoA(aq) = AMP(aq) + diphosphate(aq) + acetyl-CoA(aq),74GUY/WEB,311.15,0.25,7,3.1,8.29E0,,c(MgCl2) = 0.00080 M
5,1792,1,1,3,ATP(aq) + acetate(aq) + CoA(aq) = AMP(aq) + diphosphate(aq) + acetyl-CoA(aq),74GUY/WEB,311.15,0.25,7,3.09,8.46E0,,c(MgCl2) = 0.00082 M
5,1792,1,1,4,ATP(aq) + acetate(aq) + CoA(aq) = AMP(aq) + diphosphate(aq) + acetyl-CoA(aq),74GUY/WEB,298.15,0.25,7,3.02,1.16E1,,c(MgCl2) = 0.00095 M
5,1792,1,1,5,ATP(aq) + acetate(aq) + CoA(aq) = AMP(aq) + diphosphate(aq) + acetyl-CoA(aq),74GUY/WEB,298.15,0.25,7,3.11,1.07E1,,c(MgCl2) = 0.00077 M
5,1792,1,1,6,ATP(aq) + acetate(aq) + CoA(aq) = AMP(aq) + diphosphate(aq) + acetyl-CoA(aq),74GUY/WEB,298.15,0.25,7,3.11,1.11E1,,c(MgCl2) = 0.00077 M
5,1792,1,1,7,ATP(aq) + acetate(aq) + CoA(aq) = AMP(aq) + diphosphate(aq) + acetyl-CoA(aq),74GUY/WEB,298.15,0.25,7,3.11,1.14E1,,c(MgCl2) = 0.00077 M
5,1792,1,1,8,ATP(aq) + acetate(aq) + CoA(aq) = AMP(aq) + diphosphate(aq) + acetyl-CoA(aq),74GUY/WEB,298.15,0.25,6.99,3.11,1.37E1,,c(MgCl2) = 0.00077 M
5,1792,1,1,9,ATP(aq) + acetate(aq) + CoA(aq) = AMP(aq) + diphosphate(aq) + acetyl-CoA(aq),74GUY/WEB,298.15,0.25,7.07,3.14,9.81E0,,c(MgCl2) = 0.00073 M
5,1792,1,1,10,ATP(aq) + acetate(aq) + CoA(aq) = AMP(aq) + diphosphate(aq) + acetyl-CoA(aq),74GUY/WEB,311.15,0.25,7.03,3.19,8.66E0,,c(MgCl2) = 0.00064 M
5,1792,1,1,11,ATP(aq) + acetate(aq) + CoA(aq) = AMP(aq) + diphosphate(aq) + acetyl-CoA(aq),74GUY/WEB,311.15,0.25,7.03,3.19,8.15E0,,c(MgCl2) = 0.00064 M
5,1792,1,1,12,ATP(aq) + acetate(aq) + CoA(aq) = AMP(aq) + diphosphate(aq) + acetyl-CoA(aq),74GUY/WEB,311.15,0.25,7.03,3.19,9.85E0,,c(MgCl2) = 0.00064 M
5,1792,1,1,13,ATP(aq) + acetate(aq) + CoA(aq) = AMP(aq) + diphosphate(aq) + acetyl-CoA(aq),74GUY/WEB,311.15,0.25,7.03,3.19,9.82E0,,c(MgCl2) = 0.00064 M
5,1792,1,1,14,ATP(aq) + acetate(aq) + CoA(aq) = AMP(aq) + diphosphate(aq) + acetyl-CoA(aq),74GUY/WEB,311.15,0.25,7.03,3.19,9.54E0,,c(MgCl2) = 0.00064 M
5,1792,1,1,15,ATP(aq) + acetate(aq) + CoA(aq) = AMP(aq) + diphosphate(aq) + acetyl-CoA(aq),74GUY/WEB,311.15,0.25,7.03,3.13,8.34E0,,c(MgCl2) = 0.00074 M
5,1792,1,1,16,ATP(aq) + acetate(aq) + CoA(aq) = AMP(aq) + diphosphate(aq) + acetyl-CoA(aq),74GUY/WEB,311.15,0.25,7.03,3.13,9.74E0,,c(MgCl2) = 0.00074 M
5,1792,1,1,17,ATP(aq) + acetate(aq) + CoA(aq) = AMP(aq) + diphosphate(aq) + acetyl-CoA(aq),74GUY/WEB,311.15,0.25,7.03,3.13,9.68E0,,c(MgCl2) = 0.00074 M
5,1792,1,1,18,ATP(aq) + acetate(aq) + CoA(aq) = AMP(aq) + diphosphate(aq) + acetyl-CoA(aq),74GUY/WEB,311.15,0.25,7.03,3.13,8.70E0,,c(MgCl2) = 0.00074 M
5,1792,1,1,19,ATP(aq) + acetate(aq) + CoA(aq) = AMP(aq) + diphosphate(aq) + acetyl-CoA(aq),74GUY/WEB,311.15,0.25,7.03,3.13,8.68E0,,c(MgCl2) = 0.00074 M
5,1792,1,1,20,ATP(aq) + acetate(aq) + CoA(aq) = AMP(aq) + diphosphate(aq) + acetyl-CoA(aq),74GUY/WEB,311.15,0.25,7.03,3.12,9.88E0,,c(MgCl2) = 0.00075 M
5,1792,1,1,21,ATP(aq) + acetate(aq) + CoA(aq) = AMP(aq) + diphosphate(aq) + acetyl-CoA(aq),74GUY/WEB,311.15,0.25,7.06,4.6,1.04E1,,c(MgCl2) = 0.000025 M
5,1792,1,1,22,ATP(aq) + acetate(aq) + CoA(aq) = AMP(aq) + diphosphate(aq) + acetyl-CoA(aq),74GUY/WEB,311.15,0.25,7.07,4.44,9.70E0,,c(MgCl2) = 0.000036 M
5,1792,1,1,23,ATP(aq) + acetate(aq) + CoA(aq) = AMP(aq) + diphosphate(aq) + acetyl-CoA(aq),74GUY/WEB,311.15,0.25,7.05,4.44,8.99E0,,c(MgCl2) = 0.000036 M
5,1792,1,1,24,ATP(aq) + acetate(aq) + CoA(aq) = AMP(aq) + diphosphate(aq) + acetyl-CoA(aq),74GUY/WEB,311.15,0.25,7.1,4.44,8.90E0,,c(MgCl2) = 0.000036 M
5,1792,1,1,25,ATP(aq) + acetate(aq) + CoA(aq) = AMP(aq) + diphosphate(aq) + acetyl-CoA(aq),74GUY/WEB,311.15,0.25,7.04,3.59,9.66E0,,c(MgCl2) = 0.00026 M
5,1792,1,1,26,ATP(aq) + acetate(aq) + CoA(aq) = AMP(aq) + diphosphate(aq) + acetyl-CoA(aq),74GUY/WEB,311.15,0.25,6.97,2.6,1.15E1,,c(MgCl2) = 0.0025 M
5,1792,1,1,27,ATP(aq) + acetate(aq) + CoA(aq) = AMP(aq) + diphosphate(aq) + acetyl-CoA(aq),74GUY/WEB,311.15,0.25,7.06,2.55,9.82E0,,c(MgCl2) = 0.0028 M
5,1792,1,1,28,ATP(aq) + acetate(aq) + CoA(aq) = AMP(aq) + diphosphate(aq) + acetyl-CoA(aq),74GUY/WEB,311.15,0.25,6.89,2.2,1.55E1,,c(MgCl2) = 0.0063 M
5,1792,1,1,29,ATP(aq) + acetate(aq) + CoA(aq) = AMP(aq) + diphosphate(aq) + acetyl-CoA(aq),74GUY/WEB,311.15,0.25,6.89,2.2,1.52E1,,c(MgCl2) = 0.0063 M
5,1792,1,1,30,ATP(aq) + acetate(aq) + CoA(aq) = AMP(aq) + diphosphate(aq) + acetyl-CoA(aq),74GUY/WEB,311.15,0.25,7.39,2.28,1.57E1,,c(MgCl2) = 0.0052 M
5,1792,1,1,31,ATP(aq) + acetate(aq) + CoA(aq) = AMP(aq) + diphosphate(aq) + acetyl-CoA(aq),74GUY/WEB,311.15,0.25,7.4,2.28,1.44E1,,c(MgCl2) = 0.0052 M
5,1792,1,1,32,ATP(aq) + acetate(aq) + CoA(aq) = AMP(aq) + diphosphate(aq) + acetyl-CoA(aq),74GUY/WEB,311.15,0.25,7.41,2.28,1.49E1,,c(MgCl2) = 0.0052 M
5,1792,1,1,33,ATP(aq) + acetate(aq) + CoA(aq) = AMP(aq) + diphosphate(aq) + acetyl-CoA(aq),74GUY/WEB,311.15,0.25,7.53,2.3,1.88E1,,c(MgCl2) = 0.0050 M
5,1792,1,1,34,ATP(aq) + acetate(aq) + CoA(aq) = AMP(aq) + diphosphate(aq) + acetyl-CoA(aq),74GUY/WEB,311.15,0.25,7.53,2.3,1.94E1,,c(MgCl2) = 0.0050 M
,,,,,,,,,,,,,
5,1792,1,2,1,ATP(aq) + propanoate(aq) + CoA(aq) = AMP(aq) + diphosphate(aq) + propanoyl-CoA(aq),54HEL,311.15,,8,,1.15E0,,
5,1792,2,1,1,ATP(aq) + heptanoate(aq) + CoA(aq) = AMP(aq) + diphosphate(aq) + n-heptanoyl-CoA(aq),53MAH/WAK,311.15,,8,,1.11E0,,
5,1792,2,2,1,GTP(aq) + succinate(aq) + CoA(aq) = GDP(aq) + phosphate(aq) + succinyl-CoA(aq),78LYN/GUY,298.15,0.25,7.15,2.91,1.68E0,,c(MgCl2) = 0.00124 M
5,1792,2,2,2,GTP(aq) + succinate(aq) + CoA(aq) = GDP(aq) + phosphate(aq) + succinyl-CoA(aq),78LYN/GUY,298.15,0.25,7.19,2.9,1.72E0,,c(MgCl2) = 0.00126 M
5,1792,2,2,3,GTP(aq) + succinate(aq) + CoA(aq) = GDP(aq) + phosphate(aq) + succinyl-CoA(aq),78LYN/GUY,298.15,0.25,7.15,2.9,1.58E0,,c(MgCl2) = 0.00126 M
5,1792,2,2,4,GTP(aq) + succinate(aq) + CoA(aq) = GDP(aq) + phosphate(aq) + succinyl-CoA(aq),78LYN/GUY,298.15,0.25,7.15,2.9,1.82E0,,c(MgCl2) = 0.00127 M
5,1792,2,2,5,GTP(aq) + succinate(aq) + CoA(aq) = GDP(aq) + phosphate(aq) + succinyl-CoA(aq),78LYN/GUY,298.15,0.25,7.14,2.89,1.66E0,,c(MgCl2) = 0.00129 M
5,1792,2,2,6,GTP(aq) + succinate(aq) + CoA(aq) = GDP(aq) + phosphate(aq) + succinyl-CoA(aq),78LYN/GUY,298.15,0.25,6.83,2.84,1.25E0,,c(MgCl2) = 0.00143 M
5,1792,2,2,7,GTP(aq) + succinate(aq) + CoA(aq) = GDP(aq) + phosphate(aq) + succinyl-CoA(aq),78LYN/GUY,298.15,0.25,6.85,2.84,1.54E0,,c(MgCl2) = 0.00144 M
5,1792,2,2,8,GTP(aq) + succinate(aq) + CoA(aq) = GDP(aq) + phosphate(aq) + succinyl-CoA(aq),78LYN/GUY,298.15,0.25,6.82,2.84,1.70E0,,c(MgCl2) = 0.00145 M
5,1792,2,2,9,GTP(aq) + succinate(aq) + CoA(aq) = GDP(aq) + phosphate(aq) + succinyl-CoA(aq),78LYN/GUY,311.15,0.25,7.12,3.96,1.00E0,,c(MgCl2) = 0.00011 M
5,1792,2,2,10,GTP(aq) + succinate(aq) + CoA(aq) = GDP(aq) + phosphate(aq) + succinyl-CoA(aq),78LYN/GUY,311.15,0.25,7.17,2.94,6.30E-1,,c(MgCl2) = 0.00116 M
5,1792,2,2,11,GTP(aq) + succinate(aq) + CoA(aq) = GDP(aq) + phosphate(aq) + succinyl-CoA(aq),78LYN/GUY,311.15,0.25,7.17,2.94,5.20E-1,,c(MgCl2) = 0.00115 M
5,1792,2,2,12,GTP(aq) + succinate(aq) + CoA(aq) = GDP(aq) + phosphate(aq) + succinyl-CoA(aq),78LYN/GUY,311.15,0.25,7.12,2.9,7.90E-1,,c(MgCl2) = 0.00125 M
5,1792,2,2,13,GTP(aq) + succinate(aq) + CoA(aq) = GDP(aq) + phosphate(aq) + succinyl-CoA(aq),78LYN/GUY,311.15,0.25,7.09,2.89,7.40E-1,,c(MgCl2) = 0.00128 M
5,1792,2,2,14,GTP(aq) + succinate(aq) + CoA(aq) = GDP(aq) + phosphate(aq) + succinyl-CoA(aq),78LYN/GUY,311.15,0.25,7.08,2.87,7.20E-1,,c(MgCl2) = 0.00130 M
5,1792,2,2,15,GTP(aq) + succinate(aq) + CoA(aq) = GDP(aq) + phosphate(aq) + succinyl-CoA(aq),78LYN/GUY,311.15,0.25,7.03,2.88,8.20E-1,,c(MgCl2) = 0.00131 M
5,1792,2,2,16,GTP(aq) + succinate(aq) + CoA(aq) = GDP(aq) + phosphate(aq) + succinyl-CoA(aq),78LYN/GUY,311.15,0.25,7.27,2.89,5.40E-1,,c(MgCl2) = 0.00128 M
5,1792,2,2,17,GTP(aq) + succinate(aq) + CoA(aq) = GDP(aq) + phosphate(aq) + succinyl-CoA(aq),78LYN/GUY,311.15,0.25,7.3,2.9,5.00E-1,,c(MgCl2) = 0.00127 M
5,1792,2,2,18,GTP(aq) + succinate(aq) + CoA(aq) = GDP(aq) + phosphate(aq) + succinyl-CoA(aq),78LYN/GUY,311.15,0.25,7.27,2.89,5.60E-1,,c(MgCl2) = 0.00128 M
5,1792,2,2,19,GTP(aq) + succinate(aq) + CoA(aq) = GDP(aq) + phosphate(aq) + succinyl-CoA(aq),78LYN/GUY,311.15,0.25,6.75,2.85,1.03E0,,c(MgCl2) = 0.00133 M
5,1792,2,2,20,GTP(aq) + succinate(aq) + CoA(aq) = GDP(aq) + phosphate(aq) + succinyl-CoA(aq),78LYN/GUY,311.15,0.25,6.75,2.88,1.04E0,,c(MgCl2) = 0.00133 M
5,1792,2,2,21,GTP(aq) + succinate(aq) + CoA(aq) = GDP(aq) + phosphate(aq) + succinyl-CoA(aq),78LYN/GUY,311.15,0.25,6.75,2.88,1.03E0,,c(MgCl2) = 0.00133 M
5,1792,2,2,22,GTP(aq) + succinate(aq) + CoA(aq) = GDP(aq) + phosphate(aq) + succinyl-CoA(aq),78LYN/GUY,311.15,0.25,7.11,2.89,6.50E-1,,c(MgCl2) = 0.00130 M
5,1792,2,2,23,GTP(aq) + succinate(aq) + CoA(aq) = GDP(aq) + phosphate(aq) + succinyl-CoA(aq),78LYN/GUY,311.15,0.25,7.11,2.89,5.30E-1,,c(MgCl2) = 0.00130 M
5,1792,2,2,24,GTP(aq) + succinate(aq) + CoA(aq) = GDP(aq) + phosphate(aq) + succinyl-CoA(aq),78LYN/GUY,311.15,0.25,7.12,2.88,5.40E-1,,c(MgCl2) = 0.00131 M
5,1792,2,2,25,GTP(aq) + succinate(aq) + CoA(aq) = GDP(aq) + phosphate(aq) + succinyl-CoA(aq),78LYN/GUY,311.15,0.25,6.93,2.88,8.20E-1,,c(MgCl2) = 0.00133 M
5,1792,2,2,26,GTP(aq) + succinate(aq) + CoA(aq) = GDP(aq) + phosphate(aq) + succinyl-CoA(aq),78LYN/GUY,311.15,0.25,7.1,2.88,6.10E-1,,c(MgCl2) = 0.00132 M
5,1792,2,2,27,GTP(aq) + succinate(aq) + CoA(aq) = GDP(aq) + phosphate(aq) + succinyl-CoA(aq),78LYN/GUY,311.15,0.25,7.1,2.88,7.70E-1,,c(MgCl2) = 0.00133 M
5,1792,2,2,28,GTP(aq) + succinate(aq) + CoA(aq) = GDP(aq) + phosphate(aq) + succinyl-CoA(aq),78LYN/GUY,311.15,0.25,7.08,2.89,7.20E-1,,c(MgCl2) = 0.00134 M
5,1792,2,2,29,GTP(aq) + succinate(aq) + CoA(aq) = GDP(aq) + phosphate(aq) + succinyl-CoA(aq),78LYN/GUY,311.15,0.25,6.82,2.86,5.30E-1,,c(MgCl2) = 0.00138 M
5,1792,2,2,30,GTP(aq) + succinate(aq) + CoA(aq) = GDP(aq) + phosphate(aq) + succinyl-CoA(aq),78LYN/GUY,311.15,0.25,6.75,2.85,7.20E-1,,c(MgCl2) = 0.00140 M
5,1792,2,2,31,GTP(aq) + succinate(aq) + CoA(aq) = GDP(aq) + phosphate(aq) + succinyl-CoA(aq),78LYN/GUY,311.15,0.25,6.83,2.85,8.70E-1,,c(MgCl2) = 0.00142 M
5,1792,2,2,32,GTP(aq) + succinate(aq) + CoA(aq) = GDP(aq) + phosphate(aq) + succinyl-CoA(aq),78LYN/GUY,311.15,0.25,6.8,2.84,7.90E-1,,c(MgCl2) = 0.00145 M
5,1792,2,2,33,GTP(aq) + succinate(aq) + CoA(aq) = GDP(aq) + phosphate(aq) + succinyl-CoA(aq),78LYN/GUY,311.15,0.25,7.05,2.18,7.90E-1,,c(MgCl2) = 0.00666 M
5,1792,2,2,34,GTP(aq) + succinate(aq) + CoA(aq) = GDP(aq) + phosphate(aq) + succinyl-CoA(aq),78LYN/GUY,311.15,0.25,7.04,2.18,7.50E-1,,c(MgCl2) = 0.00666 M
5,1792,2,2,35,GTP(aq) + succinate(aq) + CoA(aq) = GDP(aq) + phosphate(aq) + succinyl-CoA(aq),78LYN/GUY,311.15,0.25,7.02,1.86,6.80E-1,,c(MgCl2) = 0.00139 M
5,1792,2,2,36,GTP(aq) + succinate(aq) + CoA(aq) = GDP(aq) + phosphate(aq) + succinyl-CoA(aq),78LYN/GUY,311.15,0.25,7.01,1.86,7.30E-1,,c(MgCl2) = 0.00139 M
5,1792,2,2,37,GTP(aq) + succinate(aq) + CoA(aq) = GDP(aq) + phosphate(aq) + succinyl-CoA(aq),78LYN/GUY,311.15,0.25,6.94,1.72,6.00E-1,,c(MgCl2) = 0.00189 M
5,1792,2,2,38,GTP(aq) + succinate(aq) + CoA(aq) = GDP(aq) + phosphate(aq) + succinyl-CoA(aq),78LYN/GUY,311.15,0.25,6.96,1.72,6.30E-1,,c(MgCl2) = 0.00189 M
,,,,,,,,,,,,,
5,1793,1,1,1,ATP(aq) + succinate(aq) + CoA(aq) = ADP(aq) + phosphate(aq) + succinyl-CoA(aq),55KAU/ALI,293.15,,7.4,,2.70E-1,,
5,1793,1,2,1,ATP(aq) + L-glutamate(aq) + ammonia(aq) = ADP(aq) + phosphate(aq) + L-glutamine(aq),54LEV/MEI,295.15,,7,,1.80E3,,
5,1793,1,2,2,ATP(aq) + L-glutamate(aq) + ammonia(aq) = ADP(aq) + phosphate(aq) + L-glutamine(aq),54LEV/MEI,310.15,,6,,4.00E2,,
5,1793,1,2,3,ATP(aq) + L-glutamate(aq) + ammonia(aq) = ADP(aq) + phosphate(aq) + L-glutamine(aq),54LEV/MEI,310.15,,7,,1.23E3,,
5,1793,1,2,4,ATP(aq) + L-glutamate(aq) + ammonia(aq) = ADP(aq) + phosphate(aq) + L-glutamine(aq),54LEV/MEI,310.15,,7.9,,3.00E3,,
5,1793,1,3,1,ATP(aq) + L-glutamate(aq) + ammonia(aq) = ADP(aq) + phosphate(aq) + L-glutamine(aq),55VAR/WEB,308.15,,7.4,,1.70E3,,
5,1793,1,4,1,ATP(aq) + L-glutamate(aq) + ammonia(aq) = ADP(aq) + phosphate(aq) + L-glutamine(aq),72ROS/SLA,310.15,0.2,6.6,1.3,1.62E2,,c(MgCl2) = 0.0504 M
5,1793,1,4,2,ATP(aq) + L-glutamate(aq) + ammonia(aq) = ADP(aq) + phosphate(aq) + L-glutamine(aq),72ROS/SLA,310.15,0.3,7,1.3,2.70E2,,c(MgCl2) = 0.0504 M
5,1793,1,4,3,ATP(aq) + L-glutamate(aq) + ammonia(aq) = ADP(aq) + phosphate(aq) + L-glutamine(aq),72ROS/SLA,310.15,0.22,7.1,1.97,2.80E2,,c(MgCl2) = 0.0107 M
5,1793,1,4,4,ATP(aq) + L-glutamate(aq) + ammonia(aq) = ADP(aq) + phosphate(aq) + L-glutamine(aq),72ROS/SLA,310.15,0.21,7.5,1.31,6.68E2,,c(MgCl2) = 0.0495 M
5,1793,1,4,5,ATP(aq) + L-glutamate(aq) + ammonia(aq) = ADP(aq) + phosphate(aq) + L-glutamine(aq),72ROS/SLA,310.15,0.17,7.58,2.01,8.31E2,,c(MgCl2) = 0.0098 M
5,1793,2,1,1,ATP(aq) + formate(aq) + tetrahydrofolate(aq) = ADP(aq) + phosphate(aq) + 10-formyltetrahydrofolate(aq),62HIM/RAB,310.15,,7.7,,4.10E1,,
5,1793,2,2,1,GTP(aq) + IMP(aq) + L-aspartate(aq) = GDP(aq) + phosphate(aq) + adenylosuccinate(aq),58FRO,310.15,,8,,2.90E0,,
5,1793,2,3,1,ATP(aq) + L-citrulline(aq) + L-aspartate(aq) = AMP(aq) + diphosphate(aq) + L-arginosuccinate(aq),60SCH/RAT,311.15,,5.9,2.18,1.40E-1,,c(MgCl2) = 0.0066 M
5,1793,2,3,2,ATP(aq) + L-citrulline(aq) + L-aspartate(aq) = AMP(aq) + diphosphate(aq) + L-arginosuccinate(aq),60SCH/RAT,311.15,,6.91,2.18,2.14E0,,c(MgCl2) = 0.0066 M
5,1793,2,3,3,ATP(aq) + L-citrulline(aq) + L-aspartate(aq) = AMP(aq) + diphosphate(aq) + L-arginosuccinate(aq),60SCH/RAT,311.15,,7.7,2.18,3.83E1,,c(MgCl2) = 0.0066 M
5,1793,2,3,4,ATP(aq) + L-citrulline(aq) + L-aspartate(aq) = AMP(aq) + diphosphate(aq) + L-arginosuccinate(aq),60SCH/RAT,311.15,,7.79,2.18,6.95E1,,c(MgCl2) = 0.0066 M
5,1794,1,1,1,ATP(aq) + pyruvate(aq) + carbon dioxide(aq) = ADP(aq) + phosphate(aq) + oxaloacetate(aq),66WOO/DAV,298.15,,7.4,2.05,6.80E0,,c(MgCl2) = 0.0090 M
5,1794,1,1,2,ATP(aq) + pyruvate(aq) + carbon dioxide(aq) = ADP(aq) + phosphate(aq) + oxaloacetate(aq),66WOO/DAV,298.15,,7.4,2.35,6.55E0,,c(MgCl2) = 0.0045 M
5,1794,1,1,3,ATP(aq) + pyruvate(aq) + carbon dioxide(aq) = ADP(aq) + phosphate(aq) + oxaloacetate(aq),66WOO/DAV,298.15,,7.8,,5.90E-1,,c(MnCl2) = 0.0025 M
5,1794,1,1,4,ATP(aq) + pyruvate(aq) + carbon dioxide(aq) = ADP(aq) + phosphate(aq) + oxaloacetate(aq),66WOO/DAV,298.15,,7.03,,1.40E0,,c(MnCl2) = 0.0025 M
5,1794,1,1,5,ATP(aq) + pyruvate(aq) + carbon dioxide(aq) = ADP(aq) + phosphate(aq) + oxaloacetate(aq),66WOO/DAV,298.15,,7.06,,2.00E0,,c(MnCl2) = 0.0025 M
5,1794,1,1,6,ATP(aq) + pyruvate(aq) + carbon dioxide(aq) = ADP(aq) + phosphate(aq) + oxaloacetate(aq),66WOO/DAV,298.15,,8,2.35,1.02E1,,c(MgCl2) = 0.0045 M
5,1794,1,2,1,ATP(aq) + propanoyl-CoA(aq) + carbon dioxide(aq) = ADP(aq) + phosphate(aq) + (S)-methylmalonyl-CoA(aq),62HAL/FEN,310.15,,8.15,,8.10E-3,,
5,1794,2,1,1,ATP(aq) + propanoyl-CoA(aq) + carbon dioxide(aq) = ADP(aq) + phosphate(aq) + (S)-methylmalonyl-CoA(aq),65KAZ/GRO,301.15,,8.1,,5.70E0,,
6,934,1,1,1,ethanol(aq) + NAD(aq) = acetaldehyde(aq) + NADH(aq),89JEE/SHI,298.15,,8.8,,4.23E0,,P=0.1 MPa
6,934,1,1,2,ethanol(aq) + NAD(aq) = acetaldehyde(aq) + NADH(aq),89JEE/SHI,298.15,,8.8,,2.54E0,,P=30 MPa
6,934,1,1,3,ethanol(aq) + NAD(aq) = acetaldehyde(aq) + NADH(aq),89JEE/SHI,298.15,,8.8,,1.84E0,,P=60 MPa
6,934,1,1,4,ethanol(aq) + NAD(aq) = acetaldehyde(aq) + NADH(aq),89JEE/SHI,298.15,,8.8,,1.73E0,,P=90 MPa
6,934,1,1,5,ethanol(aq) + NAD(aq) = acetaldehyde(aq) + NADH(aq),89JEE/SHI,298.15,,8.8,,1.33E0,,P=120 MPa
6,934,1,1,6,ethanol(aq) + NAD(aq) = acetaldehyde(aq) + NADH(aq),89JEE/SHI,298.15,,8.8,,1.27E0,,P=150 MPa
6,934,1,1,7,ethanol(aq) + NAD(aq) = acetaldehyde(aq) + NADH(aq),89JEE/SHI,308.15,,8.8,,1.81E0,,P=0.1 MPa
6,934,1,1,8,ethanol(aq) + NAD(aq) = acetaldehyde(aq) + NADH(aq),89JEE/SHI,308.15,,8.8,,1.98E0,,P=30 MPa
6,934,1,1,9,ethanol(aq) + NAD(aq) = acetaldehyde(aq) + NADH(aq),89JEE/SHI,308.15,,8.8,,1.73E0,,P=60 MPa
6,934,1,1,10,ethanol(aq) + NAD(aq) = acetaldehyde(aq) + NADH(aq),89JEE/SHI,308.15,,8.8,,1.60E0,,P=90 MPa
6,934,1,1,11,ethanol(aq) + NAD(aq) = acetaldehyde(aq) + NADH(aq),89JEE/SHI,308.15,,8.8,,1.08E0,,P=120 MPa
6,934,1,1,12,ethanol(aq) + NAD(aq) = acetaldehyde(aq) + NADH(aq),89JEE/SHI,308.15,,8.8,,1.22E0,,P=150 MPa
6,934,2,1,1,D-arabitol(aq) + NAD(aq) = D-ribulose(aq) + NADH(aq),89SCH/GIF,298.15,,7,,8.00E-4,,
6,934,2,2,1,L-iditol(aq) + NAD(aq) = L-sorbose(aq) + NADH(aq),96TEW/GOL,298.15,,7.58,,1.86E-1,,I_m = 0.191 mol / kg
6,934,2,3,1,L-iditol(aq) + NAD(aq) = L-sorbose(aq) + NADH(aq),96TEW/GOL,298.15,,7.39,,,-10.5,I_m = 0.215 mol / kg
6,934,2,4,1,D-mannitol(aq) + NAD(aq) = D-fructose(aq) + NADH(aq),89SCH/GIF,298.15,,7,,4.50E-2,,
6,935,1,1,1,D-sorbitol(aq) + NAD(aq) = D-fructose(aq) + NADH(aq),89SCH/GIF,298.15,,7,,5.80E-3,,
6,935,1,2,1,D-sorbitol(aq) + NAD(aq) = D-fructose(aq) + NADH(aq),96TEW/GOL,298.15,,7.63,,9.40E-2,,I_m = 0.197 mol / kg
6,935,1,3,1,D-sorbitol(aq) + NAD(aq) = D-fructose(aq) + NADH(aq),96TEW/GOL,298.15,,7.55,,,-17.1,I_m = 0.217 mol / kg
6,935,2,1,1,xylitol(aq) + NAD(aq) = D-xylulose(aq) + NADH(aq),96TEW/GOL,298.15,,7.51,,1.22E-3,,I_m = 0.189 mol / kg
6,935,2,2,1,xylitol(aq) + NAD(aq) = D-xylulose(aq) + NADH(aq),96TEW/GOL,298.15,,7.43,,,-35.2,I_m = 0.218 mol / kg
6,935,2,3,1,(S)-lactate(aq) + NAD(aq) = pyruvate(aq) + NADH(aq),76SCH/KRI,298.15,,7.5,,,41.8,
6,936,1,1,1,ribitol(aq) + NAD(aq) = D-ribulose(aq) + NADH(aq),92KAH/SCH,298.15,,7,,3.30E-3,,
6,936,1,2,1,D-mannitol(aq) + NADP(aq) = D-fructose(aq) + NADPH(aq),94NOE/COL,310.15,,7.5,,9.17E-2,,
6,936,1,3,1,D-carnitine(aq) + NAD(aq) = 3-dehydrocarnitine(aq) + NADH(aq),97HAN/KLE,295.15,,8,,2.20E-4,,
6,936,1,3,2,D-carnitine(aq) + NAD(aq) = 3-dehydrocarnitine(aq) + NADH(aq),97HAN/KLE,295.15,,9,,2.20E-3,,
6,936,1,4,1,prostaglandin E2(aq) + NAD(aq) = 15-oxo-prostaglandin E2(aq) + NADH(aq),75SCH/GRE,298.15,,7,,1.77E2,,[corrects https://w3id.org/related-to/doi.org/10.5281/zenodo.3978439/files/TECRDB.csv#entry3641]
6,936,1,4,2,prostaglandin E2(aq) + NAD(aq) = 15-oxo-prostaglandin E2(aq) + NADH(aq),75SCH/GRE,298.15,,8,,1.77E3,,[corrects https://w3id.org/related-to/doi.org/10.5281/zenodo.3978439/files/TECRDB.csv#entry3642]
,,,,,,,,,,,,,
,,,,,,,,,,,,,
6,936,2,1,1,"{\beta}-D-glucose(aq) + O2(aq) = D-glucono-1,5-lactone(aq) + H2O2(aq)",93BOH/HUT,298.15,,6.86,,,-125,
,,,,,,,,,,,,,
6,936,2,2,1,"{\beta}-D-glucose(aq) + 0.5 O2(aq) = D-glucono-1,5-lactone(aq) + H2O(l)",76SCH/KRI,300.15,,7,,,-207,
6,936,2,3,1,"{\beta}-D-glucose(aq) + 0.5 O2(aq) = D-glucono-1,5-lactone(aq) + H2O(l)",93HUT/BOH,298.15,,6.86,,,-223,
6,937,1,1,1,cholesterol(aq) + O2(aq) = cholest-4-en-3-one(aq) + H2O2(l),78MCG/BRO,303.15,,7,,,-114,
6,937,1,2,1,cholesterol(aq) + 0.5 O2(aq) = cholest-4-en-3-one(aq) + H2O(l),78MCG/BRO,303.15,,7,,,-214,
6,937,1,3,1,cholesterol(aq) + 0.5 O2(aq) = cholest-4-en-3-one(aq) + H2O(l),82REH/YOU,303.15,,6.9,,,-153.4,
6,937,1,4,1,ATP^{4-}(aq) + H2O(l) = ADP^{3-}(aq) + HPO4^{2-}(aq) + H^{+}(aq),99KIS/HOL,298.15,,6.98,,,-79,I_m = 0.32 mol/kg
6,937,2,1,1,(S)-dihydroorotate(aq) + oxonic acid(aq) = orotate(aq) + dihydroxonic acid(aq),98THO/JOR,298.15,,7,,4.00E-2,,
6,937,2,2,1,glycine(aq) + {\alpha}-lipoate(aq) = S-aminomethyldihydro-{\alpha}-lipoate(aq) + carbon dioxide(aq),85LIE,311.15,,6.39,,3.10E-2,,[PDF says in comment: ionic strength is 0.25 M]
6,937,2,2,2,glycine(aq) + {\alpha}-lipoate(aq) = S-aminomethyldihydro-{\alpha}-lipoate(aq) + carbon dioxide(aq),85LIE,311.15,,6.39,,2.22E-2,,[PDF says in comment: ionic strength is 0.25 M]
6,937,2,2,3,glycine(aq) + {\alpha}-lipoate(aq) = S-aminomethyldihydro-{\alpha}-lipoate(aq) + carbon dioxide(aq),85LIE,311.15,,6.62,,2.21E-2,,[PDF says in comment: ionic strength is 0.25 M]
6,937,2,2,4,glycine(aq) + {\alpha}-lipoate(aq) = S-aminomethyldihydro-{\alpha}-lipoate(aq) + carbon dioxide(aq),85LIE,311.15,,6.8,,3.01E-2,,[PDF says in comment: ionic strength is 0.25 M]
6,937,2,2,5,glycine(aq) + {\alpha}-lipoate(aq) = S-aminomethyldihydro-{\alpha}-lipoate(aq) + carbon dioxide(aq),85LIE,311.15,,6.83,,4.65E-2,,[PDF says in comment: ionic strength is 0.25 M]
6,937,2,2,6,glycine(aq) + {\alpha}-lipoate(aq) = S-aminomethyldihydro-{\alpha}-lipoate(aq) + carbon dioxide(aq),85LIE,311.15,,6.99,,5.11E-2,,[PDF says in comment: ionic strength is 0.25 M]
6,937,2,2,7,glycine(aq) + {\alpha}-lipoate(aq) = S-aminomethyldihydro-{\alpha}-lipoate(aq) + carbon dioxide(aq),85LIE,311.15,,6.99,,3.28E-2,,[PDF says in comment: ionic strength is 0.25 M]
6,937,2,2,8,glycine(aq) + {\alpha}-lipoate(aq) = S-aminomethyldihydro-{\alpha}-lipoate(aq) + carbon dioxide(aq),85LIE,311.15,,6.99,,3.44E-2,,[PDF says in comment: ionic strength is 0.25 M]
6,937,2,2,9,glycine(aq) + {\alpha}-lipoate(aq) = S-aminomethyldihydro-{\alpha}-lipoate(aq) + carbon dioxide(aq),85LIE,311.15,,7.01,,3.02E-2,,[PDF says in comment: ionic strength is 0.25 M]
6,937,2,2,10,glycine(aq) + {\alpha}-lipoate(aq) = S-aminomethyldihydro-{\alpha}-lipoate(aq) + carbon dioxide(aq),85LIE,311.15,,7.03,,1.40E-2,,[PDF says in comment: ionic strength is 0.25 M]
6,937,2,2,11,glycine(aq) + {\alpha}-lipoate(aq) = S-aminomethyldihydro-{\alpha}-lipoate(aq) + carbon dioxide(aq),85LIE,311.15,,7.04,,1.40E-2,,[PDF says in comment: ionic strength is 0.25 M]
6,937,2,2,12,glycine(aq) + {\alpha}-lipoate(aq) = S-aminomethyldihydro-{\alpha}-lipoate(aq) + carbon dioxide(aq),85LIE,311.15,,7.17,,2.40E-2,,[PDF says in comment: ionic strength is 0.25 M]
6,937,2,2,13,glycine(aq) + {\alpha}-lipoate(aq) = S-aminomethyldihydro-{\alpha}-lipoate(aq) + carbon dioxide(aq),85LIE,311.15,,7.18,,1.97E-2,,[PDF says in comment: ionic strength is 0.25 M]
6,937,2,2,14,glycine(aq) + {\alpha}-lipoate(aq) = S-aminomethyldihydro-{\alpha}-lipoate(aq) + carbon dioxide(aq),85LIE,311.15,,7.2,,2.29E-2,,[PDF says in comment: ionic strength is 0.25 M]
6,937,2,2,15,glycine(aq) + {\alpha}-lipoate(aq) = S-aminomethyldihydro-{\alpha}-lipoate(aq) + carbon dioxide(aq),85LIE,311.15,,7.79,,8.29E-3,,[PDF says in comment: ionic strength is 0.25 M]
6,938,1,1,1,2 reduced glutathione(aq) + NAD(aq) = oxidized glutathione(aq) + NADH(aq),64ROS/RAP,313.15,,7,,1.00E-3,,[K' noted as K'c in table header]
6,938,1,2,1,2 reduced glutathione(aq) + NADP(aq) = oxidized glutathione(aq) + NADPH(aq),75GOR/ESF,298.15,,7,,5.30E-3,,[K' noted as K'c in table header]; [corrects https://w3id.org/related-to/doi.org/10.5281/zenodo.3978439/files/TECRDB.csv#entry2277]
,,,,,,,,,,,,,
6,938,1,2,2,2 reduced glutathione(aq) + NADP(aq) = oxidized glutathione(aq) + NADPH(aq),75GOR/ESF,298.15,,7.82,,3.73E-2,,[K' noted as K'c in table header]
6,938,1,2,3,2 reduced glutathione(aq) + NADP(aq) = oxidized glutathione(aq) + NADPH(aq),75GOR/ESF,298.15,,8,,4.90E-2,,[K' noted as K'c in table header]
6,938,1,2,4,2 reduced glutathione(aq) + NADP(aq) = oxidized glutathione(aq) + NADPH(aq),75GOR/ESF,298.15,,8.47,,1.38E-1,,[K' noted as K'c in table header]
6,938,1,3,1,urate(aq) + 0.5 O2(aq) + 2 H2O(l) = allantoin(aq) + carbon dioxide(aq),77REH/JAN,303.15,,9,,,-149.6,
6,938,1,4,1,dihydro-{\alpha}-lipoate(aq) + NAD(aq) ={\alpha}-lipoate(aq) + NADH(aq),85LIE,298.15,0.25,6.87,,1.38E-1,,
6,938,1,4,2,dihydro-{\alpha}-lipoate(aq) + NAD(aq) ={\alpha}-lipoate(aq) + NADH(aq),85LIE,298.15,0.25,6.89,,1.30E-1,,
6,938,1,4,3,dihydro-{\alpha}-lipoate(aq) + NAD(aq) ={\alpha}-lipoate(aq) + NADH(aq),85LIE,298.15,0.25,7.08,,2.67E-1,,
6,938,1,4,4,dihydro-{\alpha}-lipoate(aq) + NAD(aq) ={\alpha}-lipoate(aq) + NADH(aq),85LIE,298.15,0.25,7.09,,2.70E-1,,
6,938,1,4,5,dihydro-{\alpha}-lipoate(aq) + NAD(aq) ={\alpha}-lipoate(aq) + NADH(aq),85LIE,298.15,0.25,7.09,,2.94E-1,,
6,938,1,4,6,dihydro-{\alpha}-lipoate(aq) + NAD(aq) ={\alpha}-lipoate(aq) + NADH(aq),85LIE,298.15,0.25,7.12,,3.29E-1,,
6,938,1,4,7,dihydro-{\alpha}-lipoate(aq) + NAD(aq) ={\alpha}-lipoate(aq) + NADH(aq),85LIE,298.15,0.25,7.35,,4.45E-1,,
6,938,1,4,8,dihydro-{\alpha}-lipoate(aq) + NAD(aq) ={\alpha}-lipoate(aq) + NADH(aq),85LIE,298.15,0.25,7.41,,5.79E-1,,
6,938,1,4,9,dihydro-{\alpha}-lipoate(aq) + NAD(aq) ={\alpha}-lipoate(aq) + NADH(aq),85LIE,298.15,0.1,7.37,,3.60E-1,,
6,938,1,4,10,dihydro-{\alpha}-lipoate(aq) + NAD(aq) ={\alpha}-lipoate(aq) + NADH(aq),85LIE,298.15,0.12,6.6,,1.00E-1,,
6,938,1,4,11,dihydro-{\alpha}-lipoate(aq) + NAD(aq) ={\alpha}-lipoate(aq) + NADH(aq),85LIE,298.15,0.35,7.19,,2.87E-1,,
6,938,1,4,12,dihydro-{\alpha}-lipoate(aq) + NAD(aq) ={\alpha}-lipoate(aq) + NADH(aq),85LIE,298.15,0.35,7.21,,3.49E-1,,
6,938,1,4,13,dihydro-{\alpha}-lipoate(aq) + NAD(aq) ={\alpha}-lipoate(aq) + NADH(aq),85LIE,298.15,0.35,7.18,,3.38E-1,,
6,938,1,4,14,dihydro-{\alpha}-lipoate(aq) + NAD(aq) ={\alpha}-lipoate(aq) + NADH(aq),85LIE,298.15,0.6,7.11,,2.53E-1,,
6,938,1,4,15,dihydro-{\alpha}-lipoate(aq) + NAD(aq) ={\alpha}-lipoate(aq) + NADH(aq),85LIE,298.15,0.6,7.14,,3.34E-1,,
6,938,1,4,16,dihydro-{\alpha}-lipoate(aq) + NAD(aq) ={\alpha}-lipoate(aq) + NADH(aq),85LIE,298.15,1.1,7.03,,1.60E-1,,
6,938,1,4,17,dihydro-{\alpha}-lipoate(aq) + NAD(aq) ={\alpha}-lipoate(aq) + NADH(aq),85LIE,298.15,1.1,7.05,,2.64E-1,,
6,938,1,4,18,dihydro-{\alpha}-lipoate(aq) + NAD(aq) ={\alpha}-lipoate(aq) + NADH(aq),85LIE,311.15,0.25,6.27,,5.10E-2,,
6,938,1,4,19,dihydro-{\alpha}-lipoate(aq) + NAD(aq) ={\alpha}-lipoate(aq) + NADH(aq),85LIE,311.15,0.25,6.41,,6.70E-2,,
6,938,1,4,20,dihydro-{\alpha}-lipoate(aq) + NAD(aq) ={\alpha}-lipoate(aq) + NADH(aq),85LIE,311.15,0.25,6.72,,8.80E-2,,
6,938,1,4,21,dihydro-{\alpha}-lipoate(aq) + NAD(aq) ={\alpha}-lipoate(aq) + NADH(aq),85LIE,311.15,0.25,6.73,,1.41E-1,,
6,938,1,4,22,dihydro-{\alpha}-lipoate(aq) + NAD(aq) ={\alpha}-lipoate(aq) + NADH(aq),85LIE,311.15,0.25,6.75,,1.41E-1,,
6,938,1,4,23,dihydro-{\alpha}-lipoate(aq) + NAD(aq) ={\alpha}-lipoate(aq) + NADH(aq),85LIE,311.15,0.25,6.79,,1.38E-1,,
6,938,1,4,24,dihydro-{\alpha}-lipoate(aq) + NAD(aq) ={\alpha}-lipoate(aq) + NADH(aq),85LIE,311.15,0.25,6.82,,1.29E-1,,
6,938,1,4,25,dihydro-{\alpha}-lipoate(aq) + NAD(aq) ={\alpha}-lipoate(aq) + NADH(aq),85LIE,311.15,0.25,6.84,,1.50E-1,,
6,938,1,4,26,dihydro-{\alpha}-lipoate(aq) + NAD(aq) ={\alpha}-lipoate(aq) + NADH(aq),85LIE,311.15,0.25,6.91,,1.39E-1,,
6,938,1,4,27,dihydro-{\alpha}-lipoate(aq) + NAD(aq) ={\alpha}-lipoate(aq) + NADH(aq),85LIE,311.15,0.25,6.91,,1.43E-1,,
6,938,1,4,28,dihydro-{\alpha}-lipoate(aq) + NAD(aq) ={\alpha}-lipoate(aq) + NADH(aq),85LIE,311.15,0.25,6.94,,1.87E-1,,
6,938,1,4,29,dihydro-{\alpha}-lipoate(aq) + NAD(aq) ={\alpha}-lipoate(aq) + NADH(aq),85LIE,311.15,0.25,6.94,,1.97E-1,,
6,938,1,4,30,dihydro-{\alpha}-lipoate(aq) + NAD(aq) ={\alpha}-lipoate(aq) + NADH(aq),85LIE,311.15,0.25,6.98,,2.60E-1,,
6,938,1,4,31,dihydro-{\alpha}-lipoate(aq) + NAD(aq) ={\alpha}-lipoate(aq) + NADH(aq),85LIE,311.15,0.25,6.98,,2.71E-1,,
6,938,1,4,32,dihydro-{\alpha}-lipoate(aq) + NAD(aq) ={\alpha}-lipoate(aq) + NADH(aq),85LIE,311.15,0.25,7.05,,2.71E-1,,
6,938,1,4,33,dihydro-{\alpha}-lipoate(aq) + NAD(aq) ={\alpha}-lipoate(aq) + NADH(aq),85LIE,311.15,0.25,7.05,2,1.16E-1,,c(MgCl2) = 0.01 M
6,938,1,4,34,dihydro-{\alpha}-lipoate(aq) + NAD(aq) ={\alpha}-lipoate(aq) + NADH(aq),85LIE,311.15,0.25,7.06,,2.66E-1,,
6,938,1,4,35,dihydro-{\alpha}-lipoate(aq) + NAD(aq) ={\alpha}-lipoate(aq) + NADH(aq),85LIE,311.15,0.25,7.07,,3.40E-1,,
6,938,1,4,36,dihydro-{\alpha}-lipoate(aq) + NAD(aq) ={\alpha}-lipoate(aq) + NADH(aq),85LIE,311.15,0.25,7.07,2,1.05E-1,,c(MgCl2) = 0.01 M
6,938,1,4,37,dihydro-{\alpha}-lipoate(aq) + NAD(aq) ={\alpha}-lipoate(aq) + NADH(aq),85LIE,311.15,0.25,7.09,,3.28E-1,,
6,938,1,4,38,dihydro-{\alpha}-lipoate(aq) + NAD(aq) ={\alpha}-lipoate(aq) + NADH(aq),85LIE,311.15,0.25,7.16,2,2.57E-1,,c(MgCl2) = 0.01 M
6,938,1,4,39,dihydro-{\alpha}-lipoate(aq) + NAD(aq) ={\alpha}-lipoate(aq) + NADH(aq),85LIE,311.15,0.25,7.17,,2.68E-1,,
6,938,1,4,40,dihydro-{\alpha}-lipoate(aq) + NAD(aq) ={\alpha}-lipoate(aq) + NADH(aq),85LIE,311.15,0.25,7.23,,3.51E-1,,
6,938,1,4,41,dihydro-{\alpha}-lipoate(aq) + NAD(aq) ={\alpha}-lipoate(aq) + NADH(aq),85LIE,311.15,0.25,7.24,,3.21E-1,,
6,938,1,4,42,dihydro-{\alpha}-lipoate(aq) + NAD(aq) ={\alpha}-lipoate(aq) + NADH(aq),85LIE,311.15,0.25,7.25,,3.09E-1,,
6,938,1,4,43,dihydro-{\alpha}-lipoate(aq) + NAD(aq) ={\alpha}-lipoate(aq) + NADH(aq),85LIE,311.15,0.25,7.3,,3.85E-1,,
6,938,1,4,44,dihydro-{\alpha}-lipoate(aq) + NAD(aq) ={\alpha}-lipoate(aq) + NADH(aq),85LIE,311.15,0.25,7.35,,4.98E-1,,
6,938,1,4,45,dihydro-{\alpha}-lipoate(aq) + NAD(aq) ={\alpha}-lipoate(aq) + NADH(aq),85LIE,311.15,0.25,7.58,,6.34E-1,,
6,938,1,4,46,dihydro-{\alpha}-lipoate(aq) + NAD(aq) ={\alpha}-lipoate(aq) + NADH(aq),85LIE,311.15,0.25,7.6,,6.20E-1,,
6,938,1,4,47,dihydro-{\alpha}-lipoate(aq) + NAD(aq) ={\alpha}-lipoate(aq) + NADH(aq),85LIE,311.15,0.25,8.09,,2.37E0,,
6,938,1,4,48,dihydro-{\alpha}-lipoate(aq) + NAD(aq) ={\alpha}-lipoate(aq) + NADH(aq),85LIE,311.15,0.25,8.12,,2.04E0,,
6,938,1,4,49,dihydro-{\alpha}-lipoate(aq) + NAD(aq) ={\alpha}-lipoate(aq) + NADH(aq),85LIE,311.15,0.25,8.27,,3.55E0,,
6,938,1,4,50,dihydro-{\alpha}-lipoate(aq) + NAD(aq) ={\alpha}-lipoate(aq) + NADH(aq),85LIE,311.15,0.25,8.29,,2.75E0,,
6,938,1,4,51,dihydro-{\alpha}-lipoate(aq) + NAD(aq) ={\alpha}-lipoate(aq) + NADH(aq),85LIE,311.15,0.25,8.39,,3.55E0,,
6,938,1,4,52,dihydro-{\alpha}-lipoate(aq) + NAD(aq) ={\alpha}-lipoate(aq) + NADH(aq),85LIE,311.15,0.25,8.49,,3.86E0,,
6,938,1,4,53,dihydro-{\alpha}-lipoate(aq) + NAD(aq) ={\alpha}-lipoate(aq) + NADH(aq),85LIE,311.15,0.25,8.49,,6.55E0,,
,,,,,,,,,,,,,
,,,,,,,,,,,,,
6,939,1,1,1,H2O2(aq) = 0.5 O2(aq) + H2O(l),72NEL/KIE,298.15,,,,,-100.4,
6,939,1,2,1,H2O2(aq) = 0.5 O2(aq) + H2O(l),95LIA/WAN,298.15,,7,,,-83.7,
6,939,1,3,1,H22(aq) = 0.5 O2(aq) + H2O(l),97LIA/WU,298.15,,7,,,-88.88,
6,939,1,4,1,H2O2(aq) + reduced thiocyanate(aq) = oxidized thiocyanate(aq) + H2O(l),86PRU/TEN,310.15,,7,,3.80E3,,
6,939,2,1,1,dodecanal(aq) + reduced riboflavin 5'-phosphate(aq) + O2(aq) = dodecanoic acid(aq) + oxidized riboflavin 5'-phosphate(aq) + H2O(l),75MAN/LAN,280.15,,7,,,-350,
6,939,2,1,2,dodecanal(aq) + reduced riboflavin 5'-phosphate(aq) + O2(aq) = dodecanoic acid(aq) + oxidized riboflavin 5'-phosphate(aq) + H2O(l),75MAN/LAN,298.15,,7,,,-308,
6,939,2,2,1,(+)-camphor(aq) + NADH(aq) + O2(aq) = (+)-5-exo-hydroxycamphor(aq) + NAD(aq) + H2O(l),69PET/MCK,298.15,,7.4,,,-405.8,
6,939,2,3,1,"5,10-methylenetetrahydrofolate(aq) + glycine(aq) + H2O(l) = 5,6,7,8-tetrahydrofolate(aq) + L-serine(aq)",77SCH/TAT,303.15,,7.3,,1.25E-1,,
6,939,2,3,2,"5,10-methylenetetrahydrofolate(aq) + glycine(aq) + H2O(l) = 5,6,7,8-tetrahydrofolate(aq) + L-serine(aq)",77SCH/TAT,308.15,,7.5,,8.30E-2,,
6,940,1,1,1,"5,10-methylenetetrahydrofolate(aq) + glycine(aq) + H2O(l) = 5,6,7,8-tetrahydrofolate(aq) + L-serine(aq)",93BES/REB,310.15,,7.4,,6.70E-2,,
6,940,1,2,1,"tetraglutamyl-5,10-methylenetetrahydrofolate(aq) + glycine(aq) + H2O(l) = tetraglutamyl-5,6,7,8-tetrahydrofolate(aq) + L-serine(aq)",93BES/REB,310.15,,7.4,,6.30E-2,,
6,940,1,3,1,acetyl-CoA(aq) + L-serine(aq) = CoA(aq) + O-acetyl-L-serine(aq),94LEU/COO,298.15,,6,,1.50E1,,
6,940,1,4,1,UDPglucose(aq) + D-fructose(aq) = UDP(aq) + sucrose(aq),97DEJ/ROC,303.15,,7,,6.70E0,,
6,940,1,4,2,UDPglucose(aq) + D-fructose(aq) = UDP(aq) + sucrose(aq),97DEJ/ROC,303.15,,9.4,,2.50E2,,
6,940,2,1,1,Gu(aq) = cyclomaltohexaose(aq) + G(u-6)(aq),50PAZ,311.15,,6.5,,1.34E-2,,
6,940,2,2,1,Gu(aq) = cyclomaltohexaose(aq) + G(u-6)(aq),97TEW/GOL,329.6,,5.55,,2.29E-2,,
6,940,2,3,1,Gv(aq) = cyclomaltoheptaose(aq) + G(v-7)(aq),50PAZ,311.15,,6.5,,3.34E-2,,
6,940,2,4,1,Gv(aq) = cyclomaltoheptaose(aq) + G(v-7)(aq),97TEW/GOL,329.6,,5.55,,3.90E-2,,
6,941,1,1,1,Gw(aq) = cyclomaltooctaose(aq) + G(w-8)(aq),50PAZ,311.15,,6.5,,1.94E-2,,
6,941,1,2,1,Gw(aq) = cyclomaltooctaose(aq) + G(w-8)(aq),97TEW/GOL,329.6,,5.55,,1.03E-2,,
6,941,1,3,1,cyclomaltohexaose(aq) + 6 H2O(l) = 6 D-glucose(aq),97TEW/GOL,298.15,,4.58,,,-50.85,
6,941,1,4,1,cellobiose(aq) + orthophosphate(aq) = D-glucose(aq) + {\alpha}-D-glucose 1-phosphate(aq),61ALE,310.15,,7,,2.30E-1,,
6,941,2,1,1,(Z)-phosphoenolbutyrate(aq) + UDP-N-acetyl-D-glucosamine(aq) = orthophosphate(aq) + (Z)-enolbutyryl-UDP-N-acetylglucosamine(aq),95LEE/WAL,298.15,,8,,6.50E1,,
6,941,2,2,1,reduced glutathione(aq) + ethyl-(E)-2-octenoate(aq)= glutathionyl-ethyl-(E)-2-octenoate(aq),94CHI/KIR,298.15,,7.4,,4.35E2,,
6,941,2,3,1,reduced glutathione(aq) + methyl-(E)-2-octenoate(aq) = glutathionyl-methyl-(E)-2-octenoate(aq),94CHI/KIR,298.15,,7.4,,2.12E2,,
6,941,2,4,1,reduced glutathione(aq) + (E)-3-nonen-2-one(aq) = glutathionyl-(E)-3-nonen-2-one(aq),94CHI/KIR,298.15,,7.4,,2.60E3,,
6,942,1,1,1,reduced glutathione(aq) + (E)-2-octenal(aq) = glutathionyl-(E)-2-octenal(aq),94CHI/KIR,298.15,,7.4,,7.10E3,,
6,942,1,2,1,reduced glutathione(aq) + (E)-4-phenyl-3-buten-2-one(aq) = 4-(glutathionyl)-4-phenyl-2-butanone(aq),95CHE/ARM,298.15,,8,,6.40E2,,
6,942,1,3,1,L-aspartate(aq) + 2-oxoglutarate(aq) = oxaloacetate(aq) + L-glutamate(aq),98KIS/TEW2,283.15,,7,,1.33E-1,,I_m = 0.163 mol/kg; [PDF says: EC number is 2.6.1.1]
6,942,1,3,2,L-aspartate(aq) + 2-oxoglutarate(aq) = oxaloacetate(aq) + L-glutamate(aq),98KIS/TEW2,288.15,,7.12,,1.44E-1,,I_m = 0.167 mol/kg; [PDF says: EC number is 2.6.1.1]
6,942,1,3,3,L-aspartate(aq) + 2-oxoglutarate(aq) = oxaloacetate(aq) + L-glutamate(aq),98KIS/TEW2,292.65,,7.07,,1.33E-1,,I_m = 0.165 mol/kg; [PDF says: EC number is 2.6.1.1]
6,942,1,3,4,L-aspartate(aq) + 2-oxoglutarate(aq) = oxaloacetate(aq) + L-glutamate(aq),98KIS/TEW2,298.15,,7.13,,1.43E-1,,I_m = 0.164 mol/kg; [PDF says: EC number is 2.6.1.1]
6,942,1,3,5,L-aspartate(aq) + 2-oxoglutarate(aq) = oxaloacetate(aq) + L-glutamate(aq),98KIS/TEW2,303.15,,6.94,,1.45E-1,,I_m = 0.163 mol/kg; [PDF says: EC number is 2.6.1.1]
6,942,2,1,1,L-alanine(aq) + 2-oxoglutarate(aq) = pyruvate(aq) + L-glutamate(aq),68BRO,311.15,0.25,7,,6.80E-1,,
6,942,2,2,1,L-alanine(aq) + 2-oxoglutarate(aq) = pyruvate(aq) + L-glutamate(aq),70BRO/KRE,311.15,0.25,7,,6.80E-1,,
6,942,2,3,1,L-alanine(aq) + 2-oxoglutarate(aq) = pyruvate(aq) + L-glutamate(aq),98TEW/KIS,298.15,,6.6,,7.20E-1,,I_m = 0.15 mol/kg
6,942,2,3,2,L-alanine(aq) + 2-oxoglutarate(aq) = pyruvate(aq) + L-glutamate(aq),98TEW/KIS,298.15,,7.23,,7.80E-1,,I_m = 0.19 mol/kg
6,942,2,4,1,L-alanine(aq) + 2-oxoglutarate(aq) = pyruvate(aq) + L-glutamate(aq),98TEW/KIS,298.15,,7.37,,,5.2,I_m = 0.34 mol/kg
6,943,1,1,1,L-phenylalanine(aq) + 2-oxoglutarate(aq) = phenylpyruvate(aq) + L-glutamate(aq),98TEW/KIS,298.15,,7.46,,1.02E0,,I_m = 0.32 mol/kg
6,943,1,1,2,L-phenylalanine(aq) + 2-oxoglutarate(aq) = phenylpyruvate(aq) + L-glutamate(aq),98TEW/KIS,298.15,,7.57,,1.07E0,,I_m = 0.33 mol/kg
6,943,1,2,1,L-phenylalanine(aq) + 2-oxoglutarate(aq) = phenylpyruvate(aq) + L-glutamate(aq),98TEW/KIS,298.15,,7.3,,,8.3,I_m = 0.34 mol/kg
6,943,1,3,1,L-tyrosine(aq) + 2-oxoglutarate(aq) = 4-hydroxyphenylpyruvate(aq) + L-glutamate(aq),98TEW/KIS,298.15,,7.45,,8.80E-1,,I_m = 0.32 mol/kg
6,943,1,3,2,L-tyrosine(aq) + 2-oxoglutarate(aq) = 4-hydroxyphenylpyruvate(aq) + L-glutamate(aq),98TEW/KIS,298.15,,7.74,,8.76E-1,,I_m = 0.33 mol/kg
6,943,2,1,1,L-tyrosine(aq) + 2-oxoglutarate(aq) = 4-hydroxyphenylpyruvate(aq) + L-glutamate(aq),98TEW/KIS,298.15,,7.64,,,8.4,I_m = 0.34 mol/kg
6,943,2,2,1,L-leucine(aq) + 2-oxoglutarate(aq) = 4-methyl-2-oxopentanooate(aq) + L-glutamate(aq),70JEN/TAY,310.15,,8.6,,1.75E0,,"[corrects https://w3id.org/related-to/doi.org/10.5281/zenodo.3978439/files/TECRDB.csv#entry1816 , where pH was wrong]"
,,,,,,,,,,,,,
6,943,2,3,1,"L-alanine(aq) + 3-aminopropionaldehyde(aq) = pyruvate(aq) + 1,3-diaminopropane(aq)",97YOR/ISH,303.15,,9,,2.90E0,,
6,944,1,1,1,ATP(aq) + choline(aq) = ADP(aq) + O-phosphocholine(aq),98KIM/VOE,303.15,,9.5,,2.00E-1,,
6,944,1,2,1,ATP(aq) + 3-phospho-D-glycerate(aq) = ADP(aq) + 3-phospho-D-glyceroyl phosphate(aq),95SCH/TRA,277.15,,7.5,,1.50E-4,,Cosolvent = none
6,944,1,2,2,ATP(aq) + 3-phospho-D-glycerate(aq) = ADP(aq) + 3-phospho-D-glyceroyl phosphate(aq),95SCH/TRA,277.15,,7.5,,8.00E-5,,"Cosolvent = ethylene glycol, 40%"
6,944,1,3,1,phosphocreatine(aq) + cyclocreatine(aq) = creatine(aq) + phosphocyclocreatine(aq),95WIS/KUS,296.15,,7,,3.43E1,,
6,944,1,4,1,phosphocreatine(aq) + {\beta}-guanadinopropionate(aq) = creatine(aq) + {\beta}-phosphoguanadinopropionate(aq),86MEY/BRO,298.15,,7.06,,3.06E0,,
6,944,2,1,1,phosphocreatine(aq) + {\beta}-guanidinopropionate(aq) = creatine(aq) + {\beta}-phosphoguanidinopropionate(aq),95WIS/KUS,296.15,,7,,3.10E0,,
6,944,2,2,1,ATP(aq) + L-arginine(aq) = ADP(aq) + N{\omega}-phospho-L-arginine(aq),97CHA,298.15,,7.2,,1.75E1,,
6,944,2,3,1,ATP(aq) + taurocyamine(aq) = ADP(aq) + N{\omega}-phosphotaurocyamine(aq),95KAM/JUR,285.15,,7.3,,1.00E9,,
6,944,2,4,1,2 ADP(aq) = AMP(aq) + ATP(aq),95KAM/JUR,285.15,,7.3,,3.60E-1,,
6,945,1,1,1,ATP(aq) + GMP(aq) = ADP(aq) + GDP(aq),96LI/ZHA,298.15,,7.5,2.25,1.50E0,,c(MgCl2) mol.dm-3 0.0056
6,945,1,1,2,ATP(aq) + GMP(aq) = ADP(aq) + GDP(aq),96LI/ZHA,298.15,,7.5,1.89,3.10E0,,c(MgCl2) mol.dm-3 0.013
6,945,1,1,3,ATP(aq) + GMP(aq) = ADP(aq) + GDP(aq),96LI/ZHA,298.15,,7.5,1.7,5.20E0,,c(MgCl2) mol.dm-3 0.020
6,945,1,1,4,ATP(aq) + GMP(aq) = ADP(aq) + GDP(aq),96LI/ZHA,298.15,,7.5,1.35,5.30E0,,c(MgCl2) mol.dm-3 0.045
6,945,1,1,5,ATP(aq) + GMP(aq) = ADP(aq) + GDP(aq),96LI/ZHA,298.15,,7.7,2.3,2.10E0,,c(MgCl2) mol.dm-3 0.0050
6,945,1,2,1,UTP(aq) + {\alpha}-D-glucose 1-phosphate(aq) = pyrophosphate(aq) + UDPglucose(aq),69TSU/FUK,303.15,,8.5,,2.60E-1,,
6,945,1,3,1,ATP(aq) + [L-glutamate:ammonia ligase(ADP-forming)](aq) = pyrophosphate(aq) + adenylyl-[L-glutamate:ammonia ligase(ADP-forming)](aq),71WOH,278.5,,7.4,2,5.74E1,,c(MgSO4)mol.dm-3 0.010 ; pMg 2.0
6,945,1,3,2,ATP(aq) + [L-glutamate:ammonia ligase(ADP-forming)](aq) = pyrophosphate(aq) + adenylyl-[L-glutamate:ammonia ligase(ADP-forming)](aq),71WOH,283.2,,7.4,2,2.88E1,,c(MgSO4)mol.dm-3 0.010 ; pMg 2.0
6,945,1,3,3,ATP(aq) + [L-glutamate:ammonia ligase(ADP-forming)](aq) = pyrophosphate(aq) + adenylyl-[L-glutamate:ammonia ligase(ADP-forming)](aq),71WOH,288,,7.4,2,2.18E1,,c(MgSO4)mol.dm-3 0.010 ; pMg 2.0
6,945,1,3,4,ATP(aq) + [L-glutamate:ammonia ligase(ADP-forming)](aq) = pyrophosphate(aq) + adenylyl-[L-glutamate:ammonia ligase(ADP-forming)](aq),71WOH,298.2,,7.4,2,1.96E1,,c(MgSO4)mol.dm-3 0.010 ; pMg 2.0
6,945,1,3,5,ATP(aq) + [L-glutamate:ammonia ligase(ADP-forming)](aq) = pyrophosphate(aq) + adenylyl-[L-glutamate:ammonia ligase(ADP-forming)](aq),71WOH,303,,7.4,2,1.78E1,,c(MgSO4)mol.dm-3 0.010 ; pMg 2.0
6,945,1,3,6,ATP(aq) + [L-glutamate:ammonia ligase(ADP-forming)](aq) = pyrophosphate(aq) + adenylyl-[L-glutamate:ammonia ligase(ADP-forming)](aq),71WOH,303.15,,6.73,2,5.00E0,,c(MgSO4)mol.dm-3 0.010
6,945,1,3,7,ATP(aq) + [L-glutamate:ammonia ligase(ADP-forming)](aq) = pyrophosphate(aq) + adenylyl-[L-glutamate:ammonia ligase(ADP-forming)](aq),71WOH,303.15,,7,2,1.29E1,,c(MgSO4)mol.dm-3 0.010
6,945,1,3,8,ATP(aq) + [L-glutamate:ammonia ligase(ADP-forming)](aq) = pyrophosphate(aq) + adenylyl-[L-glutamate:ammonia ligase(ADP-forming)](aq),71WOH,303.15,,7.03,2,1.28E1,,c(MgSO4)mol.dm-3 0.010
6,945,1,3,9,ATP(aq) + [L-glutamate:ammonia ligase(ADP-forming)](aq) = pyrophosphate(aq) + adenylyl-[L-glutamate:ammonia ligase(ADP-forming)](aq),71WOH,303.15,,7.4,,4.20E0,,c(MgSO4)mol.dm-3 0.0027
6,945,1,3,10,ATP(aq) + [L-glutamate:ammonia ligase(ADP-forming)](aq) = pyrophosphate(aq) + adenylyl-[L-glutamate:ammonia ligase(ADP-forming)](aq),71WOH,303.15,,7.4,2.3,1.23E1,,c(MgSO4)mol.dm-3 0.005
6,945,1,3,11,ATP(aq) + [L-glutamate:ammonia ligase(ADP-forming)](aq) = pyrophosphate(aq) + adenylyl-[L-glutamate:ammonia ligase(ADP-forming)](aq),71WOH,303.15,,7.4,2,2.36E1,,c(MgSO4)mol.dm-3 0.010
6,945,1,3,12,ATP(aq) + [L-glutamate:ammonia ligase(ADP-forming)](aq) = pyrophosphate(aq) + adenylyl-[L-glutamate:ammonia ligase(ADP-forming)](aq),71WOH,303.15,,7.4,1.7,3.82E1,,c(MgSO4)mol.dm-3 0.020
6,945,1,3,13,ATP(aq) + [L-glutamate:ammonia ligase(ADP-forming)](aq) = pyrophosphate(aq) + adenylyl-[L-glutamate:ammonia ligase(ADP-forming)](aq),71WOH,303.15,,7.57,2,4.82E1,,c(MgSO4)mol.dm-3 0.010
6,945,1,3,14,ATP(aq) + [L-glutamate:ammonia ligase(ADP-forming)](aq) = pyrophosphate(aq) + adenylyl-[L-glutamate:ammonia ligase(ADP-forming)](aq),71WOH,309.5,,7.4,2,1.85E1,,pMg 2.0
6,945,2,1,1,UDPglucose(aq) + imidazole(aq) = {\alpha}-D-glucose 1-phosphate(aq) + UMPimidazole(aq),96ARA/RUZ,300.15,,7,,6.40E-4,,buffer = MOPS
6,945,2,1,2,UDPglucose(aq) + imidazole(aq) = {\alpha}-D-glucose 1-phosphate(aq) + UMPimidazole(aq),96ARA/RUZ,300.15,,8.5,,2.20E-2,,buffer = Tricine
6,945,2,2,1,1-dodecanoic acid (sln) + 1-dodecanol(sln) = dodecyldodecanoate(sln) + H2O(sln) ,98TEW,298.15,,,,,,[TODO: add solvent column]
6,945,2,2,2,1-dodecanoic acid (sln) + 1-dodecanol(sln) = dodecyldodecanoate(sln) + H2O(sln) ,98TEW,298.15,,,,,,[TODO: add solvent column]
6,945,2,2,3,1-dodecanoic acid (sln) + 1-dodecanol(sln) = dodecyldodecanoate(sln) + H2O(sln) ,98TEW,298.15,,,,,,[TODO: add solvent column]
6,945,2,2,4,1-dodecanoic acid (sln) + 1-dodecanol(sln) = dodecyldodecanoate(sln) + H2O(sln) ,98TEW,298.15,,,,,,[TODO: add solvent column]
6,945,2,2,5,1-dodecanoic acid (sln) + 1-dodecanol(sln) = dodecyldodecanoate(sln) + H2O(sln) ,98TEW,298.15,,,,,,[TODO: add solvent column]
6,946,1,1,1,1-dodecanoic acid(sln) + (-)-menthol(sln) = (-)-menthyl dodecanoate(sln) + H2O(sln),99TEW/SCH,298.15,,,,,,"[TODO: add solvent column]; [this data is presented later again in part 7, page 1369, col 2, table 1; this occurence in part 6 is considered the authoritative one]"
6,946,1,1,2,1-dodecanoic acid(sln) + (-)-menthol(sln) = (-)-menthyl dodecanoate(sln) + H2O(sln),99TEW/SCH,298.15,,,,,,"[TODO: add solvent column]; [this data is presented later again in part 7, page 1369, col 2, table 1; this occurence in part 6 is considered the authoritative one]"
6,946,1,1,3,1-dodecanoic acid(sln) + (-)-menthol(sln) = (-)-menthyl dodecanoate(sln) + H2O(sln),99TEW/SCH,298.15,,,,,,"[TODO: add solvent column]; [this data is presented later again in part 7, page 1369, col 2, table 1; this occurence in part 6 is considered the authoritative one]"
6,946,1,1,4,1-dodecanoic acid(sln) + (-)-menthol(sln) = (-)-menthyl dodecanoate(sln) + H2O(sln),99TEW/SCH,298.15,,,,,,"[TODO: add solvent column]; [this data is presented later again in part 7, page 1369, col 2, table 1; this occurence in part 6 is considered the authoritative one]"
6,946,1,1,5,1-dodecanoic acid(sln) + (-)-menthol(sln) = (-)-menthyl dodecanoate(sln) + H2O(sln),99TEW/SCH,298.15,,,,,,"[TODO: add solvent column]; [this data is presented later again in part 7, page 1369, col 2, table 1; this occurence in part 6 is considered the authoritative one]"
6,946,1,1,6,1-dodecanoic acid(sln) + (-)-menthol(sln) = (-)-menthyl dodecanoate(sln) + H2O(sln),99TEW/SCH,298.15,,,,,,"[TODO: add solvent column]; [this data is presented later again in part 7, page 1369, col 2, table 1; this occurence in part 6 is considered the authoritative one]"
6,946,1,1,7,1-dodecanoic acid(sln) + (-)-menthol(sln) = (-)-menthyl dodecanoate(sln) + H2O(sln),99TEW/SCH,298.15,,,,,,"[TODO: add solvent column]; [this data is presented later again in part 7, page 1369, col 2, table 1; this occurence in part 6 is considered the authoritative one]"
6,946,1,2,1,"tributyrylglycerol(sln) + (R)-2-decanol(sln) = (R)-2-decyl-butyrate(sln) + glycerol-1,2-dibutyrate(sln)",96HIR/MAY,303.15,,,,,,[TODO: add solvent column]
6,946,1,2,2,"tributyrylglycerol(sln) + (R)-2-decanol(sln) = (R)-2-decyl-butyrate(sln) + glycerol-1,2-dibutyrate(sln)",96HIR/MAY,303.15,,,,,,[TODO: add solvent column]
6,946,1,2,3,"tributyrylglycerol(sln) + (R)-2-decanol(sln) = (R)-2-decyl-butyrate(sln) + glycerol-1,2-dibutyrate(sln)",96HIR/MAY,303.15,,,,,,[TODO: add solvent column]
6,946,1,2,4,"tributyrylglycerol(sln) + (R)-2-decanol(sln) = (R)-2-decyl-butyrate(sln) + glycerol-1,2-dibutyrate(sln)",96HIR/MAY,303.15,,,,,,[TODO: add solvent column]
6,946,1,3,1,"tributyrylglycerol(sln) + (R)-2-dodecanol(sln) = (R)-2-dodecyl butyrate(sln) + glycerol-1,2-dibutyrate(sln)",96HIR/MAY,303.15,,,,,,[TODO: add solvent column]
6,946,1,3,2,"tributyrylglycerol(sln) + (R)-2-dodecanol(sln) = (R)-2-dodecyl butyrate(sln) + glycerol-1,2-dibutyrate(sln)",96HIR/MAY,303.15,,,,,,[TODO: add solvent column]
6,946,1,3,3,"tributyrylglycerol(sln) + (R)-2-dodecanol(sln) = (R)-2-dodecyl butyrate(sln) + glycerol-1,2-dibutyrate(sln)",96HIR/MAY,303.15,,,,,,[TODO: add solvent column]
6,946,1,3,4,"tributyrylglycerol(sln) + (R)-2-dodecanol(sln) = (R)-2-dodecyl butyrate(sln) + glycerol-1,2-dibutyrate(sln)",96HIR/MAY,303.15,,,,,,[TODO: add solvent column]
6,946,2,1,1,"tributyrylglycerol(sln) + (R)-2-heptanol(sln) = (R)-2-heptyl butyrate(sln) + glycerol-1,2-dibutyrate(sln)",96HIR/MAY,303.15,,,,,,[TODO: add solvent column]
6,946,2,1,2,"tributyrylglycerol(sln) + (R)-2-heptanol(sln) = (R)-2-heptyl butyrate(sln) + glycerol-1,2-dibutyrate(sln)",96HIR/MAY,303.15,,,,,,[TODO: add solvent column]
6,946,2,1,3,"tributyrylglycerol(sln) + (R)-2-heptanol(sln) = (R)-2-heptyl butyrate(sln) + glycerol-1,2-dibutyrate(sln)",96HIR/MAY,303.15,,,,,,[TODO: add solvent column]
6,946,2,1,4,"tributyrylglycerol(sln) + (R)-2-heptanol(sln) = (R)-2-heptyl butyrate(sln) + glycerol-1,2-dibutyrate(sln)",96HIR/MAY,303.15,,,,,,[TODO: add solvent column]
6,946,2,2,1,"tributyrylglycerol(sln) + (R)-2-nonanol(sln) = (R)-2-nonyl butyrate(sln) + glycerol-1,2-dibutyrate(sln)",96HIR/MAY,303.15,,,,,,[TODO: add solvent column]
6,946,2,2,2,"tributyrylglycerol(sln) + (R)-2-nonanol(sln) = (R)-2-nonyl butyrate(sln) + glycerol-1,2-dibutyrate(sln)",96HIR/MAY,303.15,,,,,,[TODO: add solvent column]
6,946,2,2,3,"tributyrylglycerol(sln) + (R)-2-nonanol(sln) = (R)-2-nonyl butyrate(sln) + glycerol-1,2-dibutyrate(sln)",96HIR/MAY,303.15,,,,,,[TODO: add solvent column]
6,946,2,2,4,"tributyrylglycerol(sln) + (R)-2-nonanol(sln) = (R)-2-nonyl butyrate(sln) + glycerol-1,2-dibutyrate(sln)",96HIR/MAY,303.15,,,,,,[TODO: add solvent column]
6,946,2,3,1,"tributyrylglycerol(sln) + (R)-2-octanol(sln) = (R)-2-octyl butyrate(sln) + glycerol-1,2-dibutyrate(sln)",96HIR/MAY,303.15,,,,,,[TODO: add solvent column]
6,946,2,3,2,"tributyrylglycerol(sln) + (R)-2-octanol(sln) = (R)-2-octyl butyrate(sln) + glycerol-1,2-dibutyrate(sln)",96HIR/MAY,303.15,,,,,,[TODO: add solvent column]
6,946,2,3,3,"tributyrylglycerol(sln) + (R)-2-octanol(sln) = (R)-2-octyl butyrate(sln) + glycerol-1,2-dibutyrate(sln)",96HIR/MAY,303.15,,,,,,[TODO: add solvent column]
6,946,2,3,4,"tributyrylglycerol(sln) + (R)-2-octanol(sln) = (R)-2-octyl butyrate(sln) + glycerol-1,2-dibutyrate(sln)",96HIR/MAY,303.15,,,,,,[TODO: add solvent column]
6,947,1,1,1,"tributyrylglycerol(sln) + (R)-2-undecanol(sln) = (R)-2-undecyl butyrate(sln) + glycerol-1,2-dibutyrate(sln)",96HIR/MAY,303.15,,,,,,[TODO: add solvent column]
6,947,1,1,2,"tributyrylglycerol(sln) + (R)-2-undecanol(sln) = (R)-2-undecyl butyrate(sln) + glycerol-1,2-dibutyrate(sln)",96HIR/MAY,303.15,,,,,,[TODO: add solvent column]
6,947,1,1,3,"tributyrylglycerol(sln) + (R)-2-undecanol(sln) = (R)-2-undecyl butyrate(sln) + glycerol-1,2-dibutyrate(sln)",96HIR/MAY,303.15,,,,,,[TODO: add solvent column]
6,947,1,1,4,"tributyrylglycerol(sln) + (R)-2-undecanol(sln) = (R)-2-undecyl butyrate(sln) + glycerol-1,2-dibutyrate(sln)",96HIR/MAY,303.15,,,,,,[TODO: add solvent column]
6,947,1,2,1,"3,4,5-trihydroxybenzoic acid propyl ester(aq) + H2O(l) = 3,4,5-trihydroxybenzoate(aq) + 1-propanol(aq)",96TEW/SCH,293.15,,5.33,,126,,I_m = 0.080 mol/kg
6,947,1,2,2,"3,4,5-trihydroxybenzoic acid propyl ester(aq) + H2O(l) = 3,4,5-trihydroxybenzoate(aq) + 1-propanol(aq)",96TEW/SCH,293.15,,5.31,,119,,I_m = 0.080 mol/kg
6,947,1,2,3,"3,4,5-trihydroxybenzoic acid propyl ester(aq) + H2O(l) = 3,4,5-trihydroxybenzoate(aq) + 1-propanol(aq)",96TEW/SCH,298.15,,4.99,,57.3,,I_m = 0.052 mol/kg
6,947,1,2,4,"3,4,5-trihydroxybenzoic acid propyl ester(aq) + H2O(l) = 3,4,5-trihydroxybenzoate(aq) + 1-propanol(aq)",96TEW/SCH,298.15,,5,,61.1,,I_m = 0.052 mol/kg
6,947,1,2,5,"3,4,5-trihydroxybenzoic acid propyl ester(aq) + H2O(l) = 3,4,5-trihydroxybenzoate(aq) + 1-propanol(aq)",96TEW/SCH,298.15,,5.32,,122.1,,I_m = 0.080 mol/kg
6,947,1,2,6,"3,4,5-trihydroxybenzoic acid propyl ester(aq) + H2O(l) = 3,4,5-trihydroxybenzoate(aq) + 1-propanol(aq)",96TEW/SCH,298.15,,5.36,,117,,I_m = 0.082 mol/kg
6,947,1,2,7,"3,4,5-trihydroxybenzoic acid propyl ester(aq) + H2O(l) = 3,4,5-trihydroxybenzoate(aq) + 1-propanol(aq)",96TEW/SCH,298.15,,5.38,,147,,I_m = 0.084 mol/kg
6,947,1,2,8,"3,4,5-trihydroxybenzoic acid propyl ester(aq) + H2O(l) = 3,4,5-trihydroxybenzoate(aq) + 1-propanol(aq)",96TEW/SCH,298.15,,5.39,,128,,I_m = 0.085 mol/kg
6,947,1,2,9,"3,4,5-trihydroxybenzoic acid propyl ester(aq) + H2O(l) = 3,4,5-trihydroxybenzoate(aq) + 1-propanol(aq)",96TEW/SCH,298.15,,5.91,,435,,I_m = 0.109 mol/kg
6,947,1,2,10,"3,4,5-trihydroxybenzoic acid propyl ester(aq) + H2O(l) = 3,4,5-trihydroxybenzoate(aq) + 1-propanol(aq)",96TEW/SCH,298.15,,5.91,,448,,I_m = 0.111 mol/kg
6,947,1,2,11,"3,4,5-trihydroxybenzoic acid propyl ester(aq) + H2O(l) = 3,4,5-trihydroxybenzoate(aq) + 1-propanol(aq)",96TEW/SCH,298.15,,6.56,,2409,,I_m = 0.135 mol/kg
6,947,1,2,12,"3,4,5-trihydroxybenzoic acid propyl ester(aq) + H2O(l) = 3,4,5-trihydroxybenzoate(aq) + 1-propanol(aq)",96TEW/SCH,298.15,,6.56,,2820,,I_m = 0.135 mol/kg
6,947,1,2,13,"3,4,5-trihydroxybenzoic acid propyl ester(aq) + H2O(l) = 3,4,5-trihydroxybenzoate(aq) + 1-propanol(aq)",96TEW/SCH,303.15,,5.37,,121,,I_m = 0.082 mol/kg
6,947,1,2,14,"3,4,5-trihydroxybenzoic acid propyl ester(aq) + H2O(l) = 3,4,5-trihydroxybenzoate(aq) + 1-propanol(aq)",96TEW/SCH,303.15,,5.35,,123,,I_m = 0.081 mol/kg
6,947,1,2,15,"3,4,5-trihydroxybenzoic acid propyl ester(aq) + H2O(l) = 3,4,5-trihydroxybenzoate(aq) + 1-propanol(aq)",96TEW/SCH,308.15,,5.32,,114,,I_m = 0.081 mol/kg
6,947,1,2,16,"3,4,5-trihydroxybenzoic acid propyl ester(aq) + H2O(l) = 3,4,5-trihydroxybenzoate(aq) + 1-propanol(aq)",96TEW/SCH,308.15,,5.34,,124,,I_m = 0.081 mol/kg
6,947,2,1,1,"3,4,5-trihydroxybenzoic acid propyl ester(aq) + H2O(l) = 3,4,5-trihydroxybenzoate(aq) + 1-propanol(aq)",96TEW/SCH,298.15,,5.61,,,-8.33,I_m = 0.092 mol/kg
6,947,2,1,2,"3,4,5-trihydroxybenzoic acid propyl ester(aq) + H2O(l) = 3,4,5-trihydroxybenzoate(aq) + 1-propanol(aq)",96TEW/SCH,298.15,,6.18,,,-19.8,I_m = 0.027 mol/kg
6,947,2,2,1,"3,4,5-trihydroxybenzoic acid propyl ester(sln) + H2O(sln) = 3,4,5-trihydroxybenzoate(sln) + 1-propanol(sln)",96TEW/SCH,293.25,,,,,,
6,947,2,2,2,"3,4,5-trihydroxybenzoic acid propyl ester(sln) + H2O(sln) = 3,4,5-trihydroxybenzoate(sln) + 1-propanol(sln)",96TEW/SCH,298.25,,,,,,
6,947,2,2,3,"3,4,5-trihydroxybenzoic acid propyl ester(sln) + H2O(sln) = 3,4,5-trihydroxybenzoate(sln) + 1-propanol(sln)",96TEW/SCH,303.15,,,,,,
6,947,2,2,4,"3,4,5-trihydroxybenzoic acid propyl ester(sln) + H2O(sln) = 3,4,5-trihydroxybenzoate(sln) + 1-propanol(sln)",96TEW/SCH,308.15,,,,,,
6,947,2,3,1,dodecanal(aq) + reduced riboflavin 5'-phosphate(aq) + O2(aq) = dodecanoic acid(aq) + oxidized riboflavin 5'-phosphate(aq) + H2O(l),98LOV/LAU,308.15,,6,,13,,[Kprime reported with approximate sign]
6,948,1,1,1,guanosine 2':3'-(cyclic)phosphate(aq) + methanol(aq) = guanosine 3'-methylphosphate(aq),98LOV/LAU,308.15,,6,,0.95,,[Kprime reported with approximate sign]
6,948,1,2,1,uridine 2':3'-(cyclic)phosphate(aq) + H2O(l) = uridine 3'-monophosphate(aq),69ROS/HAM,298.15,,5,,440,,
6,948,1,3,1,cyclomaltoheptaose(aq) + 7 H2O(l) = 7 D-glucose(aq),97TEW/GOL,298.15,,5.14,,,-48.79,
6,948,1,4,1,cyclomaltooctaose(aq) + 8 H2O(l) = 8 D-glucose(aq),97TEW/GOL,298.15,,5.15,,,-52.29,
6,948,2,1,1,6-O-{\alpha}-D-galactopyranosyl-D-galactopyranose(aq) + H2O(l) = 2 D-galactose(aq),97PES/PRI,318.15,,4.5,,1.04E3,,
6,948,2,2,1,4-O-{\alpha}-D-glucopyranosyl-D-fructofuranose(aq) + H2O(l) = D-glucose(aq) + D-fructose(aq),97PES/PRI,318.15,,4.5,,372,,
6,948,2,3,1,3-O-{\alpha}-D-glucopyranosyl-lyxopyranose(aq) + H2O(l) = D-glucose(aq) + lyxose(aq),97PES/PRI,318.15,,4.5,,330,,
,,,,,,,,,,,,,
6,948,2,4,1,{\alpha}-isomaltose(aq) + H2O(l) = 2 D-glucose(aq),97PES/PRI,318.15,,4.5,,8.10E1,,
6,949,1,1,1,{\beta}-isomaltose(aq) + H2O(l) = 2 D-glucose(aq),97PES/PRI,318.15,,4.5,,6.50E1,,
,,,,,,,,,,,,,
6,949,1,2,1,1-O-{\alpha}-D-mannopyranosyl-D-mannofuranose(aq) + H2O(l) = 2 D-mannose(aq),97PES/PRI,318.15,,4.5,,1.26E3,,
6,949,1,3,1,6-O-{\alpha}-D-mannopyranose-D-mannopyranose(aq) + H2O(l) = 2 D-mannose(aq),97PES/PRI,318.15,,4.5,,4.20E2,,[Kprime reported with approximate sign]
6,949,1,4,1,{\alpha}-D-melibiose(aq) + H2O(l) = D-galactose(aq) + D-glucose(aq),97PES/PRI,318.15,,4.5,,5.30E1,,
6,949,2,1,1,{\beta}-D-melibiose(aq) + H2O(l) = D-galactose(aq) + D-glucose(aq),97PES/PRI,318.15,,4.5,,4.00E1,,
6,949,2,2,1,allolactose(aq) + H2O(l) = D-galactose(aq) + D-glucose(aq),92ELL/SRI,310.15,,7,,4.50E1,,
6,949,2,3,1,lactose(aq) + H2O(l) = D-galactose(aq) + D-glucose(aq),92ELL/SRI,310.15,,7,,1.52E2,,
6,949,2,4,1,lactulose(aq) + H2O(l) = D-galactose(aq) + D-fructose(aq),92ELL/SRI,310.15,,7,,4.00E1,,
6,950,1,1,1,sucrose(aq) + H2O(l) = D-glucose(aq) + D-fructose(aq),99HUT/OEH,298.15,,4.6,,,-15.5,"[the same data is presented in part 7, page 1373, col 1, table 2, but with a slightly different value (-15.4 kJ/mol). The data presented here in part 6 is considered the authoritative one]"
6,950,1,2,1,N-acetyl-L-phenylalanine ethyl ester(aq) + H2O(l) = N-acetyl-L-phenylalanine(aq) + ethanol(aq),95TEW/SCH,288.15,0.11,6.09,,3.55E3,,
6,950,1,2,2,N-acetyl-L-phenylalanine ethyl ester(aq) + H2O(l) = N-acetyl-L-phenylalanine(aq) + ethanol(aq),95TEW/SCH,288.15,0.11,6.29,,7.98E3,,
6,950,1,2,3,N-acetyl-L-phenylalanine ethyl ester(aq) + H2O(l) = N-acetyl-L-phenylalanine(aq) + ethanol(aq),95TEW/SCH,293.15,0.11,6.17,,2.27E3,,
6,950,1,2,4,N-acetyl-L-phenylalanine ethyl ester(aq) + H2O(l) = N-acetyl-L-phenylalanine(aq) + ethanol(aq),95TEW/SCH,293.15,0.13,6.39,,4.28E3,,
6,950,1,2,5,N-acetyl-L-phenylalanine ethyl ester(aq) + H2O(l) = N-acetyl-L-phenylalanine(aq) + ethanol(aq),95TEW/SCH,298.15,0.12,6.19,,4.04E3,,
6,950,1,2,6,N-acetyl-L-phenylalanine ethyl ester(aq) + H2O(l) = N-acetyl-L-phenylalanine(aq) + ethanol(aq),95TEW/SCH,298.15,0.13,6.44,,5.29E3,,
6,950,1,2,7,N-acetyl-L-phenylalanine ethyl ester(aq) + H2O(l) = N-acetyl-L-phenylalanine(aq) + ethanol(aq),95TEW/SCH,308.15,0.11,5.98,,1.63E3,,
6,950,1,2,8,N-acetyl-L-phenylalanine ethyl ester(aq) + H2O(l) = N-acetyl-L-phenylalanine(aq) + ethanol(aq),95TEW/SCH,308.15,0.12,6.23,,1.99E3,,
6,950,2,1,1,N-acetyl-L-phenylalanine ethyl ester(sln) + H2O(sln) = N-acetyl-L-phenylalanine(sln) + ethanol(sln),95TEW/SCH,283.15,,,,,,
6,950,2,1,2,N-acetyl-L-phenylalanine ethyl ester(sln) + H2O(sln) = N-acetyl-L-phenylalanine(sln) + ethanol(sln),95TEW/SCH,288.15,,,,,,
6,950,2,1,3,N-acetyl-L-phenylalanine ethyl ester(sln) + H2O(sln) = N-acetyl-L-phenylalanine(sln) + ethanol(sln),95TEW/SCH,293.25,,,,,,
6,950,2,1,4,N-acetyl-L-phenylalanine ethyl ester(sln) + H2O(sln) = N-acetyl-L-phenylalanine(sln) + ethanol(sln),95TEW/SCH,298.25,,,,,,
6,950,2,1,5,N-acetyl-L-phenylalanine ethyl ester(sln) + H2O(sln) = N-acetyl-L-phenylalanine(sln) + ethanol(sln),95TEW/SCH,283.15,,,,,,
6,950,2,1,6,N-acetyl-L-phenylalanine ethyl ester(sln) + H2O(sln) = N-acetyl-L-phenylalanine(sln) + ethanol(sln),95TEW/SCH,288.15,,,,,,
6,950,2,1,7,N-acetyl-L-phenylalanine ethyl ester(sln) + H2O(sln) = N-acetyl-L-phenylalanine(sln) + ethanol(sln),95TEW/SCH,293.25,,,,,,
6,950,2,1,8,N-acetyl-L-phenylalanine ethyl ester(sln) + H2O(sln) = N-acetyl-L-phenylalanine(sln) + ethanol(sln),95TEW/SCH,298.25,,,,,,
6,950,2,1,9,N-acetyl-L-phenylalanine ethyl ester(sln) + H2O(sln) = N-acetyl-L-phenylalanine(sln) + ethanol(sln),95TEW/SCH,283.15,,,,,,
6,950,2,1,10,N-acetyl-L-phenylalanine ethyl ester(sln) + H2O(sln) = N-acetyl-L-phenylalanine(sln) + ethanol(sln),95TEW/SCH,288.15,,,,,,
6,950,2,1,11,N-acetyl-L-phenylalanine ethyl ester(sln) + H2O(sln) = N-acetyl-L-phenylalanine(sln) + ethanol(sln),95TEW/SCH,293.25,,,,,,
6,950,2,1,12,N-acetyl-L-phenylalanine ethyl ester(sln) + H2O(sln) = N-acetyl-L-phenylalanine(sln) + ethanol(sln),95TEW/SCH,298.25,,,,,,
6,950,2,2,1,N-acetyl-L-tryptophan ethyl ester(aq) + H2O(l) = N-acetyl-L-tryptophan(aq) + ethanol(aq),71RAJ/LUM,298.15,0.1,7.5,,,-25.9,
6,950,2,3,1,N-acetyl-L-tyrosine ethyl ester(aq) + H2O(l) = N-acetyl-L-tyrosine(aq) + ethanol(aq),95LIU/ZEN,298.15,,7.8,,,-48.5,
6,951,1,1,1,2-propylhippurate(aq) + H2O(l) = 2-propanol(aq) + hippurate(aq),95LIU/ZEN,298.15,,7,,,-48.9,
6,951,1,2,1,N-(benzyloxycarbonyl)-L-aspartyl-L-phenylalanine methyl ester(aq) + H2O(l) = N-(benzyloxycarbonyl)-L-aspartic acid(aq) + L-phenylalanine methyl ester(aq),86NAK/KIM,313.15,,6,,7.90E-1,,
6,951,1,3,1,N-(benzyloxycarbonyl)-L-aspartyl-L-phenylalanine methyl ester(aq) + H2O(l) = N-(benzyloxycarbonyl)-L-aspartic acid(aq) + L-phenylalanine methyl ester(aq),84OYA/IRI,313.15,,6.5,,6.70E-1,,[pH with approximate sign]
6,951,1,4,1,L-asparagine(aq) + H2O(l) = L-aspartate(aq) + ammonia(aq),99KIS/TEW,298.15,,7.03,,,-25.63,I_m = 0.27 mol/kg
6,951,2,1,1,L-glutamine(aq) + H2O(l) = L-glutamate(aq) + ammonia(aq),99KIS/TEW,298.15,,5.14,,,-24.39,I_m = 0.11 mol/kg
6,951,2,2,1,ammonium carbamate(aq) + H2O(l) = 2 ammonia(aq) + carbon dioxide(aq),95HUT/BOH,298.15,,6.3,,,-18.2,
6,951,2,2,2,ammonium carbamate(aq) + H2O(l) = 2 ammonia(aq) + carbon dioxide(aq),95HUT/BOH,298.15,,6.86,,,-32.7,
6,951,2,2,3,ammonium carbamate(aq) + H2O(l) = 2 ammonia(aq) + carbon dioxide(aq),95HUT/BOH,298.15,,7,,,-14.7,
6,951,2,2,4,ammonium carbamate(aq) + H2O(l) = 2 ammonia(aq) + carbon dioxide(aq),95HUT/BOH,298.15,,8,,,8.7,
6,951,2,3,1,urea(aq) + 2 H2O(l) = 2 ammonia(aq) + carbon dioxide(aq),76SCH/KRI,300.15,,7,,,-7.10E0,"[same data point is presented in part 3, page 1076, col 2, table 3; the occurence here in part 6 is considered the authoritative one]"
6,951,2,3,2,urea(aq) + 2 H2O(l) = 2 ammonia(aq) + carbon dioxide(aq),76SCH/KRI,300.15,,8,,,-8.40E0,
6,952,1,1,1,urea(aq) + 2 H2O(l) = 2 ammonia(aq) + carbon dioxide(aq),95HUT/BOH,298.15,,6,,,-52.9,
6,952,1,1,2,urea(aq) + 2 H2O(l) = 2 ammonia(aq) + carbon dioxide(aq),95HUT/BOH,298.15,,6.3,,,-61,
6,952,1,1,3,urea(aq) + 2 H2O(l) = 2 ammonia(aq) + carbon dioxide(aq),95HUT/BOH,298.15,,6.5,,,-58.6,
6,952,1,1,4,urea(aq) + 2 H2O(l) = 2 ammonia(aq) + carbon dioxide(aq),95HUT/BOH,298.15,,6.86,,,-50.9,
6,952,1,1,5,urea(aq) + 2 H2O(l) = 2 ammonia(aq) + carbon dioxide(aq),95HUT/BOH,298.15,,7,,,-16.4,
6,952,1,1,6,urea(aq) + 2 H2O(l) = 2 ammonia(aq) + carbon dioxide(aq),95HUT/BOH,298.15,,7,,,-46,
6,952,1,1,7,urea(aq) + 2 H2O(l) = 2 ammonia(aq) + carbon dioxide(aq),95HUT/BOH,298.15,,7.6,,,-42,
6,952,1,2,1,urea(aq) + 2 H2O(l) = 2 ammonia(aq) + carbon dioxide(aq),95JUS/KOT,298.15,0.07,7,,,-59.6,
6,952,1,3,1,amoxicillin(aq) + H2O(l) = 6-aminopenicillanic acid(aq) + D-4-hydroxyphenylglycine(aq),98DIE/STR,298.15,,5,,2.86E0,,"[note that there is a version of this dataset with more accurate data in part 7, page 1374, col 1, table 1]"
6,952,1,3,2,amoxicillin(aq) + H2O(l) = 6-aminopenicillanic acid(aq) + D-4-hydroxyphenylglycine(aq),98DIE/STR,298.15,,5.6,,7.04E0,,"[note that there is a version of this dataset with more accurate data in part 7, page 1374, col 1, table 1]"
6,952,1,3,3,amoxicillin(aq) + H2O(l) = 6-aminopenicillanic acid(aq) + D-4-hydroxyphenylglycine(aq),98DIE/STR,298.15,,6,,1.77E1,,"[note that there is a version of this dataset with more accurate data in part 7, page 1374, col 1, table 1]"
6,952,2,1,1,N-acetyl-L-methionine(aq) + H2O(l) = L-methionine(aq) + acetate(aq),95BIS/KRA,310.15,,7,,2.70E0,,
6,952,2,2,1,ampicillin(aq) + H2O(l) = 6-aminopenicillanic acid(aq) + D(-)-{\alpha}-aminophenylacetic acid(aq),93BLI/MAR,298.15,,5.5,,1.80E-1,,
6,952,2,3,1,cephalexin(aq) + H2O(l) = 7-aminodeacetoxycephalosporanic acid(aq) + D(-)-{\alpha}-aminophenylacetic acid(aq),93BLI/MAR,298.15,,5.25,,1.20E-1,,
6,952,2,4,1,L-arginine(aq) + H2O(l) = L-ornithine(aq) + urea(aq),95LIA/WAN2,298.15,,9.4,,,-17.8,
6,953,1,1,1,L-arginine(aq) + H2O(l) = L-ornithine(aq) + urea(aq),95LIU/ZEN,298.15,,9.5,,,-18.1,
6,953,1,2,1,N-acetylneuraminate(aq) = N-acetyl-D-mannosamine(aq) + pyruvate(aq),62BRU/JOU,310.15,,7.2,,9.60E-2,,
6,953,1,3,1,N-acetylneuraminate(aq) = N-acetyl-D-mannosamine(aq) + pyruvate(aq),84UCH/TSU,310.15,,7.7,,8.00E-2,,
6,953,1,4,1,N-acetylneuraminate(aq) = N-acetyl-D-mannosamine(aq) + pyruvate(aq),91KRA/GYG,283.15,,7.5,,1.20E-2,,
6,953,1,4,2,N-acetylneuraminate(aq) = N-acetyl-D-mannosamine(aq) + pyruvate(aq),91KRA/GYG,298.15,,7.5,,3.48E-2,,
6,953,2,1,1,N-acetylneuraminate(aq) = N-acetyl-D-mannosamine(aq) + pyruvate(aq),92KRA,278.3,,7.5,,8.98E-3,,
6,953,2,1,2,N-acetylneuraminate(aq) = N-acetyl-D-mannosamine(aq) + pyruvate(aq),92KRA,287.9,,7.5,,1.65E-2,,
6,953,2,1,3,N-acetylneuraminate(aq) = N-acetyl-D-mannosamine(aq) + pyruvate(aq),92KRA,298.15,,7.5,,3.40E-2,,
6,953,2,1,4,N-acetylneuraminate(aq) = N-acetyl-D-mannosamine(aq) + pyruvate(aq),92KRA,309.8,,7.5,,6.41E-2,,
6,953,2,1,5,N-acetylneuraminate(aq) = N-acetyl-D-mannosamine(aq) + pyruvate(aq),92KRA,309.8,,7.5,,7.58E-2,,
6,953,2,1,6,N-acetylneuraminate(aq) = N-acetyl-D-mannosamine(aq) + pyruvate(aq),92KRA,317.7,,7.5,,1.27E-1,,
6,953,2,2,1,2-oxo-3-deoxy-D-glycero-D-galacto-nonopyranulosonate(aq) = D-mannose(aq) + pyruvate(aq),97SAL/GOD,298.15,,7.5,,5.24E-2,,
6,953,2,3,1,N-glycolylneuraminate(aq) = N-glycolyl-D-mannosamine(aq) + pyruvate(aq),62BRU/JOU,310.15,,7.2,,9.00E-2,,
6,953,2,4,1,chorismate(aq) = 4-hydroxybenzoate(aq) + pyruvate(aq),98TEW/CHE,298.15,,6.98,,,-144.1,I_m = 0.38 mol/kg
6,954,1,1,1,"cyclohexa-1,5-diene-1-carboxyl-CoA(aq) + H2O(l) = 6-hydroxycyclohex-1-ene-carboxyl-CoA(aq)",98LAE/EIS,310.15,,7.4,,1.00E0,,
6,954,1,2,1,D-glyceraldehyde 3-phosphate(aq) + indole(aq) = 1-(indol-3-yl)glycerol 3-phosphate(aq),85WIE/HIN,298.15,,7.5,,,-33.8,[the comment in the pdf says that this value supersedes the previously communicated one in part 4]
6,954,1,3,1,indole(aq) + D-glyceraldehyde 3-phosphate(aq) = 1-(indol-3-yl)glycerol 3-phosphate(aq),98KIS/TEW,298.15,,7.54,,1.20E4,,I_m = 0.37 mol/kg; [Kprime noted as K'm]; [corrects https://w3id.org/related-to/doi.org/10.5281/zenodo.3978439/files/TECRDB.csv#entry2871]
,,,,,,,,,,,,,
6,954,2,1,1,D-glyceraldehyde 3-phosphate(aq) + indole(aq) = 1-(indol-3-yl)glycerol 3-phosphate(aq),98KIS/TEW,298.15,,7.26,,,-46.9,I_m = 0.37 mol/kg
6,954,2,2,1,indole(aq) + L-serine(aq) = L-tryptophan(aq) + H2O(l),98KIS/TEW,298.15,,7.01,,,-74.5,I_m = 0.32 mol/kg
6,954,2,3,1,1-(indol-3-yl)glycerol 3-phosphate(aq) + L-serine(aq) = L-tryptophan(aq) + D-glyceraldehyde 3-phosphate(aq) + H2O(l),85WIE/HIN,298.15,,7.5,,,-34,
6,955,1,1,1,1-(indol-3-yl)glycerol 3-phosphate(aq) + L-serine(aq) = L-tryptophan(aq) + D-glyceraldehyde 3-phosphate(aq) + H2O(l),98KIS/TEW,298.15,,7.57,,,-27.8,I_m = 0.36 mol/kg
6,955,1,2,1,L-serine(aq) = pyruvate(aq) + ammonia(aq),98KIS/TEW,308.15,,6.9,,,-12.1,I_m = 0.39 mol/kg
6,955,1,3,1,prephenate(aq) = phenylpyruvate(aq) + H2o(l) + carbon dioxide(aq),99KIS/HOL,298.15,,7.17,,,-127,I_m = 0.35 mol/kg
6,955,2,1,1,chorismate(aq) + ammonia(aq) = 4-amino-4-deoxychorismate(aq) + H2O(l),91AND/KAT,310.15,,8.6,,6.10E0,,
6,955,2,2,1,(S)-2-(4-isobutylphenyl)propionyl-CoA(aq) = (R)-2-(4-isobutylphenyl)propionyl-CoA(aq),93SHI/CHE,303.15,,7,,1.50E0,,
6,955,2,3,1,UDPglucose(aq) = UDPgalactose(aq),60MAX/ROB,298.15,,8.7,,3.30E-1,,[Kprime reported with approximate sign]
6,956,1,1,1,UDPglucose(aq) = UDPgalactose(aq),70TSA/HOL,298.15,,8.7,,3.00E-1,,
6,956,1,2,1,UDPglucose(aq) = UDPgalactose(aq),80FUK/OBO,298.15,,8.7,,2.90E-1,,
6,956,1,3,1,UDPglucose(aq) = UDPgalactose(aq),96PRO/GRO,298.15,,8.5,,2.90E-1,,
6,956,1,4,1,N-acetyl-D-glucosamine(aq) = N-acetyl-D-mannosamine(aq),92KRA,298.15,,7.5,,2.01E-1,,
6,956,1,5,1,D-glucose(aq) = D-fructose(aq),97CON/DEL,333.15,,7,,9.80E-1,,
6,956,1,5,2,D-glucose(aq) = D-fructose(aq),97CON/DEL,338.15,,7,,1.03E0,,
6,956,1,5,3,D-glucose(aq) = D-fructose(aq),97CON/DEL,343.15,,7,,1.14E0,,
6,956,1,5,4,D-glucose(aq) = D-fructose(aq),97CON/DEL,348.15,,7,,1.22E0,,
6,956,1,5,5,D-glucose(aq) = D-fructose(aq),97CON/DEL,353.15,,7,,1.39E0,,
6,956,2,1,1,D-glucose 6-phosphate(aq) = D-fructose 6-phosphate(aq),97STA/SUA,310.15,,7,,3.30E-1,,Buffer=Imidazole
6,956,2,1,2,D-glucose 6-phosphate(aq) = D-fructose 6-phosphate(aq),97STA/SUA,310.15,,8,,3.00E-1,,Buffer=Tris
6,956,2,2,1,{\alpha}-D-glucose 1-phosphate(aq) = {\alpha}-D-glucose 6-phosphate(aq),96OES/SCH,298.15,,7,,3.70E0,,"[TODO: check primary literature; pdf says ""alpha"", whereas randr says ""beta"" isomers for educts and products]"
6,956,2,3,1,{\alpha}-D-glucose 1-phosphate(aq) = {\alpha}-D-glucose 6-phosphate(aq),96OES/SCH,298.15,,7,,1.40E0,,"[TODO: check primary literature; pdf says ""alpha"", whereas randr says ""beta"" isomers for educts and products]"
6,957,1,1,1,D-mannose 1-phosphate(aq) = D-mannose 6-phosphate(aq),96OES/SCH,298.15,,7,,1.00E0,,
6,957,1,2,1,chorismate(aq) = prephenate(aq),97KAS/TEW,298.15,,6.93,,,-55.5,I_m = 0.18 mol/kg
6,957,1,2,2,chorismate(aq) = prephenate(aq),97KAS/TEW,298.15,,7.7,,,-55.4,I_m = 0.071 mol/kg
6,957,1,3,1,chorismate(aq) = isochorismate(aq),90LIU/QUI,298.15,,7.5,,6.60E-1,,"[see also Liu's thesis (""90LIU"") as a source]"
6,957,2,1,1,chorismate(aq) = isochorismate(aq),95KOZ/TOM,298.15,,8,,5.50E-1,,
6,957,2,2,1,chorismate(aq) + ammonia(aq) = 2-amino-2-deoxyisochorismate(aq) + H2O(l),95KOZ/TOM,298.15,,8,,2.67E0,,
7,1351,1,1,1,2-benzyl-1-cyclohexanone(sln)+ 2-propanol(sln) = ({\pm})-cis-2-benzyl-1-cyclohexanol(sln) + acetone(sln),07TEW/LIE,298.15,,,,6.04,,
7,1351,2,1,1,2-benzyl-1-cyclohexanone(sln)+ 2-propanol(sln) = ({\pm})-trans-2-benzyl-1-cyclohexanol(sln) + acetone(sln),07TEW/LIE,298.15,,,,24.11,,
7,1351,2,2,1,2-butanone(sln)+ 2-propanol(sln) = ({\pm})-2-butanol(sln) + acetone(sln),05TEW/SCH,288.15,,,,8.45E-1,,solvent = n-hexane
7,1351,2,2,2,2-butanone(sln)+ 2-propanol(sln) = ({\pm})-2-butanol(sln) + acetone(sln),05TEW/SCH,293.15,,,,8.44E-1,,solvent = n-hexane
7,1351,2,2,3,2-butanone(sln)+ 2-propanol(sln) = ({\pm})-2-butanol(sln) + acetone(sln),05TEW/SCH,298.15,,,,8.44E-1,,solvent = n-hexane
7,1351,2,2,4,2-butanone(sln)+ 2-propanol(sln) = ({\pm})-2-butanol(sln) + acetone(sln),05TEW/SCH,303.15,,,,8.49E-1,,solvent = n-hexane
7,1351,2,2,5,2-butanone(sln)+ 2-propanol(sln) = ({\pm})-2-butanol(sln) + acetone(sln),05TEW/SCH,308.15,,,,8.08E-1,,solvent = n-hexane
7,1351,2,2,6,2-butanone(sln)+ 2-propanol(sln) = ({\pm})-2-butanol(sln) + acetone(sln),05TEW/SCH,298.15,,,,8.53E-1,,solvent = toluene
7,1351,2,2,7,2-butanone(sln)+ 2-propanol(sln) = ({\pm})-2-butanol(sln) + acetone(sln),05TEW/SCH,303.15,,,,8.20E-1,,solvent = supercritical carbon dioxide (P = 10.0 MPa)
7,1351,2,2,8,2-butanone(sln)+ 2-propanol(sln) = ({\pm})-2-butanol(sln) + acetone(sln),05TEW/SCH,298.15,,,,8.14E-1,,solvent = methyl tert-butyl ether
7,1351,2,3,1,cyclobutanone(sln)+ 2-propanol(sln) = cyclobutanol(sln) + acetone(sln),06TEW/PHI,288.35,,,,7.75E-1,,solvent = n-hexane
7,1351,2,3,2,cyclobutanone(sln)+ 2-propanol(sln) = cyclobutanol(sln) + acetone(sln),06TEW/PHI,292.99,,,,7.68E-1,,solvent = n-hexane
7,1351,2,3,3,cyclobutanone(sln)+ 2-propanol(sln) = cyclobutanol(sln) + acetone(sln),06TEW/PHI,298.02,,,,7.64E-1,,solvent = n-hexane
7,1351,2,3,4,cyclobutanone(sln)+ 2-propanol(sln) = cyclobutanol(sln) + acetone(sln),06TEW/PHI,303.04,,,,7.58E-1,,solvent = n-hexane
7,1351,2,3,5,cyclobutanone(sln)+ 2-propanol(sln) = cyclobutanol(sln) + acetone(sln),06TEW/PHI,308.05,,,,7.52E-1,,solvent = n-hexane
7,1351,2,3,6,cyclobutanone(sln)+ 2-propanol(sln) = cyclobutanol(sln) + acetone(sln),06TEW/PHI,298.15,,,,7.57E-1,,solvent = n-pentane
7,1351,2,3,7,cyclobutanone(sln)+ 2-propanol(sln) = cyclobutanol(sln) + acetone(sln),06TEW/PHI,303.15,,,,7.22E-1,,solvent = supercritical carbon dioxide (P = 10.0 MPa)
7,1352,1,1,1,cycloheptanone(sln)+ 2-propanol(sln) = cycloheptanol(sln) + acetone(sln),06TEW/PHI,298.15,,,,1.47E-1,,solvent = n-hexane
7,1352,1,1,2,cycloheptanone(sln)+ 2-propanol(sln) = cycloheptanol(sln) + acetone(sln),06TEW/PHI,298.15,,,,1.52E-1,,solvent = n-pentane
7,1352,1,2,1,cyclohexanone(sln)+ 2-propanol(sln) = cyclohexanol(sln) + acetone(sln),06TEW/PHI,288.35,,,,1.69E1,,solvent = n-hexane
7,1352,1,2,2,cyclohexanone(sln)+ 2-propanol(sln) = cyclohexanol(sln) + acetone(sln),06TEW/PHI,293.2,,,,1.60E1,,solvent = n-hexane
7,1352,1,2,3,cyclohexanone(sln)+ 2-propanol(sln) = cyclohexanol(sln) + acetone(sln),06TEW/PHI,298.04,,,,1.56E1,,solvent = n-hexane
7,1352,1,2,4,cyclohexanone(sln)+ 2-propanol(sln) = cyclohexanol(sln) + acetone(sln),06TEW/PHI,303.05,,,,1.53E1,,solvent = n-hexane
7,1352,1,2,5,cyclohexanone(sln)+ 2-propanol(sln) = cyclohexanol(sln) + acetone(sln),06TEW/PHI,308.19,,,,1.48E1,,solvent = n-hexane
7,1352,1,2,6,cyclohexanone(sln)+ 2-propanol(sln) = cyclohexanol(sln) + acetone(sln),06TEW/PHI,298.15,,,,1.43E1,,solvent = n-pentane
7,1352,1,2,7,cyclohexanone(sln)+ 2-propanol(sln) = cyclohexanol(sln) + acetone(sln),06TEW/PHI,303.15,,,,1.60E1,,solvent = supercritical carbon dioxide (P = 8.0 MPa)
7,1352,1,2,8,cyclohexanone(sln)+ 2-propanol(sln) = cyclohexanol(sln) + acetone(sln),06TEW/PHI,303.15,,,,1.60E1,,solvent = supercritical carbon dioxide (P = 10.0 MPa)
7,1352,1,2,9,cyclohexanone(sln)+ 2-propanol(sln) = cyclohexanol(sln) + acetone(sln),06TEW/PHI,303.15,,,,1.65E1,,solvent = supercritical carbon dioxide (P = 12.0 MPa)
7,1352,1,3,1,cyclooctanone(sln)+ 2-propanol(sln) = cyclooctanol(sln) + acetone(sln),06TEW/PHI,298.15,,,,3.14E-2,,solvent = n-hexane
7,1352,1,3,2,cyclooctanone(sln)+ 2-propanol(sln) = cyclooctanol(sln) + acetone(sln),06TEW/PHI,298.15,,,,2.79E-2,,solvent = n-pentane
7,1352,2,1,1,cyclopentanone(sln)+ 2-propanol(sln) = cyclopentanol(sln) + acetone(sln),06TEW/PHI,298.15,,,,3.57E-1,,solvent = n-pentane
7,1352,2,1,2,cyclopentanone(sln)+ 2-propanol(sln) = cyclopentanol(sln) + acetone(sln),06TEW/PHI,298.15,,,,3.42E-1,,solvent = n-hexane
7,1352,2,1,3,cyclopentanone(sln)+ 2-propanol(sln) = cyclopentanol(sln) + acetone(sln),06TEW/PHI,303.15,,,,3.39E-1,,solvent = supercritical carbon dioxide (P = 10.0 MPa)
7,1352,2,2,1,2-heptanone(sln)+ 2-propanol(sln) = (S)-2-heptanol(sln) + acetone(sln),05TEW/SCH,298.15,,,,3.21E-1,,[solvent is n-hexane]
7,1352,2,3,1,2-hexanone(sln)+ 2-propanol(sln) = ({\pm})-2-hexanol(sln) + acetone(sln),05TEW/SCH,298.15,,,,4.59E-1,,[solvent is n-hexane]
7,1353,1,1,1,2-methyl-1-cyclohexanone(sln)+ 2-propanol(sln) = ({\pm})-cis-2-methyl-1-cyclohexanol(sln) + acetone(sln),07TEW/LIE,288.15,,,,2.21E0,,[solvent is n-hexane]
7,1353,1,1,2,2-methyl-1-cyclohexanone(sln)+ 2-propanol(sln) = ({\pm})-cis-2-methyl-1-cyclohexanol(sln) + acetone(sln),07TEW/LIE,293.15,,,,2.36E0,,[solvent is n-hexane]
7,1353,1,1,3,2-methyl-1-cyclohexanone(sln)+ 2-propanol(sln) = ({\pm})-cis-2-methyl-1-cyclohexanol(sln) + acetone(sln),07TEW/LIE,298.15,,,,2.22E0,,[solvent is n-hexane]
7,1353,1,1,4,2-methyl-1-cyclohexanone(sln)+ 2-propanol(sln) = ({\pm})-cis-2-methyl-1-cyclohexanol(sln) + acetone(sln),07TEW/LIE,303.15,,,,1.97E0,,[solvent is n-hexane]
7,1353,1,1,5,2-methyl-1-cyclohexanone(sln)+ 2-propanol(sln) = ({\pm})-cis-2-methyl-1-cyclohexanol(sln) + acetone(sln),07TEW/LIE,308.15,,,,1.93E0,,[solvent is n-hexane]
7,1353,1,2,1,2-methyl-1-cyclohexanone(sln)+ 2-propanol(sln) = ({\pm})-trans-2-methyl-1-cyclohexanol(sln) + acetone(sln),07TEW/LIE,288.15,,,,1.12E1,,[solvent is n-hexane]
7,1353,1,2,2,2-methyl-1-cyclohexanone(sln)+ 2-propanol(sln) = ({\pm})-trans-2-methyl-1-cyclohexanol(sln) + acetone(sln),07TEW/LIE,293.15,,,,1.11E1,,[solvent is n-hexane]
7,1353,1,2,3,2-methyl-1-cyclohexanone(sln)+ 2-propanol(sln) = ({\pm})-trans-2-methyl-1-cyclohexanol(sln) + acetone(sln),07TEW/LIE,298.15,,,,1.01E1,,[solvent is n-hexane]
7,1353,1,2,4,2-methyl-1-cyclohexanone(sln)+ 2-propanol(sln) = ({\pm})-trans-2-methyl-1-cyclohexanol(sln) + acetone(sln),07TEW/LIE,303.15,,,,1.06E1,,[solvent is n-hexane]
7,1353,1,2,5,2-methyl-1-cyclohexanone(sln)+ 2-propanol(sln) = ({\pm})-trans-2-methyl-1-cyclohexanol(sln) + acetone(sln),07TEW/LIE,308.15,,,,1.05E1,,[solvent is n-hexane]
7,1353,1,3,1,2-octanone(sln)+ 2-propanol(sln) = (S)-(+)-2-octanol(sln) + acetone(sln),05TEW/SCH,298.15,,,,3.13E-1,,solvent = n-hexane
7,1353,1,3,2,2-octanone(sln)+ 2-propanol(sln) = (S)-(+)-2-octanol(sln) + acetone(sln),05TEW/SCH,298.15,,,,3.11E-1,,solvent = toluene
7,1353,1,3,3,2-octanone(sln)+ 2-propanol(sln) = (S)-(+)-2-octanol(sln) + acetone(sln),05TEW/SCH,298.15,,,,3.13E-1,,solvent = methyl tert-butyl ether
7,1353,2,1,1,2-pentanone(sln)+ 2-propanol(sln) = ({\pm})-2-pentanol(sln) + acetone(sln),05TEW/SCH,298.15,,,,6.27E-1,,solvent = n-hexane
7,1353,2,1,2,2-pentanone(sln)+ 2-propanol(sln) = ({\pm})-2-pentanol(sln) + acetone(sln),05TEW/SCH,303.15,,,,6.34E-1,,solvent = supercritical carbon dioxide (P = 10.0 MPa)
7,1353,2,2,1,2-phenyl-1-cyclohexanone(sln)+ 2-propanol(sln) = ({\pm})-cis-2-phenyl-1-cyclohexanol(sln) + acetone(sln),07TEW/LIE,298.15,,,,7.79E0,,[solvent is n-hexane]
7,1353,2,3,1,2-phenyl-1-cyclohexanone(sln)+ 2-propanol(sln) = ({\pm})-trans-2-phenyl-1-cyclohexanol(sln) + acetone(sln),07TEW/LIE,298.15,,,,1.04E1,,[solvent is n-hexane]
7,1354,1,1,1,1-phenyl-1-ethanone(sln)+ 2-propanol(sln) = ({\pm})-cis-2-phenyl-1-ethanol(sln) + acetone(sln),06TEW/KIS,288.36,,,,2.03E-1,,solvent = n-hexane
7,1354,1,1,2,1-phenyl-1-ethanone(sln)+ 2-propanol(sln) = ({\pm})-cis-2-phenyl-1-ethanol(sln) + acetone(sln),06TEW/KIS,292.83,,,,2.13E-1,,solvent = n-hexane
7,1354,1,1,3,1-phenyl-1-ethanone(sln)+ 2-propanol(sln) = ({\pm})-cis-2-phenyl-1-ethanol(sln) + acetone(sln),06TEW/KIS,297.93,,,,2.17E-1,,solvent = n-hexane
7,1354,1,1,4,1-phenyl-1-ethanone(sln)+ 2-propanol(sln) = ({\pm})-cis-2-phenyl-1-ethanol(sln) + acetone(sln),06TEW/KIS,303.04,,,,2.23E-1,,solvent = n-hexane
7,1354,1,1,5,1-phenyl-1-ethanone(sln)+ 2-propanol(sln) = ({\pm})-cis-2-phenyl-1-ethanol(sln) + acetone(sln),06TEW/KIS,308.05,,,,2.32E-1,,solvent = n-hexane
7,1354,1,1,6,1-phenyl-1-ethanone(sln)+ 2-propanol(sln) = ({\pm})-cis-2-phenyl-1-ethanol(sln) + acetone(sln),06TEW/KIS,298.15,,,,2.09E-1,,solvent = n-pentane
7,1354,1,2,1,1-phenyl-1-heptanone(sln)+ 2-propanol(sln) = ({\pm})-cis-2-phenyl-1-heptanol(sln) + acetone(sln),06TEW/KIS,298.15,,,,5.70E-1,,solvent = n-hexane
7,1354,1,2,2,1-phenyl-1-heptanone(sln)+ 2-propanol(sln) = ({\pm})-cis-2-phenyl-1-heptanol(sln) + acetone(sln),06TEW/KIS,298.15,,,,5.67E-1,,solvent = n-pentane
7,1354,1,3,1,1-phenyl-1-hexanone(sln)+ 2-propanol(sln) = ({\pm})-cis-2-phenyl-1-hexanol(sln) + acetone(sln),06TEW/KIS,298.15,,,,3.17E-1,,solvent = n-hexane
7,1354,1,3,2,1-phenyl-1-hexanone(sln)+ 2-propanol(sln) = ({\pm})-cis-2-phenyl-1-hexanol(sln) + acetone(sln),06TEW/KIS,298.15,,,,2.98E-1,,solvent = n-pentane
7,1354,2,1,1,1-phenyl-1-pentanone(sln)+ 2-propanol(sln) = ({\pm})-cis-2-phenyl-1-pentanol(sln) + acetone(sln),06TEW/KIS,298.15,,,,4.80E-1,,solvent = n-hexane
7,1354,2,1,2,1-phenyl-1-pentanone(sln)+ 2-propanol(sln) = ({\pm})-cis-2-phenyl-1-pentanol(sln) + acetone(sln),06TEW/KIS,298.15,,,,0.487,,solvent = n-pentane
7,1354,2,2,1,1-phenyl-1-propanone(sln)+ 2-propanol(sln) = ({\pm})-cis-2-phenyl-1-propanol(sln) + acetone(sln),06TEW/KIS,298.15,,,,3.40E-1,,solvent = n-hexane
7,1354,2,2,2,1-phenyl-1-propanone(sln)+ 2-propanol(sln) = ({\pm})-cis-2-phenyl-1-propanol(sln) + acetone(sln),06TEW/KIS,298.15,,,,3.63E-1,,solvent = n-pentane
7,1354,2,3,1,2-propanol(aq) + NADP(ox)(aq) = acetone(aq) + NADP(red)(aq),03KIN,278.15,0.25,5.88,,1.45E-3,,
7,1354,2,3,2,2-propanol(aq) + NADP(ox)(aq) = acetone(aq) + NADP(red)(aq),03KIN,278.15,0.25,6.32,,3.70E-3,,
7,1354,2,3,3,2-propanol(aq) + NADP(ox)(aq) = acetone(aq) + NADP(red)(aq),03KIN,278.15,0.25,6.8,,1.11E-2,,
7,1354,2,3,4,2-propanol(aq) + NADP(ox)(aq) = acetone(aq) + NADP(red)(aq),03KIN,278.15,0.25,7.25,,2.77E-2,,
7,1354,2,3,5,2-propanol(aq) + NADP(ox)(aq) = acetone(aq) + NADP(red)(aq),03KIN,278.15,0.25,7.62,,7.06E-2,,
7,1354,2,3,6,2-propanol(aq) + NADP(ox)(aq) = acetone(aq) + NADP(red)(aq),03KIN,278.15,0.25,7.82,,1.26E-1,,
7,1354,2,3,7,2-propanol(aq) + NADP(ox)(aq) = acetone(aq) + NADP(red)(aq),03KIN,288.15,0.25,5.79,,2.39E-3,,
7,1354,2,3,8,2-propanol(aq) + NADP(ox)(aq) = acetone(aq) + NADP(red)(aq),03KIN,288.15,0.25,6.25,,6.51E-3,,
7,1354,2,3,9,2-propanol(aq) + NADP(ox)(aq) = acetone(aq) + NADP(red)(aq),03KIN,288.15,0.25,6.73,,1.69E-2,,
7,1354,2,3,10,2-propanol(aq) + NADP(ox)(aq) = acetone(aq) + NADP(red)(aq),03KIN,288.15,0.25,7.18,,4.28E-2,,
7,1354,2,3,11,2-propanol(aq) + NADP(ox)(aq) = acetone(aq) + NADP(red)(aq),03KIN,288.15,0.25,7.55,,1.04E-1,,
7,1354,2,3,12,2-propanol(aq) + NADP(ox)(aq) = acetone(aq) + NADP(red)(aq),03KIN,288.15,0.25,7.74,,1.50E-1,,
7,1354,2,3,13,2-propanol(aq) + NADP(ox)(aq) = acetone(aq) + NADP(red)(aq),03KIN,298.15,0.25,5.71,,3.44E-3,,
7,1354,2,3,14,2-propanol(aq) + NADP(ox)(aq) = acetone(aq) + NADP(red)(aq),03KIN,298.15,0.25,6.19,,9.25E-3,,
7,1354,2,3,15,2-propanol(aq) + NADP(ox)(aq) = acetone(aq) + NADP(red)(aq),03KIN,298.15,0.25,6.67,,2.60E-2,,
7,1354,2,3,16,2-propanol(aq) + NADP(ox)(aq) = acetone(aq) + NADP(red)(aq),03KIN,298.15,0.25,7.11,,7.01E-2,,
7,1354,2,3,17,2-propanol(aq) + NADP(ox)(aq) = acetone(aq) + NADP(red)(aq),03KIN,298.15,0.25,7.49,,1.62E-1,,
7,1354,2,3,18,2-propanol(aq) + NADP(ox)(aq) = acetone(aq) + NADP(red)(aq),03KIN,298.15,0.25,7.68,,2.36E-1,,
7,1354,2,3,19,2-propanol(aq) + NADP(ox)(aq) = acetone(aq) + NADP(red)(aq),03KIN,308.15,0.25,5.67,,5.31E-3,,
7,1354,2,3,20,2-propanol(aq) + NADP(ox)(aq) = acetone(aq) + NADP(red)(aq),03KIN,308.15,0.25,6.13,,1.45E-3,,
7,1354,2,3,21,2-propanol(aq) + NADP(ox)(aq) = acetone(aq) + NADP(red)(aq),03KIN,308.15,0.25,6.61,,4.25E-2,,
7,1354,2,3,22,2-propanol(aq) + NADP(ox)(aq) = acetone(aq) + NADP(red)(aq),03KIN,308.15,0.25,7.06,,1.13E-1,,
7,1354,2,3,23,2-propanol(aq) + NADP(ox)(aq) = acetone(aq) + NADP(red)(aq),03KIN,308.15,0.25,7.43,,2.51E-1,,
7,1354,2,3,24,2-propanol(aq) + NADP(ox)(aq) = acetone(aq) + NADP(red)(aq),03KIN,308.15,0.25,7.62,,3.93E-1,,
7,1354,2,3,25,2-propanol(aq) + NADP(ox)(aq) = acetone(aq) + NADP(red)(aq),03KIN,313.15,0.25,5.63,,5.33E-3,,
7,1354,2,3,26,2-propanol(aq) + NADP(ox)(aq) = acetone(aq) + NADP(red)(aq),03KIN,313.15,0.25,6.1,,1.45E-3,,
7,1354,2,3,27,2-propanol(aq) + NADP(ox)(aq) = acetone(aq) + NADP(red)(aq),03KIN,313.15,0.25,6.58,,5.19E-2,,
7,1354,2,3,28,2-propanol(aq) + NADP(ox)(aq) = acetone(aq) + NADP(red)(aq),03KIN,313.15,0.25,7.03,,1.31E-1,,
7,1354,2,3,29,2-propanol(aq) + NADP(ox)(aq) = acetone(aq) + NADP(red)(aq),03KIN,313.15,0.25,7.4,,3.28E-1,,
7,1354,2,3,30,2-propanol(aq) + NADP(ox)(aq) = acetone(aq) + NADP(red)(aq),03KIN,313.15,0.25,7.59,,4.35E-1,,
7,1354,2,3,31,2-propanol(aq) + NADP(ox)(aq) = acetone(aq) + NADP(red)(aq),03KIN,278.15,0.25,6.06,,4.13E-3,,
7,1354,2,3,32,2-propanol(aq) + NADP(ox)(aq) = acetone(aq) + NADP(red)(aq),03KIN,278.15,0.25,6.43,,6.73E-3,,
7,1354,2,3,33,2-propanol(aq) + NADP(ox)(aq) = acetone(aq) + NADP(red)(aq),03KIN,278.15,0.25,6.88,,1.83E-2,,
7,1354,2,3,34,2-propanol(aq) + NADP(ox)(aq) = acetone(aq) + NADP(red)(aq),03KIN,278.15,0.25,7.38,,4.59E-2,,
7,1354,2,3,35,2-propanol(aq) + NADP(ox)(aq) = acetone(aq) + NADP(red)(aq),03KIN,278.15,0.25,7.87,,1.55E-1,,
7,1354,2,3,36,2-propanol(aq) + NADP(ox)(aq) = acetone(aq) + NADP(red)(aq),03KIN,278.15,0.25,8.19,,3.57E-1,,
7,1354,2,3,37,2-propanol(aq) + NADP(ox)(aq) = acetone(aq) + NADP(red)(aq),03KIN,288.15,0.25,5.99,,4.49E-3,,
7,1354,2,3,38,2-propanol(aq) + NADP(ox)(aq) = acetone(aq) + NADP(red)(aq),03KIN,288.15,0.25,6.37,,9.73E-3,,
7,1354,2,3,39,2-propanol(aq) + NADP(ox)(aq) = acetone(aq) + NADP(red)(aq),03KIN,288.15,0.25,6.82,,2.36E-2,,
7,1354,2,3,40,2-propanol(aq) + NADP(ox)(aq) = acetone(aq) + NADP(red)(aq),03KIN,288.15,0.25,7.31,,6.56E-2,,
7,1354,2,3,41,2-propanol(aq) + NADP(ox)(aq) = acetone(aq) + NADP(red)(aq),03KIN,288.15,0.25,7.8,,1.88E-1,,
7,1354,2,3,42,2-propanol(aq) + NADP(ox)(aq) = acetone(aq) + NADP(red)(aq),03KIN,288.15,0.25,8.11,,3.81E-1,,
7,1354,2,3,43,2-propanol(aq) + NADP(ox)(aq) = acetone(aq) + NADP(red)(aq),03KIN,298.15,0.25,5.92,,6.36E-3,,
7,1354,2,3,44,2-propanol(aq) + NADP(ox)(aq) = acetone(aq) + NADP(red)(aq),03KIN,298.15,0.25,6.3,,1.32E-2,,
7,1354,2,3,45,2-propanol(aq) + NADP(ox)(aq) = acetone(aq) + NADP(red)(aq),03KIN,298.15,0.25,6.75,,3.53E-2,,
7,1354,2,3,46,2-propanol(aq) + NADP(ox)(aq) = acetone(aq) + NADP(red)(aq),03KIN,298.15,0.25,7.25,,9.67E-2,,
7,1354,2,3,47,2-propanol(aq) + NADP(ox)(aq) = acetone(aq) + NADP(red)(aq),03KIN,298.15,0.25,7.72,,2.92E-1,,
7,1354,2,3,48,2-propanol(aq) + NADP(ox)(aq) = acetone(aq) + NADP(red)(aq),03KIN,298.15,0.25,8.02,,5.51E-1,,
7,1354,2,3,49,2-propanol(aq) + NADP(ox)(aq) = acetone(aq) + NADP(red)(aq),03KIN,308.15,0.25,5.87,,9.38E-3,,
7,1354,2,3,50,2-propanol(aq) + NADP(ox)(aq) = acetone(aq) + NADP(red)(aq),03KIN,308.15,0.25,6.25,,2.08E-2,,
7,1354,2,3,51,2-propanol(aq) + NADP(ox)(aq) = acetone(aq) + NADP(red)(aq),03KIN,308.15,0.25,6.7,,5.58E-2,,
7,1354,2,3,52,2-propanol(aq) + NADP(ox)(aq) = acetone(aq) + NADP(red)(aq),03KIN,308.15,0.25,7.19,,1.44E-1,,
7,1354,2,3,53,2-propanol(aq) + NADP(ox)(aq) = acetone(aq) + NADP(red)(aq),03KIN,308.15,0.25,7.66,,4.77E-1,,
7,1354,2,3,54,2-propanol(aq) + NADP(ox)(aq) = acetone(aq) + NADP(red)(aq),03KIN,308.15,0.25,7.96,,8.82E-1,,
7,1354,2,3,55,2-propanol(aq) + NADP(ox)(aq) = acetone(aq) + NADP(red)(aq),03KIN,313.15,0.25,5.85,,1.03E-2,,
7,1354,2,3,56,2-propanol(aq) + NADP(ox)(aq) = acetone(aq) + NADP(red)(aq),03KIN,313.15,0.25,6.23,,2.33E-2,,
7,1354,2,3,57,2-propanol(aq) + NADP(ox)(aq) = acetone(aq) + NADP(red)(aq),03KIN,313.15,0.25,6.69,,6.46E-2,,
7,1354,2,3,58,2-propanol(aq) + NADP(ox)(aq) = acetone(aq) + NADP(red)(aq),03KIN,313.15,0.25,7.18,,1.91E-1,,
7,1354,2,3,59,2-propanol(aq) + NADP(ox)(aq) = acetone(aq) + NADP(red)(aq),03KIN,313.15,0.25,7.65,,5.79E-1,,
7,1354,2,3,60,2-propanol(aq) + NADP(ox)(aq) = acetone(aq) + NADP(red)(aq),03KIN,313.15,0.25,7.93,,1.08E0,,
,,,,,,,,,,,,,
,,,,,,,,,,,,,
,,,,,,,,,,,,,
7,1355,2,1,1,L-homoserine(aq) + NADP(ox)(aq) = L-aspartate 4-semialdehyde(aq) + NADP(red)(aq),92WED/LEY,310.15,,9,,1.00E-2,,
7,1355,2,2,1,D-mannitol-1-phosphate(aq) + NAD(ox)(aq) = D-fructose 6-phosphate(aq) + NAD(red)(aq),64ZAN/BAC,298.15,,7.4,,1.10E0,,
7,1355,2,2,2,D-mannitol-1-phosphate(aq) + NAD(ox)(aq) = D-fructose 6-phosphate(aq) + NAD(red)(aq),64ZAN/BAC,298.15,,8,,1.00E0,,
7,1355,2,3,1,D-mannitol-1-phosphate(aq) + NAD(ox)(aq) = D-fructose 6-phosphate(aq) + NAD(red)(aq),81KIS/NIE,298.15,,9,,7.90E-1,,
7,1356,1,1,1,D-2-hydroxy-n-butanoate(aq) + NAD(ox)(aq) = 2-oxobutanoate(aq) + NAD(red)(aq),02ISO/KOI,298.15,,8,,2.80E-3,,
7,1356,1,2,1,(R)-lactate(aq) + NAD(ox)(aq) = pyruvate(aq) + NAD(red)(aq),02ISO/KOI,298.15,,8,,3.70E-3,,
7,1356,1,3,1,"(2R,3R)-erythro-fluoromalate(aq) + NAD (ox)(aq) = (3R)-fluorooxaloacetate(aq) + NAD(red)(aq)",98URB/BRA,298.15,,8,,6.30E-6,,
7,1356,1,4,1,(S)-malate(aq) + 3-acetylpyridine adenine dinucleotide(ox)(aq) = oxaloacetate(aq) + 3-acetylpyridine adenine dinucleotide(red)(aq),98URB/BRA,298.15,,8,,5.36E-3,,
7,1356,2,1,1,(S)-malate(aq) + NAD(ox)(aq) = oxaloacetate(aq) + NAD(red)(aq),98URB/BRA,298.15,,8,,6.65E-5,,
7,1356,2,2,1,pyridoxine(aq) + NADP(ox)(aq) = pyridoxal(aq) + NADP(red)(aq),88GUI/SNE,298.15,,6,,3.90E-6,,
7,1356,2,2,2,pyridoxine(aq) + NADP(ox)(aq) = pyridoxal(aq) + NADP(red)(aq),88GUI/SNE,298.15,,9,,7.10E-3,,
7,1357,1,1,1,3-carboxy-2-hydroxyadipate(aq) + NAD(ox) = 2-oxoadipate(aq) + carbon dioxide(aq) + NAD(red),07LIN/ALG,298.15,,7.5,,4.50E-1,,
7,1357,1,2,1,dTDP-6-deoxy-L-lyxo-4-hexulose(aq) + NAD (red)(aq) = dTDP-L-rhamnose(aq) + NAD(ox)(aq),99GRA/NID,298.15,,9,,3.60E4,,
7,1357,1,3,1,dTDP-6-deoxy-D-lyxo-4-hexulose(aq) + NAD(red)(aq) = dTDP-L-rhamnose(aq) + NAD(ox)(aq),99GRA/NID,298.15,,9,,4.50E2,,
7,1357,2,1,1,(R)-pantoate(aq) + NADP(ox) = 2-dehydropantoate(aq) + NADP(red)(aq),00ZHE/BLA,298.15,,7.5,,1.48E-3,,
7,1357,2,2,1,"2-keto-L-gulonate(aq) + NADP(ox)(aq) = 2,5-diketo-D-gluconate(aq) + NADP(red)(aq)",87MIL/EST,298.15,,9.2,,8.90E-4,,
,,,,,,,,,,,,,
7,1357,2,3,1,xanthine(aq) + H2O(l) + O2(aq) = urate(aq) + H2O2(aq),98LIA/WAN,298.15,,7.5,,,-5.25,
7,1358,1,1,1,4-oxobutanoate(aq) + NADP(red)(aq) = 4-hydroxybutanoate(aq) + NADP(ox)(aq),85HEA/CHU,298.15,,7,,3.70E0,,
7,1358,1,2,1,4-dimethylaminomethylbenzylamine(aq) + H2O(l) + O2(aq) = 4-dimethylaminomethylbenzaldehyde(aq) + ammonia(aq) + H2O2(aq),76CRA/WAI,298.15,0.22,7.15,,2.70E0,,
7,1358,1,3,1,"5,6,7,8-tetrahydrofolate(aq) + NADP(ox)(aq) = 7,8-dihydrofolate(aq) + NADP(red)(aq)",87FIE/JOH,298.15,,8,,7.70E-4,,
7,1358,1,3,2,"5,6,7,8-tetrahydrofolate(aq) + NADP(ox)(aq) = 7,8-dihydrofolate(aq) + NADP(red)(aq)",87FIE/JOH,298.15,,9.8,,4.90E-2,,
7,1358,2,1,1,"5,10-methylenetetrahydrofolate(aq) + NADP(ox)(aq) = 10-formyltetrahydrofolate(aq) + NADP(red)(aq)",95PEL/MAC,303.15,,7.3,,1.60E1,,
7,1358,2,2,1,"N6-(L-1,3-dicarboxypropyl)-L-lysine + NAD(ox) + H2O(l) = L-lysine(aq) + 2-oxoglutarate(aq) + NAD(red)",06XU/WES,298.15,,7,,3.90E-7,,
7,1358,2,3,1,NAD(red)(aq) + NADP(ox)(aq) = NAD(ox)(aq) + NADP(red)(aq),77VEE/KRU,298.15,0.0015,7.6,,3.30E-1,,
7,1358,2,3,2,NAD(red)(aq) + NADP(ox)(aq) = NAD(ox)(aq) + NADP(red)(aq),77VEE/KRU,298.15,0.0061,7.6,,3.50E-1,,
7,1358,2,3,3,NAD(red)(aq) + NADP(ox)(aq) = NAD(ox)(aq) + NADP(red)(aq),77VEE/KRU,298.15,0.0115,7.6,,3.80E-1,,
7,1358,2,3,4,NAD(red)(aq) + NADP(ox)(aq) = NAD(ox)(aq) + NADP(red)(aq),77VEE/KRU,298.15,0.0216,7.6,,4.30E-1,,
7,1358,2,3,5,NAD(red)(aq) + NADP(ox)(aq) = NAD(ox)(aq) + NADP(red)(aq),77VEE/KRU,298.15,0.0516,7.6,,4.80E-1,,
7,1358,2,3,6,NAD(red)(aq) + NADP(ox)(aq) = NAD(ox)(aq) + NADP(red)(aq),77VEE/KRU,298.15,0.1014,7.6,,5.40E-1,,
7,1358,2,3,7,NAD(red)(aq) + NADP(ox)(aq) = NAD(ox)(aq) + NADP(red)(aq),77VEE/KRU,298.15,0.01,6.11,,5.20E-1,,
7,1358,2,3,8,NAD(red)(aq) + NADP(ox)(aq) = NAD(ox)(aq) + NADP(red)(aq),77VEE/KRU,298.15,0.01,6.53,,4.40E-1,,
7,1358,2,3,9,NAD(red)(aq) + NADP(ox)(aq) = NAD(ox)(aq) + NADP(red)(aq),77VEE/KRU,298.15,0.01,6.99,,4.10E-1,,
7,1358,2,3,10,NAD(red)(aq) + NADP(ox)(aq) = NAD(ox)(aq) + NADP(red)(aq),77VEE/KRU,298.15,0.01,7.45,,3.80E-1,,
7,1359,1,1,1,2 glutathoine(red)(aq) + NADP(ox)(aq) = glutathoine(ox)(aq) + NADP(red)(aq),03TEW/GOL,298.15,0.35,7.41,,,4.2,
7,1359,1,2,1,2 glutathione(red)(ox) + NADP(ox)(aq) = glutathione(ox)(aq) + NADP(red)(aq),03TEW/GOL,298.15,,6.66,,6.90E-04,,I_m = 0.69 mol/kg
7,1359,1,2,2,2 glutathione(red)(ox) + NADP(ox)(aq) = glutathione(ox)(aq) + NADP(red)(aq),03TEW/GOL,298.15,,6.58,,4.60E-04,,I_m = 0.9 mol/kg
7,1359,1,2,3,2 glutathione(red)(ox) + NADP(ox)(aq) = glutathione(ox)(aq) + NADP(red)(aq),03TEW/GOL,298.15,,6.6,,7.00E-04,,I_m = 0.68 mol/kg
7,1359,1,2,4,2 glutathione(red)(ox) + NADP(ox)(aq) = glutathione(ox)(aq) + NADP(red)(aq),03TEW/GOL,298.15,,6.93,,1.60E-03,,I_m = 0.67 mol/kg
7,1359,1,2,5,2 glutathione(red)(ox) + NADP(ox)(aq) = glutathione(ox)(aq) + NADP(red)(aq),03TEW/GOL,298.15,,6.85,,1.50E-03,,I_m = 0.73 mol/kg
7,1359,1,2,6,2 glutathione(red)(ox) + NADP(ox)(aq) = glutathione(ox)(aq) + NADP(red)(aq),03TEW/GOL,298.15,,6.9,,2.10E-03,,I_m = 0.67 mol/kg
7,1359,1,2,7,2 glutathione(red)(ox) + NADP(ox)(aq) = glutathione(ox)(aq) + NADP(red)(aq),03TEW/GOL,298.15,,8.23,,4.68E-02,,I_m = 0.091 mol/kg
7,1359,1,2,8,2 glutathione(red)(ox) + NADP(ox)(aq) = glutathione(ox)(aq) + NADP(red)(aq),03TEW/GOL,298.15,,8.21,,4.73E-02,,I_m = 0.091 mol/kg
7,1359,1,2,9,2 glutathione(red)(ox) + NADP(ox)(aq) = glutathione(ox)(aq) + NADP(red)(aq),03TEW/GOL,298.15,,8.25,,4.65E-02,,I_m = 0.091 mol/kg
7,1359,1,2,10,2 glutathione(red)(ox) + NADP(ox)(aq) = glutathione(ox)(aq) + NADP(red)(aq),03TEW/GOL,298.15,,8.33,,4.32E-02,,I_m = 0.42 mol/kg
7,1359,1,2,11,2 glutathione(red)(ox) + NADP(ox)(aq) = glutathione(ox)(aq) + NADP(red)(aq),03TEW/GOL,298.15,,8.34,,4.10E-02,,I_m = 0.5 mol/kg
7,1359,1,2,12,2 glutathione(red)(ox) + NADP(ox)(aq) = glutathione(ox)(aq) + NADP(red)(aq),03TEW/GOL,298.15,,8.34,,4.87E-02,,I_m = 0.42 mol/kg
7,1359,1,2,13,2 glutathione(red)(ox) + NADP(ox)(aq) = glutathione(ox)(aq) + NADP(red)(aq),03TEW/GOL,298.15,,8.61,,6.72E-02,,I_m = 0.48 mol/kg
7,1359,1,2,14,2 glutathione(red)(ox) + NADP(ox)(aq) = glutathione(ox)(aq) + NADP(red)(aq),03TEW/GOL,298.15,,8.62,,6.75E-02,,I_m = 0.71 mol/kg
7,1359,1,2,15,2 glutathione(red)(ox) + NADP(ox)(aq) = glutathione(ox)(aq) + NADP(red)(aq),03TEW/GOL,298.15,,8.59,,6.86E-02,,I_m = 0.47 mol/kg
7,1359,1,2,16,2 glutathione(red)(ox) + NADP(ox)(aq) = glutathione(ox)(aq) + NADP(red)(aq),03TEW/GOL,298.15,,8.66,,4.52E-02,,I_m = 0.44 mol/kg
7,1359,1,2,17,2 glutathione(red)(ox) + NADP(ox)(aq) = glutathione(ox)(aq) + NADP(red)(aq),03TEW/GOL,298.15,,8.68,,4.66E-02,,I_m = 0.65 mol/kg
7,1359,1,2,18,2 glutathione(red)(ox) + NADP(ox)(aq) = glutathione(ox)(aq) + NADP(red)(aq),03TEW/GOL,298.15,,8.67,,4.89E-02,,I_m = 0.43 mol/kg
7,1359,1,2,19,2 glutathione(red)(ox) + NADP(ox)(aq) = glutathione(ox)(aq) + NADP(red)(aq),03TEW/GOL,298.15,,8.47,,4.92E-02,,I_m = 0.32 mol/kg
7,1359,1,2,20,2 glutathione(red)(ox) + NADP(ox)(aq) = glutathione(ox)(aq) + NADP(red)(aq),03TEW/GOL,298.15,,8.44,,4.48E-02,,I_m = 0.59 mol/kg
7,1359,1,2,21,2 glutathione(red)(ox) + NADP(ox)(aq) = glutathione(ox)(aq) + NADP(red)(aq),03TEW/GOL,298.15,,8.46,,5.41E-02,,I_m = 0.31 mol/kg
7,1359,1,2,22,2 glutathione(red)(ox) + NADP(ox)(aq) = glutathione(ox)(aq) + NADP(red)(aq),03TEW/GOL,298.15,,8.33,,4.94E-02,,I_m = 0.48 mol/kg
7,1359,1,2,23,2 glutathione(red)(ox) + NADP(ox)(aq) = glutathione(ox)(aq) + NADP(red)(aq),03TEW/GOL,298.15,,8.35,,5.11E-02,,I_m = 0.64 mol/kg
7,1359,1,2,24,2 glutathione(red)(ox) + NADP(ox)(aq) = glutathione(ox)(aq) + NADP(red)(aq),03TEW/GOL,298.15,,8.38,,5.08E-02,,I_m = 0.48 mol/kg
7,1359,2,1,1,2 O2·(aq) + 2 H^{+}(aq) = O2(aq) + H2O2(aq),98LIA/QU,298.15,,8,,,-160.1,[note that the educt oxygen is represent oxygen radicals which might be difficult to represent cheminformatically]
7,1359,2,2,1,methyl viologen(red)(aq) = methyl viologen(ox)(aq) + H2(g),78ERB/BUR,298.15,,7,,1.00E1,,
7,1359,2,2,2,methyl viologen(red)(aq) = methyl viologen(ox)(aq) + H2(g),78ERB/BUR,298.15,,8,,1.20E-1,,
7,1359,2,2,3,methyl viologen(red)(aq) = methyl viologen(ox)(aq) + H2(g),78ERB/BUR,298.15,,9,,1.30E-3,,
7,1359,2,2,4,methyl viologen(red)(aq) = methyl viologen(ox)(aq) + H2(g),78ERB/BUR,298.15,,9.85,,2.20E-5,,
7,1360,1,1,1,carbamoyl phosphate(aq) + L-aspartate(aq) = orthophosphate(aq) + N-carbamoyl-L-aspartate(aq),87HSU/WED,303.15,,7,,5.90E3,,
7,1360,1,2,1,(R)-3-hydroxytetradecanoyl-[acyl-carrier-protein](aq) + UDP-N-acetyl-D-glucosamine(aq) = acyl-carrier-protein(aq) + UDP-3-O-(3-hydroxytetradecanoyl)-N-acetyl-D-glucosamine(aq),93AND/BUL,296.15,,7.4,,7.00E-3,,
7,1360,1,2,2,(R)-3-hydroxytetradecanoyl-[acyl-carrier-protein](aq) + UDP-N-acetyl-D-glucosamine(aq) = acyl-carrier-protein(aq) + UDP-3-O-(3-hydroxytetradecanoyl)-N-acetyl-D-glucosamine(aq),93AND/BUL,296.15,,8,,9.50E-3,,
7,1360,1,2,3,(R)-3-hydroxytetradecanoyl-[acyl-carrier-protein](aq) + UDP-N-acetyl-D-glucosamine(aq) = acyl-carrier-protein(aq) + UDP-3-O-(3-hydroxytetradecanoyl)-N-acetyl-D-glucosamine(aq),93AND/BUL,296.15,,8.5,,4.00E-3,,
7,1360,1,2,4,(R)-3-hydroxytetradecanoyl-[acyl-carrier-protein](aq) + UDP-N-acetyl-D-glucosamine(aq) = acyl-carrier-protein(aq) + UDP-3-O-(3-hydroxytetradecanoyl)-N-acetyl-D-glucosamine(aq),93AND/BUL,296.15,,9,,2.00E-3,,
7,1360,2,1,1,acetyl-CoA(aq) + corrinoid protein(aq) = carbon monoxide(aq) + methylcorrinoid protein(aq) + CoA(aq),06TAN/SUR,298.15,,8,,2.00E7,,"[Kprime noted as K'c]; [corrects https://w3id.org/related-to/doi.org/10.5281/zenodo.3978439/files/TECRDB.csv#entry3488]; [TODO: check with primary literature, as original and corrected entry differ so much]"
,,,,,,,,,,,,,
7,1360,2,2,1,2 '-deoxyinosine(aq) + orthophosphate(aq) = hypoxanthine(aq) + 2-deoxy-{\alpha}-D-ribose 1-phosphate(aq),50FRI,297.15,,7.4,,1.90E-2,,"[same data was shown in part 2, page 564, col 2, table 2; the data in part 2 (https://w3id.org/related-to/doi.org/10.5281/zenodo.3978439/files/TECRDB.csv#entry2902 is considered the authoritative one]) "
7,1360,2,3,1,inosine(aq) + orthophosphate(aq) = hypoxanthine(aq) + {\alpha}-D-ribose 1-phosphate(aq),47KAL,303.15,,7.5,,1.90E-2,,
7,1360,2,4,1,uridine(aq) + orthophosphate(aq) = uracil(aq) + {\alpha}-D-ribose 1-phosphate(aq),83VIT/HUA,303.15,,7.56,,5.80E-1,,
7,1361,1,1,1,AMP(aq) + pyrophosphate(aq) = adenine(aq) + 5-phospho-{\alpha}-D-ribose 1-diphosphate(aq),66HOR/HEN,303.15,,7.4,,3.50E-3,,
7,1361,1,2,1,IMP(aq) + pyrophosphate(aq) = hypoxanthine(aq) + 5-phospho-{\alpha}-D-ribose 1-diphosphate(aq),97XU/EAD,303.15,,7.4,,3.30E-6,,
7,1361,1,3,1,orotidine 5'-phosphate(aq) + pyrophosphate(aq) = orotate(aq) + 5-phospho-{\alpha}-D-ribose 1-diphosphate(aq),90BHA/VIN,303.15,,8,,9.30E0,,
7,1361,2,1,1,{\beta}-nicotinamide mononucleotide(aq) + pyrophosphate(aq) = nicotinic acid(aq) + 5-phospho-{\alpha}-D-ribose 1-diphosphate(aq),93VIN/GRU,303.15,,8,,1.50E0,,
7,1361,2,2,1,5'-methylthioadenosine(aq) + orthophosphate(aq) = adenine(aq) + 5-methylthio-D-ribose 1-phosphate(aq),86RAG/CAR,310.15,,7.4,,1.39E-2,,
7,1361,2,3,1,4-aminobutanoate(aq) + 2-oxoglutarate(aq) = 4-oxobutanoate(aq) + L-glutamate(aq),72DUF/NEL,298.15,,8.5,,2.90E-1,,
7,1361,2,4,1,4-aminobutanoate(aq) + 2-oxoglutarate(aq) = 4-oxobutanoate(aq) + L-glutamate(aq),79VAN/DEB,295.15,,8.5,,4.00E-2,,
7,1362,1,1,1,4-aminobutanoate(aq) + 2-oxoglutarate(aq) = 4-oxobutanoate(aq) + L-glutamate(aq),85VAN/SCH,295.15,,8.5,,4.00E-2,,
7,1362,1,2,1,(2-aminoethyl)phosphonate(aq) + pyruvate(aq) = 2-phosphonoacetaldehyde(aq) + L-alanine(aq),02KIM/BAK,298.15,,8.5,,5.00E-1,,
7,1362,1,3,1,L-leucine(aq) + 2-oxoglutarate(aq) = 2-oxoisocaproate(aq) + L-glutamate(aq),00TEW/GOL,298.15,,7.19,,2.42E0,,I_m = 0.31 mol/kg; [corrects https://w3id.org/related-to/doi.org/10.5281/zenodo.3978439/files/TECRDB.csv#entry739]
7,1362,2,1,1,L-leucine(aq) + 2-oxoglutarate(aq) = 2-oxoisocaproate(aq) + L-glutamate(aq),00TEW/GOL,298.15,,7.2,,,5.12,I_m = 0.31 mol/kg; [corrects https://w3id.org/related-to/doi.org/10.5281/zenodo.3978439/files/TECRDB.csv#entry746]
,,,,,,,,,,,,,
,,,,,,,,,,,,,
7,1362,2,2,1,"L-tert-leucine(aq) + 2-oxoglutarate(aq) = 3,3-dimethyl-2-oxobutanoate(aq) + L-glutamate(aq) ",00TEW/GOL,298.15,,7.19,,6.01E0,,I_m = 0.31 mol/kg
7,1362,2,3,1,"L-tert-leucine(aq) + 2-oxoglutarate(aq) = 3,3-dimethyl-2-oxobutanoate(aq) + L-glutamate(aq)",00TEW/GOL,298.15,,7.2,,,4,I_m = 0.31 mol/kg
7,1363,1,1,1,L-valine(aq) + 2-oxoglutarate(aq) = 2-oxovalerate(aq) + L-glutamate(aq),00TEW/GOL,298.15,,7.21,,1.67E0,,I_m = 0.31 mol/kg; [corrects https://w3id.org/related-to/doi.org/10.5281/zenodo.3978439/files/TECRDB.csv#entry740]
7,1363,1,2,1,L-valine(aq) + 2-oxoglutarate(aq) = 2-oxovalerate(aq) + L-glutamate(aq),00TEW/GOL,298.15,,7.21,,,4.84,I_m = 0.31 mol/kg; [corrects https://w3id.org/related-to/doi.org/10.5281/zenodo.3978439/files/TECRDB.csv#entry738]
,,,,,,,,,,,,,
,,,,,,,,,,,,,
7,1363,2,1,1,O-phospho-L-serine(aq) + 2-oxoglutarate(aq) = 3-phosphono-oxypyruvate(aq) + L-glutamate(aq),99BAS/MAR,305,,7.8,,2.50E-2,,
7,1363,2,2,1,ATP(aq) + D-glucose(aq) = ADP(aq) + D-glucose 6-phosphate(aq),03BIA,298.15,,7.6,,,-25,Buffer=phosphate;Enzyme=Hxk1
7,1363,2,2,2,ATP(aq) + D-glucose(aq) = ADP(aq) + D-glucose 6-phosphate(aq),03BIA,298.15,,7.6,,,-19.9,Buffer=phosphate;Enzyme=Hxk2
7,1363,2,2,3,ATP(aq) + D-glucose(aq) = ADP(aq) + D-glucose 6-phosphate(aq),03BIA,298.15,,7.6,,,-40.8,Buffer=Hepes;Enzyme=Hxk1
7,1363,2,2,4,ATP(aq) + D-glucose(aq) = ADP(aq) + D-glucose 6-phosphate(aq),03BIA,298.15,,7.6,,,-32.4,Buffer=Hepes;Enzyme=Hxk2
7,1363,2,2,5,ATP(aq) + D-glucose(aq) = ADP(aq) + D-glucose 6-phosphate(aq),03BIA,298.15,,7.6,,,-42.9,Buffer=Mops;Enzyme=Hxk1
7,1363,2,2,6,ATP(aq) + D-glucose(aq) = ADP(aq) + D-glucose 6-phosphate(aq),03BIA,298.15,,7.6,,,-33.4,Buffer=Mops;Enzyme=Hxk2
7,1363,2,2,7,ATP(aq) + D-glucose(aq) = ADP(aq) + D-glucose 6-phosphate(aq),03BIA,298.15,,7.6,,,-54.4,Buffer=imidazole;Enzyme=Hxk1
7,1363,2,2,8,ATP(aq) + D-glucose(aq) = ADP(aq) + D-glucose 6-phosphate(aq),03BIA,298.15,,7.6,,,-47,Buffer=imidazole;Enzyme=Hxk2
7,1363,2,2,9,ATP(aq) + D-glucose(aq) = ADP(aq) + D-glucose 6-phosphate(aq),03BIA,298.15,,7.6,,,-65.9,Buffer=Tris;Enzyme=Hxk1
7,1363,2,2,10,ATP(aq) + D-glucose(aq) = ADP(aq) + D-glucose 6-phosphate(aq),03BIA,298.15,,7.6,,,-49.2,Buffer=Tris;Enzyme=Hxk2
7,1363,2,2,11,ATP(aq) + D-glucose(aq) = ADP(aq) + D-glucose 6-phosphate(aq),03BIA,298.15,,7.6,,,-61.15,Buffer=Tris;Enzyme=Hxk1
7,1363,2,2,12,ATP(aq) + D-glucose(aq) = ADP(aq) + D-glucose 6-phosphate(aq),03BIA,298.15,,7.6,,,-33.79,Buffer=Mops;Enzyme=Hxk2
7,1363,2,2,13,ATP(aq) + D-glucose(aq) = ADP(aq) + D-glucose 6-phosphate(aq),03BIA,298.15,,7.6,,,-62.76,Buffer=Tris;Enzyme=Hxk1;c(KCl)=0.025M
7,1363,2,2,14,ATP(aq) + D-glucose(aq) = ADP(aq) + D-glucose 6-phosphate(aq),03BIA,298.15,,7.6,,,-32.18,Buffer=Mops;Enzyme=Hxk2;c(KCl)=0.025M
7,1363,2,2,15,ATP(aq) + D-glucose(aq) = ADP(aq) + D-glucose 6-phosphate(aq),03BIA,298.15,,7.6,,,-67.91,Buffer=Tris;Enzyme=Hxk1;c(KCl)=0.05M
7,1363,2,2,16,ATP(aq) + D-glucose(aq) = ADP(aq) + D-glucose 6-phosphate(aq),03BIA,298.15,,7.6,,,-32.18,Buffer=Mops;Enzyme=Hxk2;c(KCl)=0.05M
7,1363,2,2,17,ATP(aq) + D-glucose(aq) = ADP(aq) + D-glucose 6-phosphate(aq),03BIA,298.15,,7.6,,,-61.15,Buffer=Tris;Enzyme=Hxk1;c(KCl)=0.075M
7,1363,2,2,18,ATP(aq) + D-glucose(aq) = ADP(aq) + D-glucose 6-phosphate(aq),03BIA,298.15,,7.6,,,-33.79,Buffer=Mops;Enzyme=Hxk2;c(KCl)=0.075M
7,1363,2,2,19,ATP(aq) + D-glucose(aq) = ADP(aq) + D-glucose 6-phosphate(aq),03BIA,298.15,,7.6,,,-63.56,Buffer=Tris;Enzyme=Hxk1;c(KCl)=0.1M
7,1363,2,2,20,ATP(aq) + D-glucose(aq) = ADP(aq) + D-glucose 6-phosphate(aq),03BIA,298.15,,7.6,,,-32.99,Buffer=Mops;Enzyme=Hxk2;c(KCl)=0.1M
7,1363,2,2,21,ATP(aq) + D-glucose(aq) = ADP(aq) + D-glucose 6-phosphate(aq),03BIA,298.15,,7.6,,,-66.46,Buffer=Tris;Enzyme=Hxk1;c(KCl)=0.125M
7,1363,2,2,22,ATP(aq) + D-glucose(aq) = ADP(aq) + D-glucose 6-phosphate(aq),03BIA,298.15,,7.6,,,-32.18,Buffer=Mops;Enzyme=Hxk2;c(KCl)=0.125M
7,1363,2,2,23,ATP(aq) + D-glucose(aq) = ADP(aq) + D-glucose 6-phosphate(aq),03BIA,298.15,,7.6,,,-67.59,Buffer=Tris;Enzyme=Hxk1;c(KCl)=0.15M
7,1363,2,2,24,ATP(aq) + D-glucose(aq) = ADP(aq) + D-glucose 6-phosphate(aq),03BIA,298.15,,7.6,,,-33.79,Buffer=Mops;Enzyme=Hxk2;c(KCl)=0.15M
7,1363,2,2,25,ATP(aq) + D-glucose(aq) = ADP(aq) + D-glucose 6-phosphate(aq),03BIA,298.15,,7.6,,,-63.56,Buffer=Tris;Enzyme=Hxk1;c(KCl)=0.175M
7,1363,2,2,26,ATP(aq) + D-glucose(aq) = ADP(aq) + D-glucose 6-phosphate(aq),03BIA,298.15,,7.6,,,-33.79,Buffer=Mops;Enzyme=Hxk2;c(KCl)=0.175M
7,1363,2,2,27,ATP(aq) + D-glucose(aq) = ADP(aq) + D-glucose 6-phosphate(aq),03BIA,298.15,,7.6,,,-67.59,Buffer=Tris;Enzyme=Hxk1;c(KCl)=0.2M
7,1363,2,2,28,ATP(aq) + D-glucose(aq) = ADP(aq) + D-glucose 6-phosphate(aq),03BIA,298.15,,7.6,,,-32.99,Buffer=Mops;Enzyme=Hxk2;c(KCl)=0.2M
,,,,,,,,,,,,,
7,1364,1,1,1,ATP(aq) + serpeptide(aq) = ADP(aq) + phosphorylated serpeptide(aq),92QAM/YOO,298.15,,6,,1.60E2,,
7,1364,1,1,2,ATP(aq) + serpeptide(aq) = ADP(aq) + phosphorylated serpeptide(aq),92QAM/YOO,298.15,,7.2,,2.40E3,,
7,1364,1,2,1,ATP(aq) + syntide 2(aq) = ADP(aq) + phosphosyntide(aq),90KWI/HUA,298.15,,7.5,,3.50E3,,
7,1364,1,3,1,ATP(aq) + pyruvate(aq) = phosphoenolpyruvate(aq) + ADP(aq),02DOB/HIT,298.15,,6.98,3.22,3.01E-5,,
7,1364,1,3,2,ATP(aq) + pyruvate(aq) = phosphoenolpyruvate(aq) + ADP(aq),02DOB/HIT,298.15,,6.94,3.26,2.82E-5,,
7,1364,1,3,3,ATP(aq) + pyruvate(aq) = phosphoenolpyruvate(aq) + ADP(aq),02DOB/HIT,278.43,0.25,7,3,2.25E-5,,
7,1364,1,3,4,ATP(aq) + pyruvate(aq) = phosphoenolpyruvate(aq) + ADP(aq),02DOB/HIT,280.13,0.25,7,3,2.46E-5,,
7,1364,1,3,5,ATP(aq) + pyruvate(aq) = phosphoenolpyruvate(aq) + ADP(aq),02DOB/HIT,298.15,0.25,7,3,2.65E-5,,
7,1364,1,3,6,ATP(aq) + pyruvate(aq) = phosphoenolpyruvate(aq) + ADP(aq),02DOB/HIT,307.93,0.25,7,3,2.74E-5,,
7,1364,1,3,7,ATP(aq) + pyruvate(aq) = phosphoenolpyruvate(aq) + ADP(aq),02DOB/HIT,318.14,0.25,7,3,2.84E-5,,
7,1364,1,3,8,ATP(aq) + pyruvate(aq) = phosphoenolpyruvate(aq) + ADP(aq),02DOB/HIT,298.15,0.25,6.4,3,1.11E-4,,
7,1364,1,3,9,ATP(aq) + pyruvate(aq) = phosphoenolpyruvate(aq) + ADP(aq),02DOB/HIT,298.15,0.25,6.7,3,6.98E-5,,
7,1364,1,3,10,ATP(aq) + pyruvate(aq) = phosphoenolpyruvate(aq) + ADP(aq),02DOB/HIT,298.15,0.25,7,3,2.78E-5,,
7,1364,1,3,11,ATP(aq) + pyruvate(aq) = phosphoenolpyruvate(aq) + ADP(aq),02DOB/HIT,298.15,0.25,7.4,3,1.58E-5,,
7,1364,1,3,12,ATP(aq) + pyruvate(aq) = phosphoenolpyruvate(aq) + ADP(aq),02DOB/HIT,298.15,0.25,7.8,3,1.03E-5,,
7,1364,2,1,1,"pyrophosphate(aq) + D-fructose 6-phosphate(aq) = orthophosphate(aq) + D-fructose 1,6-bisphosphate(aq)",84BER/COO,298.15,,8,,6.00E-3,,
7,1365,1,1,1,ATP(aq) + myosin light chain(aq) = ADP(aq) + myosin light chain phosphate(aq),85GEU/MAY,303.15,,7.2,,5.90E1,,
7,1365,1,2,1,2-aminobenzoic acid(aq) + ATP(aq) = 2-aminobenzoic acid adenylate(aq) + pyrophosphate(aq),92KEL/SCH,301.15,,6.8,,1.50E-5,,
7,1365,1,3,1,3-aminobenzoic acid(aq) + ATP(aq) = 3-aminobenzoic acid adenylate(aq) + pyrophosphate(aq),92KEL/SCH,301.15,,6.8,,1.10E-6,,
7,1365,1,4,1,4-aminobenzoic acid(aq) + ATP(aq) = 4-aminobenzoic acid adenylate(aq) + pyrophosphate(aq),92KEL/SCH,301.15,,6.8,,1.00E-3,,
7,1365,2,1,1,benzoic acid(aq) + ATP(aq) = benzoic acid adenylate(aq) + pyrophosphate(aq),92KEL/SCH,301.15,,6.8,,1.00E-5,,
7,1365,2,2,1,"2,3-dihydroxybenzoic acid(aq) + ATP(aq) = 2,3-dihydroxybenzoic acid adenylate(aq) + pyrophosphate(aq) ",92KEL/SCH,301.15,,6.8,,4.00E-6,,
7,1365,2,3,1,3-hydroxyanthranilic acid(aq) + ATP(aq) = 3-hydroxyanthranilic acid adenylate(aq) + pyrophosphate(aq) ,92KEL/SCH,301.15,,6.8,,5.80E-4,,
7,1365,2,4,1,3-hydroxybenzoic acid(aq) + ATP(aq) = 3-hydroxybenzoic acid adenylate(aq) + pyrophosphate(aq),92KEL/SCH,301.15,,6.8,,1.70E-4,,
7,1366,1,1,1,4-hydroxybenzoic acid(aq) + ATP(aq) = 4-hydroxybenzoic acid adenylate(aq) + pyrophosphate(aq),92KEL/SCH,301.15,,6.8,,4.10E-4,,
7,1366,1,2,1,3-hydroxy-4-methylbenzoic acid(aq) + ATP(aq) = 3-hydroxy-4-methylbenzoic acid adenylate(aq) + pyrophosphate(aq),92KEL/SCH,301.15,,6.8,,4.60E-3,,
7,1366,1,2,2,3-hydroxy-4-methylbenzoic acid(aq) + ATP(aq) = 3-hydroxy-4-methylbenzoic acid adenylate(aq) + pyrophosphate(aq),92KEL/SCH,301.15,,6.8,,4.59E-3,,
7,1366,1,2,3,3-hydroxy-4-methylbenzoic acid(aq) + ATP(aq) = 3-hydroxy-4-methylbenzoic acid adenylate(aq) + pyrophosphate(aq),92KEL/SCH,301.15,,6.8,,3.81E-3,,
7,1366,1,2,4,3-hydroxy-4-methylbenzoic acid(aq) + ATP(aq) = 3-hydroxy-4-methylbenzoic acid adenylate(aq) + pyrophosphate(aq),92KEL/SCH,301.15,,6.8,,3.19E-3,,
7,1366,1,3,1,3-methylbenzoic acid(aq) + ATP(aq) = 3-methylbenzoic acid adenylate(aq) + pyrophosphate(aq),92KEL/SCH,301.15,,6.8,,2.10E-4,,
7,1366,2,1,1,4-methylbenzoic acid(aq) + ATP(aq) = 4-methylbenzoic acid adenylate(aq) + pyrophosphate(aq),92KEL/SCH,301.15,,6.8,,5.40E-4,,
7,1366,2,2,1,ATP(aq) + creatine(aq) = ADP(aq) + phosphocreatine(aq),00LIA/HUA,298.15,,9,,3.35E-1,,
7,1366,2,3,1,ATP(aq) + creatine(aq) = ADP(aq) + phosphocreatine(aq),00LIA/HUA,298.15,,9,,,-24.8,
7,1366,2,4,1,ATP(aq) + L-arginine(aq) = ADP(aq) + N-{\omega}-phospho-L-arginine(aq),99TEA/DOB,298.15,0.25,7.13,2.25,2.77E-2,,c(Mg2+)=0.00565M
7,1366,2,4,2,ATP(aq) + L-arginine(aq) = ADP(aq) + N-{\omega}-phospho-L-arginine(aq),99TEA/DOB,278.15,0.25,7,3,2.21E-2,,c(Mg2+)=0.0010M
7,1366,2,4,3,ATP(aq) + L-arginine(aq) = ADP(aq) + N-{\omega}-phospho-L-arginine(aq),99TEA/DOB,288.15,0.25,7,3,2.52E-2,,c(Mg2+)=0.0010M
7,1366,2,4,4,ATP(aq) + L-arginine(aq) = ADP(aq) + N-{\omega}-phospho-L-arginine(aq),99TEA/DOB,298.15,0.25,7,3,2.82E-2,,c(Mg2+)=0.0010M
7,1366,2,4,5,ATP(aq) + L-arginine(aq) = ADP(aq) + N-{\omega}-phospho-L-arginine(aq),99TEA/DOB,306.15,0.25,7,3,2.99E-2,,c(Mg2+)=0.0010M
7,1366,2,4,6,ATP(aq) + L-arginine(aq) = ADP(aq) + N-{\omega}-phospho-L-arginine(aq),99TEA/DOB,313.15,0.25,7,3,3.34E-2,,c(Mg2+)=0.0010M
7,1366,2,4,7,ATP(aq) + L-arginine(aq) = ADP(aq) + N-{\omega}-phospho-L-arginine(aq),99TEA/DOB,298.15,0.25,6.4,3,1.03E-2,,c(Mg2+)=0.0010M
7,1366,2,4,8,ATP(aq) + L-arginine(aq) = ADP(aq) + N-{\omega}-phospho-L-arginine(aq),99TEA/DOB,298.15,0.25,6.7,3,1.73E-2,,c(Mg2+)=0.0010M
7,1366,2,4,9,ATP(aq) + L-arginine(aq) = ADP(aq) + N-{\omega}-phospho-L-arginine(aq),99TEA/DOB,298.15,0.25,7,3,3.21E-2,,c(Mg2+)=0.0010M
7,1366,2,4,10,ATP(aq) + L-arginine(aq) = ADP(aq) + N-{\omega}-phospho-L-arginine(aq),99TEA/DOB,298.15,0.25,7.4,3,7.25E-2,,c(Mg2+)=0.0010M
7,1366,2,4,11,ATP(aq) + L-arginine(aq) = ADP(aq) + N-{\omega}-phospho-L-arginine(aq),99TEA/DOB,298.15,0.25,7.8,3,1.74E-1,,c(Mg2+)=0.0010M
7,1366,2,4,12,ATP(aq) + L-arginine(aq) = ADP(aq) + N-{\omega}-phospho-L-arginine(aq),99TEA/DOB,298.15,0.25,8.2,3,4.65E-1,,c(Mg2+)=0.0010M
7,1366,2,4,13,ATP(aq) + L-arginine(aq) = ADP(aq) + N-{\omega}-phospho-L-arginine(aq),99TEA/DOB,298.15,0.25,7,4,9.03E-2,,c(Mg2+)=0.00010M
7,1366,2,4,14,ATP(aq) + L-arginine(aq) = ADP(aq) + N-{\omega}-phospho-L-arginine(aq),99TEA/DOB,298.15,0.25,7,3.6,6.06E-2,,c(Mg2+)=0.00025M
7,1366,2,4,15,ATP(aq) + L-arginine(aq) = ADP(aq) + N-{\omega}-phospho-L-arginine(aq),99TEA/DOB,298.15,0.25,7,3.3,4.45E-2,,c(Mg2+)=0.00050M
7,1366,2,4,16,ATP(aq) + L-arginine(aq) = ADP(aq) + N-{\omega}-phospho-L-arginine(aq),99TEA/DOB,298.15,0.25,7,3,3.07E-2,,c(Mg2+)=0.0010M
7,1366,2,4,17,ATP(aq) + L-arginine(aq) = ADP(aq) + N-{\omega}-phospho-L-arginine(aq),99TEA/DOB,298.15,0.25,7,2.7,2.52E-2,,c(Mg2+)=0.0020M
7,1366,2,4,18,ATP(aq) + L-arginine(aq) = ADP(aq) + N-{\omega}-phospho-L-arginine(aq),99TEA/DOB,298.15,0.25,7,2.4,2.15E-2,,c(Mg2+)=0.0040M
7,1367,1,1,1,ATP(aq) + sulfate(aq) = pyrophosphate(aq) + adenylylsulfate(aq),76FAR/CRY,303.15,,8,,2.50E-9,,
7,1367,1,2,1,deoxynucleoside triphosphate(aq) + poly[d-(A-T)]n(aq) = pyrophosphate(aq) + poly[d-(A-T))]n+1(aq),75MCC/JOV,310.15,,7.5,,3.00E2,,
7,1367,2,1,1,ADP(aq) + D-glucose 1-phosphate(aq) = ADPglucose(aq) + orthophosphate(aq),06MCC/ARA,298.15,,7,,2.00E-1,,c(MgCl2)=0 M
7,1367,2,1,2,ADP(aq) + D-glucose 1-phosphate(aq) = ADPglucose(aq) + orthophosphate(aq),06MCC/ARA,298.15,,7,4,2.50E-2,,c(MgCl2)=0.0001M
7,1367,2,2,1,ATP(aq) + pyruvate(aq) + H2O(l) = AMP(aq) + phosphoenolpyruvate(aq) + orthophosphate(aq),99SAK/UTS,323.15,,6.5,,5.20E1,,
7,1368,1,1,1,benzyl alcohol(sln)+ butyl acetate(sln) = benzyl acetate(sln)+ 1-butanol(sln),04TEW/IHA,303.15,,,,0.248,,[solvent is supercritical carbon dioxide (P=10.0 MPa)]
7,1368,1,1,2,benzyl alcohol(sln)+ butyl acetate(sln) = benzyl acetate(sln)+ 1-butanol(sln),04TEW/IHA,308.15,,,,0.236,,[solvent is supercritical carbon dioxide (P=10.0 MPa)]
7,1368,1,1,3,benzyl alcohol(sln)+ butyl acetate(sln) = benzyl acetate(sln)+ 1-butanol(sln),04TEW/IHA,313.15,,,0.256,0.245,,[solvent is supercritical carbon dioxide (P=10.0 MPa)]
7,1368,1,1,4,benzyl alcohol(sln)+ butyl acetate(sln) = benzyl acetate(sln)+ 1-butanol(sln),04TEW/IHA,318.15,,,,2.56E-1,,[solvent is supercritical carbon dioxide (P=10.0 MPa)]
7,1368,1,2,1,benzyl alcohol(sln)+ butyl acetate(sln) = benzyl acetate(sln)+ 1-butanol(sln),03TEW/VAN,292.95,,,,3.17E2,,solvent = n-hexane
7,1368,1,2,2,benzyl alcohol(sln)+ butyl acetate(sln) = benzyl acetate(sln)+ 1-butanol(sln),03TEW/VAN,298.15,,,,3.10E2,,solvent = n-hexane
7,1368,1,2,3,benzyl alcohol(sln)+ butyl acetate(sln) = benzyl acetate(sln)+ 1-butanol(sln),03TEW/VAN,303.15,,,,3.17E2,,solvent = n-hexane
7,1368,1,2,4,benzyl alcohol(sln)+ butyl acetate(sln) = benzyl acetate(sln)+ 1-butanol(sln),03TEW/VAN,308.15,,,,3.19E2,,solvent = n-hexane
7,1368,1,2,5,benzyl alcohol(sln)+ butyl acetate(sln) = benzyl acetate(sln)+ 1-butanol(sln),03TEW/VAN,298.15,,,,2.94E2,,solvent = neat reaction mixture
7,1368,1,2,6,benzyl alcohol(sln)+ butyl acetate(sln) = benzyl acetate(sln)+ 1-butanol(sln),03TEW/VAN,298.15,,,,3.05E2,,solvent = carbon tetrachloride
7,1368,1,2,7,benzyl alcohol(sln)+ butyl acetate(sln) = benzyl acetate(sln)+ 1-butanol(sln),03TEW/VAN,298.15,,,,2.99E2,,solvent = acetonitrile
7,1368,1,2,8,benzyl alcohol(sln)+ butyl acetate(sln) = benzyl acetate(sln)+ 1-butanol(sln),03TEW/VAN,298.15,,,,2.37E2,,solvent = tert-butyl methyl ether
7,1368,1,2,9,benzyl alcohol(sln)+ butyl acetate(sln) = benzyl acetate(sln)+ 1-butanol(sln),03TEW/VAN,298.15,,,,2.81E2,,solvent = 2-butanone
7,1368,1,3,1,butyl decanoate(sln) + H2O(sln) = 1-butanol(sln) + 1-decanoic acid(sln),03KOB/FUR,323.15,,,,5.18E-01,,solvent = 2-methyl-2-butanol
7,1368,1,3,2,butyl decanoate(sln) + H2O(sln) = 1-butanol(sln) + 1-decanoic acid(sln),03KOB/FUR,323.15,,,,7.14E-01,,solvent = 2-methylpropan-2-ol
7,1368,1,3,3,butyl decanoate(sln) + H2O(sln) = 1-butanol(sln) + 1-decanoic acid(sln),03KOB/FUR,323.15,,,,2.65E-02,,solvent = butyronitrile
7,1368,1,3,4,butyl decanoate(sln) + H2O(sln) = 1-butanol(sln) + 1-decanoic acid(sln),03KOB/FUR,323.15,,,,4.69E-02,,solvent = propionitrile
7,1368,1,3,5,butyl decanoate(sln) + H2O(sln) = 1-butanol(sln) + 1-decanoic acid(sln),03KOB/FUR,323.15,,,,4.46E-02,,solvent = acetonitrile
7,1368,1,3,6,butyl decanoate(sln) + H2O(sln) = 1-butanol(sln) + 1-decanoic acid(sln),03KOB/FUR,323.15,,,,2.69E-01,,"solvent = 1,4-dioxane"
7,1368,1,3,7,butyl decanoate(sln) + H2O(sln) = 1-butanol(sln) + 1-decanoic acid(sln),03KOB/FUR,323.15,,,,4.35E-01,,solvent = 2-methylpropan-2-ol (x= 0.795) + acetonitrile (x= 0.205)
7,1368,1,3,8,butyl decanoate(sln) + H2O(sln) = 1-butanol(sln) + 1-decanoic acid(sln),03KOB/FUR,323.15,,,,3.56E-01,,solvent = 2-methylpropan-2-ol (x= 0.624) + acetonitrile (x= 0.376)
7,1368,1,3,9,butyl decanoate(sln) + H2O(sln) = 1-butanol(sln) + 1-decanoic acid(sln),03KOB/FUR,323.15,,,,2.30E-01,,solvent = 2-methylpropan-2-ol (x= 0.357) + acetonitrile (x= 0.643)
7,1368,1,3,10,butyl decanoate(sln) + H2O(sln) = 1-butanol(sln) + 1-decanoic acid(sln),03KOB/FUR,323.15,,,,1.25E-01,,solvent = 2-methylpropan-2-ol (x= 0.156) + acetonitrile (x= 0.844)
7,1368,1,3,11,butyl decanoate(sln) + H2O(sln) = 1-butanol(sln) + 1-decanoic acid(sln),03KOB/FUR,323.15,,,,4.63E-01,,solvent = 2-methylpropan-2-ol (x= 0.624) +  propionitrile (x= 0.376)
7,1368,1,3,12,butyl decanoate(sln) + H2O(sln) = 1-butanol(sln) + 1-decanoic acid(sln),03KOB/FUR,323.15,,,,0.144,,solvent = 2-methylpropan-2-ol (x=0.156) + propionitrile (x=0.844)
7,1368,1,3,13,butyl decanoate(sln) + H2O(sln) = 1-butanol(sln) + 1-decanoic acid(sln),03KOB/FUR,323.15,,,,0.377,,solvent = 2-methylpropan-2-ol (x=0.624) + butyronitrile (x=0.376)
7,1368,1,3,14,butyl decanoate(sln) + H2O(sln) = 1-butanol(sln) + 1-decanoic acid(sln),03KOB/FUR,323.15,,,,0.159,,solvent = 2-methylpropan-2-ol (x=0.156) + butyronitrile (x=0.844)
7,1368,1,3,15,butyl decanoate(sln) + H2O(sln) = 1-butanol(sln) + 1-decanoic acid(sln),03KOB/FUR,323.15,,,,0.289,,solvent = 2-methyl-2-butanol (x=0.526) +acetonitrile (x=0.474)
7,1368,1,3,16,butyl decanoate(sln) + H2O(sln) = 1-butanol(sln) + 1-decanoic acid(sln),03KOB/FUR,323.15,,,,0.122,,solvent = 2-methyl-2-butanol (x=0.156) +acetonitrile (x=0.844)
7,1368,1,3,17,butyl decanoate(sln) + H2O(sln) = 1-butanol(sln) + 1-decanoic acid(sln),03KOB/FUR,323.15,,,,0.4,,solvent = 2-methyl-2-butanol (x=0.846) + butyronitrile (x=0.154)
7,1368,1,3,18,butyl decanoate(sln) + H2O(sln) = 1-butanol(sln) + 1-decanoic acid(sln),03KOB/FUR,323.15,,,,0.0952,,solvent = 2-methyl-2-butanol (x=0.101) + butyronitrile (x=0.899)
7,1368,2,1,1,"1,2-dioctanoyl glycerol(sln) + 2 H2O(sln) = glycerol(sln) + 2 n-octanoic acid(sln) ",01TEW/BUN,310.15,,,,0.0709,,solvent = acetonitrile
7,1368,2,1,2,"1,2-dioctanoyl glycerol(sln) + 2 H2O(sln) = glycerol(sln) + 2 n-octanoic acid(sln) ",01TEW/BUN,310.15,,,,1.042,,solvent = benzene
7,1368,2,1,3,"1,2-dioctanoyl glycerol(sln) + 2 H2O(sln) = glycerol(sln) + 2 n-octanoic acid(sln) ",01TEW/BUN,310.15,,,,0.885,,solvent = toluene
7,1368,2,1,4,"1,2-dioctanoyl glycerol(sln) + 2 H2O(sln) = glycerol(sln) + 2 n-octanoic acid(sln) ",01TEW/BUN,310.15,,,,0.676,,solvent = neat reaction mixture
7,1368,2,2,1,"1,2-dioctanoyl glycerol(sln) + H2O(sln) = 1-mono-octanoyl glycerol(sln) + n-octanoic acid(sln) ",01TEW/BUN,310.15,,,,0.286,,solvent = acetonitrile
7,1368,2,2,2,"1,2-dioctanoyl glycerol(sln) + H2O(sln) = 1-mono-octanoyl glycerol(sln) + n-octanoic acid(sln) ",01TEW/BUN,310.15,,,,0.408,,solvent = benzene
7,1368,2,2,3,"1,2-dioctanoyl glycerol(sln) + H2O(sln) = 1-mono-octanoyl glycerol(sln) + n-octanoic acid(sln) ",01TEW/BUN,310.15,,,,0.397,,solvent = toluene
7,1368,2,2,4,"1,2-dioctanoyl glycerol(sln) + H2O(sln) = 1-mono-octanoyl glycerol(sln) + n-octanoic acid(sln) ",01TEW/BUN,310.15,,,,1.02,,solvent = neat reaction mixture
7,1368,2,3,1,"1,2-dioctanoyl glycerol(sln) + H2O(sln) = 2-mono-octanoyl glycerol(sln) + n-octanoic acid(sln) ",01TEW/BUN,310.15,,,,0.15,,solvent = acetonitrile
7,1368,2,3,2,"1,2-dioctanoyl glycerol(sln) + H2O(sln) = 2-mono-octanoyl glycerol(sln) + n-octanoic acid(sln) ",01TEW/BUN,310.15,,,,0.2,,solvent = benzene
7,1368,2,3,3,"1,2-dioctanoyl glycerol(sln) + H2O(sln) = 2-mono-octanoyl glycerol(sln) + n-octanoic acid(sln) ",01TEW/BUN,310.15,,,,0.2,,solvent = toluene
7,1368,2,3,4,"1,2-dioctanoyl glycerol(sln) + H2O(sln) = 2-mono-octanoyl glycerol(sln) + n-octanoic acid(sln) ",01TEW/BUN,310.15,,,,0.51,,solvent = neat reaction mixture
7,1369,1,1,1,"1,3-dioctanoyl glycerol(sln) + 2 H2O(sln) = glycerol(sln) + 2 n-octanoic acid(sln) ",01TEW/BUN,310.15,,,,0.0483,,solvent = acetonitrile
7,1369,1,1,2,"1,3-dioctanoyl glycerol(sln) + 2 H2O(sln) = glycerol(sln) + 2 n-octanoic acid(sln) ",01TEW/BUN,310.15,,,,0.714,,solvent = benzene
7,1369,1,1,3,"1,3-dioctanoyl glycerol(sln) + 2 H2O(sln) = glycerol(sln) + 2 n-octanoic acid(sln) ",01TEW/BUN,310.15,,,,0.602,,solvent = toluene
7,1369,1,1,4,"1,3-dioctanoyl glycerol(sln) + 2 H2O(sln) = glycerol(sln) + 2 n-octanoic acid(sln) ",01TEW/BUN,310.15,,,,0.455,,solvent = neat reaction mixture
7,1369,1,2,1,"1,3-dioctanoyl glycerol(sln) + H2O(sln) = 1-mono-octanoyl glycerol(sln) + n-octanoic acid(sln) ",01TEW/BUN,310.15,,,,0.2,,solvent = acetonitrile
7,1369,1,2,2,"1,3-dioctanoyl glycerol(sln) + H2O(sln) = 1-mono-octanoyl glycerol(sln) + n-octanoic acid(sln) ",01TEW/BUN,310.15,,,,0.28,,solvent = benzene
7,1369,1,2,3,"1,3-dioctanoyl glycerol(sln) + H2O(sln) = 1-mono-octanoyl glycerol(sln) + n-octanoic acid(sln) ",01TEW/BUN,310.15,,,,0.27,,solvent = toluene
7,1369,1,2,4,"1,3-dioctanoyl glycerol(sln) + H2O(sln) = 1-mono-octanoyl glycerol(sln) + n-octanoic acid(sln) ",01TEW/BUN,310.15,,,,0.69,,solvent = neat reaction mixture
7,1369,1,3,1,dodecyldodecanoate(sln) + H2O(sln) = 1-dodecanol(sln) + 1-dodecanoic acid(sln),98TEW,298.15,,,,0.0253,,"solvent = hexane; [this data is surprisingly similar to part 6, page 945, col 2, table 2, with only the reversed reaction / inverse value; TODO: check the literature whether the reaction was really approached from two directions]"
7,1369,1,3,2,dodecyldodecanoate(sln) + H2O(sln) = 1-dodecanol(sln) + 1-dodecanoic acid(sln),98TEW,298.15,,,,0.0283,,"solvent = heptane; [this data is surprisingly similar to part 6, page 945, col 2, table 2, with only the reversed reaction / inverse value; TODO: check the literature whether the reaction was really approached from two directions]"
7,1369,1,3,3,dodecyldodecanoate(sln) + H2O(sln) = 1-dodecanol(sln) + 1-dodecanoic acid(sln),98TEW,298.15,,,,0.0429,,"solvent = cyclohexane; [this data is surprisingly similar to part 6, page 945, col 2, table 2, with only the reversed reaction / inverse value; TODO: check the literature whether the reaction was really approached from two directions]"
7,1369,1,3,4,dodecyldodecanoate(sln) + H2O(sln) = 1-dodecanol(sln) + 1-dodecanoic acid(sln),98TEW,298.15,,,,0.0368,,"solvent = 2,2,4-trimethylpentane; [this data is surprisingly similar to part 6, page 945, col 2, table 2, with only the reversed reaction / inverse value; TODO: check the literature whether the reaction was really approached from two directions]"
7,1369,1,3,5,dodecyldodecanoate(sln) + H2O(sln) = 1-dodecanol(sln) + 1-dodecanoic acid(sln),98TEW,298.15,,,,0.0559,,"solvent = toluene; [this data is surprisingly similar to part 6, page 945, col 2, table 2, with only the reversed reaction / inverse value; TODO: check the literature whether the reaction was really approached from two directions]"
7,1369,1,4,1,D-glucose(sln) + 1-dodecanoic acid(sln) = 1-dodecanoyl D-glucose ester(sln) + H2O(sln),02FLO/HAL,333.15,,,,3.00E-1,,[solvent is 2-methl 2-butanol]
7,1369,2,1,1,1-dodecanoic acid(sln) + (-)-menthol(sln) = (-)-menthyl dodecanoate(sln) + H2O(sln),99TEW/SCH,298.15,,,,6.5,,"solvent = hexane; [same data was shown in part 6, page 946, col 1, table 1; the occurence there is considered the authoritative one]"
7,1369,2,1,2,1-dodecanoic acid(sln) + (-)-menthol(sln) = (-)-menthyl dodecanoate(sln) + H2O(sln),99TEW/SCH,298.15,,,,21.7,,"solvent = heptane; [same data was shown in part 6, page 946, col 1, table 1; the occurence there is considered the authoritative one]"
7,1369,2,1,3,1-dodecanoic acid(sln) + (-)-menthol(sln) = (-)-menthyl dodecanoate(sln) + H2O(sln),99TEW/SCH,298.15,,,,23.7,,"solvent = cyclohexane; [same data was shown in part 6, page 946, col 1, table 1; the occurence there is considered the authoritative one]"
7,1369,2,1,4,1-dodecanoic acid(sln) + (-)-menthol(sln) = (-)-menthyl dodecanoate(sln) + H2O(sln),99TEW/SCH,298.15,,,,16.2,,"solvent = 2,2,4-trimethylpentane; [same data was shown in part 6, page 946, col 1, table 1; the occurence there is considered the authoritative one]"
7,1369,2,1,5,1-dodecanoic acid(sln) + (-)-menthol(sln) = (-)-menthyl dodecanoate(sln) + H2O(sln),99TEW/SCH,298.15,,,,12,,"solvent = toluene; [same data was shown in part 6, page 946, col 1, table 1; the occurence there is considered the authoritative one]"
7,1369,2,1,6,1-dodecanoic acid(sln) + (-)-menthol(sln) = (-)-menthyl dodecanoate(sln) + H2O(sln),99TEW/SCH,298.15,,,,3.23,,"solvent = acetonitrile; [same data was shown in part 6, page 946, col 1, table 1; the occurence there is considered the authoritative one]"
7,1369,2,1,7,1-dodecanoic acid(sln) + (-)-menthol(sln) = (-)-menthyl dodecanoate(sln) + H2O(sln),99TEW/SCH,298.15,,,,5.82,,"solvent = 2-methyl-2-butanol; [same data was shown in part 6, page 946, col 1, table 1; the occurence there is considered the authoritative one]"
7,1369,2,2,1,(-)-menthol(sln) + dodecyl dodecanoate(sln) = (-)-menthyl dodecanoate(sln) + 1-dodecanol(sln),00TEW,287.85,,,,0.333,,"solvent = 2,2,4-trimethyl pentane"
7,1369,2,2,2,(-)-menthol(sln) + dodecyl dodecanoate(sln) = (-)-menthyl dodecanoate(sln) + 1-dodecanol(sln),00TEW,293.55,,,,0.368,,"solvent = 2,2,4-trimethyl pentane"
7,1369,2,2,3,(-)-menthol(sln) + dodecyl dodecanoate(sln) = (-)-menthyl dodecanoate(sln) + 1-dodecanol(sln),00TEW,298.05,,,,0.359,,"solvent = 2,2,4-trimethyl pentane"
7,1369,2,2,4,(-)-menthol(sln) + dodecyl dodecanoate(sln) = (-)-menthyl dodecanoate(sln) + 1-dodecanol(sln),00TEW,303.3,,,,0.345,,"solvent = 2,2,4-trimethyl pentane"
7,1369,2,2,5,(-)-menthol(sln) + dodecyl dodecanoate(sln) = (-)-menthyl dodecanoate(sln) + 1-dodecanol(sln),00TEW,298.15,,,,0.362,,solvent = n-hexane
7,1369,2,2,6,(-)-menthol(sln) + dodecyl dodecanoate(sln) = (-)-menthyl dodecanoate(sln) + 1-dodecanol(sln),00TEW,282.95,,,,0.378,,solvent = n-heptane
7,1369,2,2,7,(-)-menthol(sln) + dodecyl dodecanoate(sln) = (-)-menthyl dodecanoate(sln) + 1-dodecanol(sln),00TEW,288.15,,,,0.387,,solvent = n-heptane
7,1369,2,2,8,(-)-menthol(sln) + dodecyl dodecanoate(sln) = (-)-menthyl dodecanoate(sln) + 1-dodecanol(sln),00TEW,293.15,,,,0.407,,solvent = n-heptane
7,1369,2,2,9,(-)-menthol(sln) + dodecyl dodecanoate(sln) = (-)-menthyl dodecanoate(sln) + 1-dodecanol(sln),00TEW,298.15,,,,0.41,,solvent = n-heptane
7,1369,2,2,10,(-)-menthol(sln) + dodecyl dodecanoate(sln) = (-)-menthyl dodecanoate(sln) + 1-dodecanol(sln),00TEW,282.95,,,,0.359,,solvent = toluene
7,1369,2,2,11,(-)-menthol(sln) + dodecyl dodecanoate(sln) = (-)-menthyl dodecanoate(sln) + 1-dodecanol(sln),00TEW,288.15,,,,0.365,,solvent = toluene
7,1369,2,2,12,(-)-menthol(sln) + dodecyl dodecanoate(sln) = (-)-menthyl dodecanoate(sln) + 1-dodecanol(sln),00TEW,293.15,,,,0.356,,solvent = toluene
7,1369,2,2,13,(-)-menthol(sln) + dodecyl dodecanoate(sln) = (-)-menthyl dodecanoate(sln) + 1-dodecanol(sln),00TEW,298.15,,,,0.364,,solvent = toluene
7,1370,1,1,1,1-mono-octanoyl glycerol(sln) + H2O(sln) = glycerol(sln) + n-octanoic acid(sln),01TEW/BUN,310.15,,,,0.257,,solvent = acetonitrile
7,1370,1,1,2,1-mono-octanoyl glycerol(sln) + H2O(sln) = glycerol(sln) + n-octanoic acid(sln),01TEW/BUN,310.15,,,,2.5,,solvent = benzene
7,1370,1,1,3,1-mono-octanoyl glycerol(sln) + H2O(sln) = glycerol(sln) + n-octanoic acid(sln),01TEW/BUN,310.15,,,,2.17,,solvent = toluene
7,1370,1,1,4,1-mono-octanoyl glycerol(sln) + H2O(sln) = glycerol(sln) + n-octanoic acid(sln),01TEW/BUN,310.15,,,,0.69,,solvent = neat reaction mixture
7,1370,1,2,1,2-mono-octanoyl glycerol(sln) + H2O(sln) = glycerol(sln) + n-octanoic acid(sln),01TEW/BUN,310.15,,,,0.515,,solvent = acetonitrile
7,1370,1,2,2,2-mono-octanoyl glycerol(sln) + H2O(sln) = glycerol(sln) + n-octanoic acid(sln),01TEW/BUN,310.15,,,,5,,solvent = benzene
7,1370,1,2,3,2-mono-octanoyl glycerol(sln) + H2O(sln) = glycerol(sln) + n-octanoic acid(sln),01TEW/BUN,310.15,,,,4.35,,solvent = toluene
7,1370,1,2,4,2-mono-octanoyl glycerol(sln) + H2O(sln) = glycerol(sln) + n-octanoic acid(sln),01TEW/BUN,310.15,,,,1.37,,solvent = neat reaction mixture
7,1370,1,3,1,oleic acid(sln) + 1-butanol(sln) = 1-butyl oleate(sln) + H2O(sln),00FLO/SEW,308.15,,,,9.10E1,,solvent = 1-butanol
7,1370,1,4,1,(R)-(+)-1-phenyl-1-butanol(sln) + butyl acetate(sln) = (R)-(+)-1-phenyl 1-butyl acetate(sln) + 1-butanol(sln),03TEW/VAN,298.15,,,,1.11E-1,,solvent = n-hexane
7,1370,2,1,1,(R)-(+)-1-phenyl ethanol(sln) + butyl acetate(sln) = (R)-(+)-1-phenyl ethyl acetate(sln) + 1-butanol(sln),03TEW/VAN,292.95,,,,0.103,,solvent = n-hexane
7,1370,2,1,2,(R)-(+)-1-phenyl ethanol(sln) + butyl acetate(sln) = (R)-(+)-1-phenyl ethyl acetate(sln) + 1-butanol(sln),03TEW/VAN,298.15,,,,0.107,,solvent = n-hexane
7,1370,2,1,3,(R)-(+)-1-phenyl ethanol(sln) + butyl acetate(sln) = (R)-(+)-1-phenyl ethyl acetate(sln) + 1-butanol(sln),03TEW/VAN,303.15,,,,0.114,,solvent = n-hexane
7,1370,2,1,4,(R)-(+)-1-phenyl ethanol(sln) + butyl acetate(sln) = (R)-(+)-1-phenyl ethyl acetate(sln) + 1-butanol(sln),03TEW/VAN,308.15,,,,0.111,,solvent = n-hexane
7,1370,2,1,5,(R)-(+)-1-phenyl ethanol(sln) + butyl acetate(sln) = (R)-(+)-1-phenyl ethyl acetate(sln) + 1-butanol(sln),03TEW/VAN,298.15,,,,0.294,,solvent = neat reaction mixture
7,1370,2,1,6,(R)-(+)-1-phenyl ethanol(sln) + butyl acetate(sln) = (R)-(+)-1-phenyl ethyl acetate(sln) + 1-butanol(sln),03TEW/VAN,298.15,,,,0.112,,solvent = carbon tetrachloride
7,1370,2,1,7,(R)-(+)-1-phenyl ethanol(sln) + butyl acetate(sln) = (R)-(+)-1-phenyl ethyl acetate(sln) + 1-butanol(sln),03TEW/VAN,298.15,,,,0.138,,solvent = acetonitrile
7,1370,2,1,8,(R)-(+)-1-phenyl ethanol(sln) + butyl acetate(sln) = (R)-(+)-1-phenyl ethyl acetate(sln) + 1-butanol(sln),03TEW/VAN,298.15,,,,0.101,,solvent = tert-butyl methyl ether
7,1370,2,1,9,(R)-(+)-1-phenyl ethanol(sln) + butyl acetate(sln) = (R)-(+)-1-phenyl ethyl acetate(sln) + 1-butanol(sln),03TEW/VAN,298.15,,,,0.104,,solvent = 2-butanone
7,1370,2,2,1,(R)-(+)-1-phenyl-1-propanol(sln) + butyl acetate(sln) = (R)-(+)-1-phenyl-1-propyl acetate(sln) + 1-butanol(sln),03TEW/VAN,298.15,,,,1.05E-1,,[solvent is n-hexane]
7,1370,2,3,1,"1,2,3-trioctanoyl glycerol(sln) + H2O(sln) = 1,2-dioctanoyl glycerol(sln) + n-octanoic acid(sln) ",01TEW/BUN,310.15,,,,0.752,,solvent = acetonitrile
7,1370,2,3,2,"1,2,3-trioctanoyl glycerol(sln) + H2O(sln) = 1,2-dioctanoyl glycerol(sln) + n-octanoic acid(sln) ",01TEW/BUN,310.15,,,,0.617,,solvent = benzene
7,1370,2,3,3,"1,2,3-trioctanoyl glycerol(sln) + H2O(sln) = 1,2-dioctanoyl glycerol(sln) + n-octanoic acid(sln) ",01TEW/BUN,310.15,,,,0.503,,solvent = toluene
7,1370,2,3,4,"1,2,3-trioctanoyl glycerol(sln) + H2O(sln) = 1,2-dioctanoyl glycerol(sln) + n-octanoic acid(sln) ",01TEW/BUN,310.15,,,,1.75,,solvent = neat reaction mixture
7,1371,1,1,1,"1,2,3-trioctanoyl glycerol(sln) + H2O(sln) = 1,3-dioctanoyl glycerol(sln) + n-octanoic acid(sln) ",01TEW/BUN,310.15,,,,1.11,,solvent = acetonitrile
7,1371,1,1,2,"1,2,3-trioctanoyl glycerol(sln) + H2O(sln) = 1,3-dioctanoyl glycerol(sln) + n-octanoic acid(sln) ",01TEW/BUN,310.15,,,,0.91,,solvent = benzene
7,1371,1,1,3,"1,2,3-trioctanoyl glycerol(sln) + H2O(sln) = 1,3-dioctanoyl glycerol(sln) + n-octanoic acid(sln) ",01TEW/BUN,310.15,,,,0.74,,solvent = toluene
7,1371,1,1,4,"1,2,3-trioctanoyl glycerol(sln) + H2O(sln) = 1,3-dioctanoyl glycerol(sln) + n-octanoic acid(sln) ",01TEW/BUN,310.15,,,,2.56,,solvent = neat reaction mixture
7,1371,1,2,1,"1,2,3-trioctanoyl glycerol(sln) + 3 H2O(sln) = glycerol(sln) + 3 n-octanoic acid(sln) ",01TEW/BUN,310.15,,,,0.061,,solvent = acetonitrile
7,1371,1,2,2,"1,2,3-trioctanoyl glycerol(sln) + 3 H2O(sln) = glycerol(sln) + 3 n-octanoic acid(sln) ",01TEW/BUN,310.15,,,,0.645,,solvent = benzene
7,1371,1,2,3,"1,2,3-trioctanoyl glycerol(sln) + 3 H2O(sln) = glycerol(sln) + 3 n-octanoic acid(sln) ",01TEW/BUN,310.15,,,,0.444,,solvent = toluene
7,1371,1,2,4,"1,2,3-trioctanoyl glycerol(sln) + 3 H2O(sln) = glycerol(sln) + 3 n-octanoic acid(sln) ",01TEW/BUN,310.15,,,,1.16,,solvent = neat reaction mixture
7,1371,1,3,1,"1,2,3-trioctanoyl glycerol(sln) + 2 H2O(sln) = 1-monooctanoyl glycerol(sln) + 2 n-octanoic acid(sln) ",01TEW/BUN,310.15,,,,0.23,,solvent = acetonitrile
7,1371,1,3,2,"1,2,3-trioctanoyl glycerol(sln) + 2 H2O(sln) = 1-monooctanoyl glycerol(sln) + 2 n-octanoic acid(sln) ",01TEW/BUN,310.15,,,,0.25,,solvent = benzene
7,1371,1,3,3,"1,2,3-trioctanoyl glycerol(sln) + 2 H2O(sln) = 1-monooctanoyl glycerol(sln) + 2 n-octanoic acid(sln) ",01TEW/BUN,310.15,,,,0.2,,solvent = toluene
7,1371,1,3,4,"1,2,3-trioctanoyl glycerol(sln) + 2 H2O(sln) = 1-monooctanoyl glycerol(sln) + 2 n-octanoic acid(sln) ",01TEW/BUN,310.15,,,,1.75,,solvent = neat reaction mixture
7,1371,1,4,1,"1,2,3-trioctanoyl glycerol(sln) + 2 H2O(sln) = 1-monooctanoyl glycerol(sln) + 2 n-octanoic acid(sln) ",01TEW/BUN,310.15,,,,0.12,,solvent = acetonitrile; [TODO: check with primary literature; reaction might be wrong as there is another table with exactly the same reaction but different K values]
7,1371,1,4,2,"1,2,3-trioctanoyl glycerol(sln) + 2 H2O(sln) = 1-monooctanoyl glycerol(sln) + 2 n-octanoic acid(sln) ",01TEW/BUN,310.15,,,,0.13,,solvent = benzene; [TODO: check with primary literature; reaction might be wrong as there is another table with exactly the same reaction but different K values]
7,1371,1,4,3,"1,2,3-trioctanoyl glycerol(sln) + 2 H2O(sln) = 1-monooctanoyl glycerol(sln) + 2 n-octanoic acid(sln) ",01TEW/BUN,310.15,,,,0.1,,solvent = toluene; [TODO: check with primary literature; reaction might be wrong as there is another table with exactly the same reaction but different K values]
7,1371,1,4,4,"1,2,3-trioctanoyl glycerol(sln) + 2 H2O(sln) = 1-monooctanoyl glycerol(sln) + 2 n-octanoic acid(sln) ",01TEW/BUN,310.15,,,,0.88,,solvent = neat reaction mixture; [TODO: check with primary literature; reaction might be wrong as there is another table with exactly the same reaction but different K values]
7,1371,2,1,1,cis-2-hydroxycyclopentanemethanol cyclic phosphate(aq) + H2O(l) = cis-2-hydroxycyclopentanemethanol {\alpha}-phosphate(aq),80GER/GUT,298.15,,7.3,,,-10.5,
7,1371,2,2,1,trans-2-hydroxycyclopentanemethanol cyclic phosphate(aq) + H2O(l) = trans-2-hydroxycyclopentanemethanol {\alpha}-phosphate(aq),80GER/GUT,298.15,,7.3,,,-32.9,
7,1371,2,3,1,"(1R,2S)-trans-2-hydroxytetrahydrofuranmethanol cyclic phosphate(aq) + H2O(l) = (1R,2S)-trans-2-hydroxytetrahydrofuranmethanol {\alpha}-phosphate(aq) ",80GER/GUT,298.15,,7.3,,,-44.2,
7,1372,1,1,1,5-methoxytrimethylene phosphate(aq) + H2O(l) = 2-methoxy-3-hydroxypropyl phosphate(aq),80GER/GUT,298.15,,7.3,,,-20.5,
7,1372,1,2,1,5-methyltrimethylene phosphate(aq) + H2O(l) = 2-methyl-3-hydroxypropyl phosphate(aq),80GER/GUT,298.15,,7.3,,,-15.7,
7,1372,1,3,1,phosphoenolpyruvate(aq) + H2O(l) = pyruvate(aq) + orthophosphate(aq),03GOL/TEW,298.15,,7.62,,,-32.36,I_m = 0.33 mol/kg; [corrects https://w3id.org/related-to/doi.org/10.5281/zenodo.3978439/files/TECRDB.csv#entry2275]
,,,,,,,,,,,,,
7,1372,2,1,1,adenosine 3':5'-(cyclic)phosphate(aq) + H2O(l) = AMP(aq),03GOL/TEW,298.15,0.32,7.53,,,-56.32,pMg = 4.20
7,1372,2,2,1,guanosine 3':5'-cyclic phosphate(aq) + H2O(l) = guanosine 5'-phosphate(aq),89HAG/ROS,298.15,,7.15,,,-46.9,
7,1372,2,3,1,ADPglucose(aq) + H2O(l) = {\alpha}-D-glucose 1-phosphate(aq) + AMP(aq),00ROD/BAR,298.15,,7,,1.10E2,,
7,1373,1,1,1,sucrose(aq) + H2O(l) = D-glucose(aq) + D-fructose(aq),94REK/SCH,298.15,,4.94,,,-14.8,
7,1373,1,2,1,sucrose(aq) + H2O(l) = D-glucose(aq) + D-fructose(aq),99HUT/OEH,298.15,,4.6,,,-15.4,"[the same data is presented in part 6, page 950, col 1, table 1, but with a slightly different value (-15.5 kJ/mol); the appearance in part 6 is considered the authoritative one]"
7,1373,1,3,1,inosine(aq) + H2O(l) = hypoxanthine(aq) + D-ribose(aq),91PAR/HOR,310.15,,7.5,,1.06E2,,
7,1373,1,4,1,4-nitrophenyl acetate(aq) + H2O(l) = 4-nitrophenol(aq) + acetate(aq),05SIR/HUT,298.15,,,,,-100,volume fraction acetonitrile = 1.6
7,1373,1,4,2,4-nitrophenyl acetate(aq) + H2O(l) = 4-nitrophenol(aq) + acetate(aq),05SIR/HUT,298.15,,,,,-106,volume fraction acetonitrile = 4
7,1373,1,4,3,4-nitrophenyl acetate(aq) + H2O(l) = 4-nitrophenol(aq) + acetate(aq),05SIR/HUT,298.15,,,,,-102,volume fraction acetonitrile = 10
7,1373,2,1,1,succinylAla-Ala-Pro-Leu-(4-nitrophenyl)analide(aq) + H2O(l) = succinylAla-Ala-Pro-Leu(aq) + (4-nitrophenyl)analide(aq),94WIL/TOO,295.15,,8.6,,,-26.8,
7,1373,2,2,1,succinylAla-Ala-Pro-Phe-(4-nitrophenyl)analide(aq) + H2O(l) = succinylAla-Ala-Pro-Phe(aq) + (4-nitrophenyl)analide(aq),94WIL/TOO,295.15,,8.6,,,-26.4,
7,1373,2,3,1,L-asparagine(aq) + H2O(l) = L-aspartate(aq) + ammonia(aq),00KIS/TEW,298.15,,7.03,,,-25.63,I_m = 0.11 mol/kg; [corrects https://w3id.org/related-to/doi.org/10.5281/zenodo.3978439/files/TECRDB.csv#entry1906]
,,,,,,,,,,,,,
7,1373,2,4,1,L-glutamine(aq) + H2O(l) = L-glutamate(aq) + ammonia(aq),00KIS/TEW,298.15,,5.14,,,-24.39,I_m = 0.11 mol/kg; [corrects https://w3id.org/related-to/doi.org/10.5281/zenodo.3978439/files/TECRDB.csv#entry1905]
,,,,,,,,,,,,,
7,1374,1,1,1,amoxicillin(aq) + H2O(l) = 6-aminopenicillanic acid(aq) + D-(4-hydroxyphenyl)glycine(aq),98DIE/STR,298.15,,5.1,,1.85,,"[corrects https://w3id.org/related-to/doi.org/10.5281/zenodo.3978439/files/TECRDB.csv#entry2042]; [make sure to see the other references (ref. 80, 81, 150) from part 7]; [there is a version of this data with less accuracy in part 6, page 952, col 1, table 3; the occurence here in part 7 is considered the authoritative one]"
7,1374,1,1,2,amoxicillin(aq) + H2O(l) = 6-aminopenicillanic acid(aq) + D-(4-hydroxyphenyl)glycine(aq),98DIE/STR,298.15,,5.1,,2.09,,"[corrects https://w3id.org/related-to/doi.org/10.5281/zenodo.3978439/files/TECRDB.csv#entry2040]; [make sure to see the other references (ref. 80, 81, 150) from part 7]; [there is a version of this data with less accuracy in part 6, page 952, col 1, table 3; the occurence here in part 7 is considered the authoritative one]"
7,1374,1,1,3,amoxicillin(aq) + H2O(l) = 6-aminopenicillanic acid(aq) + D-(4-hydroxyphenyl)glycine(aq),98DIE/STR,298.15,,5.6,,8.06,,"[corrects https://w3id.org/related-to/doi.org/10.5281/zenodo.3978439/files/TECRDB.csv#entry2038]; [make sure to see the other references (ref. 80, 81, 150) from part 7]; [there is a version of this data with less accuracy in part 6, page 952, col 1, table 3; the occurence here in part 7 is considered the authoritative one]"
7,1374,1,1,4,amoxicillin(aq) + H2O(l) = 6-aminopenicillanic acid(aq) + D-(4-hydroxyphenyl)glycine(aq),98DIE/STR,298.15,,5.6,,6.67,,"[corrects https://w3id.org/related-to/doi.org/10.5281/zenodo.3978439/files/TECRDB.csv#entry2036]; [make sure to see the other references (ref. 80, 81, 150) from part 7]; [there is a version of this data with less accuracy in part 6, page 952, col 1, table 3; the occurence here in part 7 is considered the authoritative one]"
7,1374,1,1,5,amoxicillin(aq) + H2O(l) = 6-aminopenicillanic acid(aq) + D-(4-hydroxyphenyl)glycine(aq),98DIE/STR,298.15,,5.6,,4.83,,"[corrects https://w3id.org/related-to/doi.org/10.5281/zenodo.3978439/files/TECRDB.csv#entry2037]; [make sure to see the other references (ref. 80, 81, 150) from part 7]; [there is a version of this data with less accuracy in part 6, page 952, col 1, table 3; the occurence here in part 7 is considered the authoritative one]"
7,1374,1,1,6,amoxicillin(aq) + H2O(l) = 6-aminopenicillanic acid(aq) + D-(4-hydroxyphenyl)glycine(aq),98DIE/STR,298.15,,6,,20.4,,"[corrects https://w3id.org/related-to/doi.org/10.5281/zenodo.3978439/files/TECRDB.csv#entry2039]; [make sure to see the other references (ref. 80, 81, 150) from part 7]; [there is a version of this data with less accuracy in part 6, page 952, col 1, table 3; the occurence here in part 7 is considered the authoritative one]"
7,1374,1,1,7,amoxicillin(aq) + H2O(l) = 6-aminopenicillanic acid(aq) + D-(4-hydroxyphenyl)glycine(aq),98DIE/STR,298.15,,6,,15,,"[corrects https://w3id.org/related-to/doi.org/10.5281/zenodo.3978439/files/TECRDB.csv#entry2041]; [make sure to see the other references (ref. 80, 81, 150) from part 7]; [there is a version of this data with less accuracy in part 6, page 952, col 1, table 3; the occurence here in part 7 is considered the authoritative one]"
,,,,,,,,,,,,,
,,,,,,,,,,,,,
,,,,,,,,,,,,,
,,,,,,,,,,,,,
,,,,,,,,,,,,,
,,,,,,,,,,,,,
,,,,,,,,,,,,,
7,1374,1,2,1,cefamandole(aq) + H2O(l) = 7-amino-3-1-methyl-IIItetrazol-5-yl-thiomethyl-cephalosporanic acid(aq) + D-mandelic acid(aq),99NIE/SCH,283.15,,4.25,,0.023,,
7,1374,1,2,2,cefamandole(aq) + H2O(l) = 7-amino-3-1-methyl-IIItetrazol-5-yl-thiomethyl-cephalosporanic acid(aq) + D-mandelic acid(aq),99NIE/SCH,303.15,,4.25,,0.029,,
7,1374,1,2,3,cefamandole(aq) + H2O(l) = 7-amino-3-1-methyl-IIItetrazol-5-yl-thiomethyl-cephalosporanic acid(aq) + D-mandelic acid(aq),99NIE/SCH,303.15,,3,,0.0425,,
7,1374,1,2,4,cefamandole(aq) + H2O(l) = 7-amino-3-1-methyl-IIItetrazol-5-yl-thiomethyl-cephalosporanic acid(aq) + D-mandelic acid(aq),99NIE/SCH,303.15,,3.5,,0.0283,,
7,1374,1,2,5,cefamandole(aq) + H2O(l) = 7-amino-3-1-methyl-IIItetrazol-5-yl-thiomethyl-cephalosporanic acid(aq) + D-mandelic acid(aq),99NIE/SCH,303.15,,3.76,,0.0359,,
7,1374,1,2,6,cefamandole(aq) + H2O(l) = 7-amino-3-1-methyl-IIItetrazol-5-yl-thiomethyl-cephalosporanic acid(aq) + D-mandelic acid(aq),99NIE/SCH,303.15,,4,,0.03,,
7,1374,1,2,7,cefamandole(aq) + H2O(l) = 7-amino-3-1-methyl-IIItetrazol-5-yl-thiomethyl-cephalosporanic acid(aq) + D-mandelic acid(aq),99NIE/SCH,303.15,,4.28,,0.0275,,
7,1374,1,2,8,cefamandole(aq) + H2O(l) = 7-amino-3-1-methyl-IIItetrazol-5-yl-thiomethyl-cephalosporanic acid(aq) + D-mandelic acid(aq),99NIE/SCH,303.15,,4.51,,0.0417,,
7,1374,1,2,9,cefamandole(aq) + H2O(l) = 7-amino-3-1-methyl-IIItetrazol-5-yl-thiomethyl-cephalosporanic acid(aq) + D-mandelic acid(aq),99NIE/SCH,303.15,,5.02,,0.0825,,
7,1374,2,1,1,2-acetamidohept-6-enoic acid(aq) + H2O(l)  = acetate(aq) + 2-aminohept-6-enoic acid(aq),94WIL/TOO,298.15,,7.5,,,-3.68,
7,1374,2,2,1,N-acetyl-L-alanine(aq) + H2O(l) = acetate(aq) + L-alanine(aq),94WIL/TOO,298.15,,7.5,,,-4.85,
7,1374,2,3,1,N-acetyl-L-cysteine(aq) + H2O(l) = acetate(aq) + L-cysteine(aq),94WIL/TOO,298.15,,7.5,,,-3.22,
7,1374,2,4,1,N-acetyl-L-methionine(aq) + H2O(l) = acetate(aq) + L-methionine(aq),93WIL/TOO,298.15,,7.5,,,-2.34,
7,1375,1,1,1,N-acetyl-L-norleucine(aq) + H2O(l) = acetate(aq) + L-norleucine(aq) ,94WIL/TOO,298.15,,7.5,,,-3.47,
7,1375,1,2,1,N-acetyl-L-valine(aq) + H2O(l)  = acetate(aq) + L-valine(aq),94WIL/TOO,298.15,,7.5,,,-3.05,
7,1375,1,3,1,N-acetyl-L-phenylalanine(aq) + H2O(l) = acetate(aq) + L-phenylalanine(aq),93WIL/TOO,298.15,,7.5,,,-2.76,
7,1375,1,4,1,anandamide(aq) + H2O(l) = ethanolamine(aq) + arachidonic acid(aq),99KAT/UED,310.15,,6,,1.50E0,,[corrects https://w3id.org/related-to/doi.org/10.5281/zenodo.3978439/files/TECRDB.csv#entry2751]; [TODO: check with primary literature; it is suspicious that all values from this table were wrong]
7,1375,1,4,2,anandamide(aq) + H2O(l) = ethanolamine(aq) + arachidonic acid(aq),99KAT/UED,310.15,,7.4,,4.10E-1,,[corrects https://w3id.org/related-to/doi.org/10.5281/zenodo.3978439/files/TECRDB.csv#entry2750]; [TODO: check with primary literature; it is suspicious that all values from this table were wrong]
7,1375,1,4,3,anandamide(aq) + H2O(l) = ethanolamine(aq) + arachidonic acid(aq),99KAT/UED,310.15,,9,,2.20E-1,,[corrects https://w3id.org/related-to/doi.org/10.5281/zenodo.3978439/files/TECRDB.csv#entry2749]; [TODO: check with primary literature; it is suspicious that all values from this table were wrong]
,,,,,,,,,,,,,
,,,,,,,,,,,,,
,,,,,,,,,,,,,
7,1375,2,1,1,palmitoylethanolamide(aq) + H2O(l) = ethanolamine(aq) + palmitic acid(aq),99KAT/UED,310.15,,9,,2.20E-2,,[corrects https://w3id.org/related-to/doi.org/10.5281/zenodo.3978439/files/TECRDB.csv#entry2757]; [TODO: check with primary literature; it is suspicious that this value from this table was wrong]
,,,,,,,,,,,,,
7,1375,2,2,1,"5,6-dihydrouracil(aq) + H2O(l) = 3-ureidopropanoic acid(aq)",07TEW/KIS,298.15,,6.8,,2.59E1,,I_m = 0.28 mol/kg; [corrects https://w3id.org/related-to/doi.org/10.5281/zenodo.3978439/files/TECRDB.csv#entry983]
7,1375,2,2,2,"5,6-dihydrouracil(aq) + H2O(l) = 3-ureidopropanoic acid(aq)",07TEW/KIS,298.15,,7.38,,6.48E1,,I_m = 0.31 mol/kg; [corrects https://w3id.org/related-to/doi.org/10.5281/zenodo.3978439/files/TECRDB.csv#entry985]
7,1375,2,2,3,"5,6-dihydrouracil(aq) + H2O(l) = 3-ureidopropanoic acid(aq)",07TEW/KIS,298.15,,7.84,,1.60E2,,I_m = 0.32 mol/kg; [corrects https://w3id.org/related-to/doi.org/10.5281/zenodo.3978439/files/TECRDB.csv#entry984]
,,,,,,,,,,,,,
,,,,,,,,,,,,,
,,,,,,,,,,,,,
7,1375,2,3,1,"5,6-dihydrouracil(aq) + H2O(l) = 3-ureidopropanoic acid(aq)",07TEW/KIS,298.15,,7.44,,,0.47,I_m = 0.34 mol/kg; [corrects https://w3id.org/related-to/doi.org/10.5281/zenodo.3978439/files/TECRDB.csv#entry986]
,,,,,,,,,,,,,
7,1376,1,1,1,hydantoin(aq) + H2O(l) = ureidoacetic acid(aq),07TEW/KIS,298.15,0.29,6.57,,1.69E1,,
7,1376,1,1,2,hydantoin(aq) + H2O(l) = ureidoacetic acid(aq),07TEW/KIS,298.15,0.39,7.2,,1.71E2,,
7,1376,1,2,1,hydantoin(aq) + H2O(l) = ureidoacetic acid(aq),07TEW/KIS,298.15,0.37,7.39,,,-3.48,
7,1376,1,3,1,5-(4-hydroxy)-phenylhydantoin(aq) + H2O(l) = 5-(4-hydroxyphenyl) D-carbamoylate(aq),07TEW/KIS,298.15,0.44,7.41,,,-3.7,
7,1376,2,1,1,5-(4-hydroxy)-phenylhydantoin(aq) + 3 H2O(l) = D-(4-hydroxyphenyl)glycine(aq) + carbon dioxide(aq) + ammonia(aq),07TEW/KIS,298.15,0.42,7.41,,,-35.5,
7,1376,2,2,1,5-phenylhydantoin(aq) + H2O(l) = 5-phenyl D-carbamoylate(aq),07TEW/KIS,298.15,0.28,6.85,,2.44E0,,
7,1376,2,2,2,5-phenylhydantoin(aq) + H2O(l) = 5-phenyl D-carbamoylate(aq),07TEW/KIS,298.15,0.31,7.46,,6.66E0,,
7,1376,2,2,3,5-phenylhydantoin(aq) + H2O(l) = 5-phenyl D-carbamoylate(aq),07TEW/KIS,298.15,0.32,7.98,,2.01E1,,
7,1376,2,3,1,5-phenylhydantoin(aq) + H2O(l) = 5-phenyl D-carbamoylate(aq),07TEW/KIS,298.15,0.32,7.42,,,-1.58,
7,1377,1,1,1,5-phenylhydantoin(aq) + 3 H2O(l) = D-phenylglycine(aq) + carbon dioxide(aq) + ammonia(aq),07TEW/KIS,298.15,0.37,7.48,,,-41.6,
7,1377,1,2,1,"GTP(aq) + H2O(l) = ((2R,3S,4R,5R)-5-(2-amino-5-formamido-6-oxo-3,6-dihydropyrimidin-4-ylamino)-3,4-dihydroxytetrahydrofuran-2-yl)methyl tetrahydrogen triphosphate(aq)",99BRA/FIS,303.15,,7,,1.00E-1,,
7,1377,1,3,1,benzonitrile(aq) + 2 H2O(aq) = benzoic acid(aq) + ammonia(aq),05TEW/GOL,298.15,0.29,7.51,,,-76.13,
7,1377,2,1,1,benzyl cyanide(aq) + 2 H2O(aq) = phenylacetic acid(aq) + ammonia(aq),05TEW/GOL,298.15,0.29,7.51,,,-88.06,
7,1377,2,2,1,3-indoleacetonitrile(aq) + 2 H2O(l) = indole-3-acetic acid(aq) + ammonia(aq),05TEW/GOL,298.15,0.29,7.51,,,-97.61,
7,1377,2,3,1,{\alpha}-methylbenzylcyanide(aq) + 2 H2O(l) = {\alpha}-methylbenzene acetic acid(aq) + ammonia(aq),05TEW/GOL,298.15,0.29,7.51,,,-82.59,
7,1378,1,1,1,4-phenylbutyronitrile(aq) + 2 H2O(l) = 4-phenylbutanoic acid(aq) + ammonia(aq),05TEW/GOL,298.15,0.29,7.51,,,-81.03,
7,1378,1,2,1,3-phenylpropionitrile(aq) + 2 H2O(l) = 2-phenylpropanoic acid(aq) + ammonia(aq),05TEW/GOL,298.15,0.29,7.51,,,-90.73,
7,1378,1,3,1,pyrophosphate(aq) + H2O(l) = 2 orthophosphate(aq),04DAS/BOM,303.15,,7.5,,,-27.6,
7,1378,1,3,2,pyrophosphate(aq) + H2O(l) = 2 orthophosphate(aq),04DAS/BOM,303.15,,7.5,,,-26.4,I_m = 0.1 mol/kg
7,1378,2,1,1,ATP(aq) + H2O(l) = ADP(aq) + orthophosphate(aq),04LI/LI,310.15,,7.4,,,-40.41,
7,1378,2,2,1,ITP(aq) + H2O(l) = IMP(aq) + pyrophosphate(aq),79VAN,303.15,,8.5,,3.80E4,,
7,1378,2,3,1,oxaloacetate(aq) = pyruvate(aq) + carbon dioxide(aq),82NG/WON,298.15,,7,,4.70E-1,,
7,1379,1,1,1,orotidine 5 '-phosphate(aq) = UMP(aq) + carbon dioxide(aq),06POD/BEL,328.15,,7.5,,,-20.92,
7,1379,1,2,1,"D-ribulose 1,5-bisphosphate(aq) + carbon dioxide(aq) = 2 3-phospho-D-glycerate(aq)",00FRA/KOS,298.15,,8,,,-62.3,
7,1379,1,3,1,"D-ribulose 1,5-bisphosphate(aq) + O2(aq) = 3-phospho-D-glycerate(aq)",00FRA/KOS,298.15,,8,,,-401,
7,1379,1,4,1,2-deoxy-D-ribose 5-phosphate(aq) = D-glyceraldehyde 3-phosphate(aq) + acetaldehyde(aq),01TIS/IHL,298.15,,7,,2.40E-4,,
7,1379,2,1,1,"D-fructose 1,6-bisphosphate(aq) = glycerone phosphate(aq) + D-glyceraldehyde 3-phosphate(aq)",01TIS/IHL,298.15,,,,0.0001,,[corrects https://w3id.org/related-to/doi.org/10.5281/zenodo.3978439/files/TECRDB.csv#entry2606]
,,,,,,,,,,,,,
7,1379,2,2,1,phosphoenolpyruvate(aq) + D-erythrose 4-phosphate(aq) + H2O(l) = 2-dehydro-3-deoxy-D-arabino-heptonate 7-phosphate(aq) + orthophosphate(aq),01TEW/KIS,298.15,0.09,8.18,,,-67.7,
7,1379,2,3,1,2-oxo-3-deoxy-D-gluconate(aq) = pyruvate(aq) + D-glyceraldehyde(aq),99ELS,313.15,,8,,8.80E-4,,
7,1380,1,1,1,isocitrate(aq) = succinate(aq) + glyoxylate(aq),03RAN/VAN,295.65,,7,,1.15E-3,,[corrects https://w3id.org/related-to/doi.org/10.5281/zenodo.3978439/files/TECRDB.csv#entry257 ]; [in-situ correction: there must be an error in the PDF: the value 870 (as given in the PDF) is for the condensation reaction (i.e. the right-to-left version of what is given as reaction; error resolution: replace in-place with 1/870=1.15e-3 ]
,,,,,,,,,,,,,
7,1380,1,2,1,chorismate(aq) + ammonia(aq) = 2-amino-2-deoxyisochorismate(aq) + H2O(l),00BYR/GOL,288.15,0.15,8.08,,9.50E0,,
7,1380,1,2,2,chorismate(aq) + ammonia(aq) = 2-amino-2-deoxyisochorismate(aq) + H2O(l),00BYR/GOL,293.15,0.15,8,,9.02E0,,
7,1380,1,2,3,chorismate(aq) + ammonia(aq) = 2-amino-2-deoxyisochorismate(aq) + H2O(l),00BYR/GOL,298.15,0.14,7.86,,8.44E0,,
7,1380,1,2,4,chorismate(aq) + ammonia(aq) = 2-amino-2-deoxyisochorismate(aq) + H2O(l),00BYR/GOL,302.75,0.14,7.76,,7.51E0,,
7,1380,1,3,1,chorismate(aq) + ammonia(aq) = anthranilate(aq) + pyruvate(aq) + H2O(l),00BYR/GOL,298.15,0.56,7.79,,,-123.7,
7,1380,2,1,1,3-dehydroquinate(aq) = 3-dehydroshikimate(aq) + H2O(l),02TEW/HAW,298.15,0.069,7.42,,,2.3,
7,1380,2,2,1,(3S)-hydroxybutanoyl-coenzyme A(aq) = trans-but-2-enoyl-coenzyme A + H2O(l),00WU/FEN,298.15,,7.4,,1.30E-1,,
7,1380,2,3,1,L-carnitine(aq) = 4-(trimethylammonio)but-2-enoate(aq) + H2O(l),89JUN/JUN,310.15,,7.8,,1.50E0,,
7,1381,1,1,1,2-dehydro-3-deoxy-D-arabino-heptonate 7-phosphate(aq) = 3-dehydroquinate(aq) + orthophosphate(aq),02TEW/HAW,298.15,,7.5,,4.60E0,,I_m = 0.065 mol/kg; [Kprime noted as K'm]; [corrects https://w3id.org/related-to/doi.org/10.5281/zenodo.3978439/files/TECRDB.csv#entry3588]
,,,,,,,,,,,,,
7,1381,1,2,1,2-dehydro-3-deoxy-D-arabino-heptonate 7-phosphate(aq) = 3-dehydroquinate(aq) + orthophosphate(aq),02TEW/HAW,298.15,,7.46,,,-50.9,I_m = 0.07 mol/kg; pMn = 3.30; [corrects https://w3id.org/related-to/doi.org/10.5281/zenodo.3978439/files/TECRDB.csv#entry3587]
,,,,,,,,,,,,,
7,1381,1,3,1,L-alanine(aq) = D-alanine(aq),84WAS/DAU,310.15,,9.2,,1.01E0,,
7,1381,1,4,1,L-alanine(aq) = D-alanine(aq),85BAD/WAL,310.15,,9,,8.00E-1,,
7,1381,2,1,1,L-alanine(aq) = D-alanine(aq),03WAT/YAM,310.15,,9,,8.00E-1,,"[corrects https://w3id.org/related-to/doi.org/10.5281/zenodo.3978439/files/TECRDB.csv#entry2162]; [TODO: check with primary literature -- it seems suspicious that the value is exactly the same as the previous one on the page, and that the online version of randr contained a different value once]"
,,,,,,,,,,,,,
7,1381,2,2,1,L-alanine(aq) = D-alanine(aq),06ONO/YAN,310.15,,9,,1.00E0,,
7,1381,2,3,1,UDP-N-acetyl-D-glucosamine(aq) = UDP-N-acetyl-D-galactosamine(aq),83PIL/HAN,310.15,,,,3.80E-1,,
7,1382,1,1,1,UDPglucose(aq) = UDPgalactose(aq),83PIL/HAN,310.15,,,,3.80E-1,,
7,1382,1,2,1,UDP-D-glucuronate(aq) = UDP-D-galacturonate(aq),99MUN/LOP,310.15,,7.5,,1.30E0,,
7,1382,1,3,1,D-arabinose(aq) = D-ribose(aq),02VUO/PAS,298.15,,7.2,,2.20E-1,,
7,1382,1,3,2,D-arabinose(aq) = D-ribose(aq),02VUO/PAS,313.15,,7.2,,3.00E-1,,
7,1382,1,3,3,D-arabinose(aq) = D-ribose(aq),02VUO/PAS,323.15,,7.2,,3.20E-1,,
7,1382,1,3,4,D-arabinose(aq) = D-ribose(aq),02VUO/PAS,333.15,,7.2,,3.70E-1,,
7,1382,1,3,5,D-arabinose(aq) = D-ribose(aq),02VUO/PAS,343.15,,7.2,,4.00E-1,,
7,1382,2,1,1,D-arabinose(aq) = D-ribulose(aq),02VUO/PAS,298.15,,7.2,,3.80E-2,,
7,1382,2,1,2,D-arabinose(aq) = D-ribulose(aq),02VUO/PAS,313.15,,7.2,,6.70E-2,,
7,1382,2,1,3,D-arabinose(aq) = D-ribulose(aq),02VUO/PAS,323.15,,7.2,,8.50E-2,,
7,1382,2,1,4,D-arabinose(aq) = D-ribulose(aq),02VUO/PAS,333.15,,7.2,,1.20E-1,,
7,1382,2,1,5,D-arabinose(aq) = D-ribulose(aq),02VUO/PAS,343.15,,7.2,,1.40E-1,,
7,1382,2,2,1,D-erythrose(aq) = D-erythrulose(aq),02VUO/PAS,298.15,,7.2,,2.04E0,,
7,1382,2,2,2,D-erythrose(aq) = D-erythrulose(aq),02VUO/PAS,313.15,,7.2,,2.30E0,,
7,1382,2,2,3,D-erythrose(aq) = D-erythrulose(aq),02VUO/PAS,323.15,,7.2,,2.73E0,,
7,1382,2,2,4,D-erythrose(aq) = D-erythrulose(aq),02VUO/PAS,333.15,,7.2,,2.67E0,,
7,1382,2,2,5,D-erythrose(aq) = D-erythrulose(aq),02VUO/PAS,343.15,,7.2,,3.00E0,,
7,1382,2,3,1,D-erythrose(aq) = D-threose(aq),02VUO/PAS,298.15,,7.2,,9.60E-1,,
7,1382,2,3,2,D-erythrose(aq) = D-threose(aq),02VUO/PAS,313.15,,7.2,,1.04E0,,
7,1382,2,3,3,D-erythrose(aq) = D-threose(aq),02VUO/PAS,323.15,,7.2,,8.20E-1,,
7,1382,2,3,4,D-erythrose(aq) = D-threose(aq),02VUO/PAS,333.15,,7.2,,1.10E0,,
7,1382,2,3,5,D-erythrose(aq) = D-threose(aq),02VUO/PAS,343.15,,7.2,,7.60E-1,,
7,1383,1,1,1,D-glucose(aq) = D-fructose(aq),98CON/DEL,333.15,,7,,9.90E-1,,
7,1383,1,1,2,D-glucose(aq) = D-fructose(aq),98CON/DEL,338.15,,7,,1.02E0,,
7,1383,1,1,3,D-glucose(aq) = D-fructose(aq),98CON/DEL,343.15,,7,,1.14E0,,
7,1383,1,1,4,D-glucose(aq) = D-fructose(aq),98CON/DEL,348.15,,7,,1.21E0,,
7,1383,1,1,5,D-glucose(aq) = D-fructose(aq),98CON/DEL,353.15,,7,,1.39E0,,
7,1383,1,2,1,D-glucose(aq) = D-fructose(aq),02VUO/PAS,333.15,,7.2,,1.03E0,,
7,1383,1,3,1,D-glucose(aq) = D-mannose(aq),02VUO/PAS,333.15,,7.2,,4.80E-1,,
7,1383,2,1,1,D-glucose 6-phosphate(aq) = D-fructose 6-phosphate(aq),04STO/SCH,293.4,,8,1,3.07E-1,,
7,1383,2,1,2,D-glucose 6-phosphate(aq) = D-fructose 6-phosphate(aq),04STO/SCH,298.4,,8,1,3.95E-1,,
7,1383,2,2,1,D-glucose 6-phosphate(aq) = D-fructose 6-phosphate(aq),04STO/SCH,293.4,,8,1,,7.64E0,"[TODO: check with primary literature: the pdf says in the table header the value is Kprime, but the table comment is about Delta_rH(cal), and this makes much more sense]"
7,1383,2,2,2,D-glucose 6-phosphate(aq) = D-fructose 6-phosphate(aq),04STO/SCH,298.15,,8,1,,1.17E1,"[TODO: check with primary literature: the pdf says in the table header the value is Kprime, but the table comment is about Delta_rH(cal), and this makes much more sense]"
7,1383,2,2,3,D-glucose 6-phosphate(aq) = D-fructose 6-phosphate(aq),04STO/SCH,298.4,,8,1,,8.16E0,"[TODO: check with primary literature: the pdf says in the table header the value is Kprime, but the table comment is about Delta_rH(cal), and this makes much more sense]"
7,1383,2,2,4,D-glucose 6-phosphate(aq) = D-fructose 6-phosphate(aq),04STO/SCH,303.4,,8,1,,8.13E0,"[TODO: check with primary literature: the pdf says in the table header the value is Kprime, but the table comment is about Delta_rH(cal), and this makes much more sense]"
7,1383,2,2,5,D-glucose 6-phosphate(aq) = D-fructose 6-phosphate(aq),04STO/SCH,311.5,,8,1,,8.96E0,"[TODO: check with primary literature: the pdf says in the table header the value is Kprime, but the table comment is about Delta_rH(cal), and this makes much more sense]"
7,1383,2,3,1,D-arabinose 5-phosphate(aq) = D-ribulose 5-phosphate(aq),03MER/WOO,310.15,,7.5,,5.00E-1,,
7,1384,1,1,1,"(3{\beta},5{\alpha})-cholesta-7,24-diene-3-ol(aq) = (3{\beta},5{\alpha})-cholesta-8,24-diene-3-ol(aq)",02NES/ZHO,310.15,,7.5,,1.40E1,,
7,1384,1,2,1,2-phospho-D-glycerate(aq) = 3-phospho-D-glycerate(aq),71BRI/CLA,298.15,,7.4,,1.19E1,,
7,1384,1,3,1,2-phospho-D-glycerate(aq) = 3-phospho-D-glycerate(aq),78ROS/DUB,298.15,,7.5,,1.27E1,,
7,1384,2,1,1,2-phospho-D-glycerate(aq) = 3-phospho-D-glycerate(aq),88GAU,298.15,,7.4,,2.80E0,,
7,1384,2,2,1,phosphoenolpyruvate(aq) = 3-phosphonopyruvate(aq),96KIM/DUN,298.15,,7.5,,8.00E-4,,
7,1384,2,3,1,chorismate(aq) = isochorismate(aq),00TEW/DAV,298.15,0.31,7.34,,8.40E-1,,
7,1385,1,1,1,chorismate(aq) = isochorismate(aq),00TEW/DAV,298.15,0.23,6.93,,,-0.81,
7,1385,1,2,1,ATP(aq) + L-tyrosine(aq) + tRNA-Tyr(aq) = AMP(aq) + pyrophosphate(aq) + L-tyrosyl-tRNA-Tyr(aq),06AIR2,303.15,,7.4,3.49,9.10E-1,,c(Mg2+) = 0.32 mM; c(spermidine) = 0 mM
7,1385,1,2,2,ATP(aq) + L-tyrosine(aq) + tRNA-Tyr(aq) = AMP(aq) + pyrophosphate(aq) + L-tyrosyl-tRNA-Tyr(aq),06AIR2,303.15,,7.4,3.49,9.50E-1,,c(Mg2+) = 0.32 mM; c(spermidine) = 1 mM
7,1385,1,2,3,ATP(aq) + L-tyrosine(aq) + tRNA-Tyr(aq) = AMP(aq) + pyrophosphate(aq) + L-tyrosyl-tRNA-Tyr(aq),06AIR2,303.15,,7.4,3.18,9.60E-1,,c(Mg2+) = 0.66 mM; c(spermidine) = 0 mM
7,1385,1,2,4,ATP(aq) + L-tyrosine(aq) + tRNA-Tyr(aq) = AMP(aq) + pyrophosphate(aq) + L-tyrosyl-tRNA-Tyr(aq),06AIR2,303.15,,7.4,3.18,9.80E-1,,c(Mg2+) = 0.66 mM; c(spermidine) = 1 mM
7,1385,1,2,5,ATP(aq) + L-tyrosine(aq) + tRNA-Tyr(aq) = AMP(aq) + pyrophosphate(aq) + L-tyrosyl-tRNA-Tyr(aq),06AIR2,303.15,,7.4,2.96,9.60E-1,,c(Mg2+) = 1.1 mM; c(spermidine) = 0 mM
7,1385,1,2,6,ATP(aq) + L-tyrosine(aq) + tRNA-Tyr(aq) = AMP(aq) + pyrophosphate(aq) + L-tyrosyl-tRNA-Tyr(aq),06AIR2,303.15,,7.4,2.96,1.09E0,,c(Mg2+) = 1.1 mM; c(spermidine) = 1 mM
7,1385,1,2,7,ATP(aq) + L-tyrosine(aq) + tRNA-Tyr(aq) = AMP(aq) + pyrophosphate(aq) + L-tyrosyl-tRNA-Tyr(aq),06AIR2,303.15,,7.4,2.7,1.07E0,,c(Mg2+) = 2 mM; c(spermidine) = 0 mM
7,1385,1,2,8,ATP(aq) + L-tyrosine(aq) + tRNA-Tyr(aq) = AMP(aq) + pyrophosphate(aq) + L-tyrosyl-tRNA-Tyr(aq),06AIR2,303.15,,7.4,2.7,1.09E0,,c(Mg2+) = 2 mM; c(spermidine) = 1 mM
7,1385,1,2,9,ATP(aq) + L-tyrosine(aq) + tRNA-Tyr(aq) = AMP(aq) + pyrophosphate(aq) + L-tyrosyl-tRNA-Tyr(aq),06AIR2,303.15,,7.4,2.52,1.21E0,,c(Mg2+) = 3 mM; c(spermidine) = 0 mM
7,1385,1,2,10,ATP(aq) + L-tyrosine(aq) + tRNA-Tyr(aq) = AMP(aq) + pyrophosphate(aq) + L-tyrosyl-tRNA-Tyr(aq),06AIR2,303.15,,7.4,2.52,1.21E0,,c(Mg2+) = 3 mM; c(spermidine) = 1 mM
7,1385,1,2,11,ATP(aq) + L-tyrosine(aq) + tRNA-Tyr(aq) = AMP(aq) + pyrophosphate(aq) + L-tyrosyl-tRNA-Tyr(aq),06AIR2,303.15,,7.4,2.4,1.31E0,,c(Mg2+) = 4 mM; c(spermidine) = 0 mM
7,1385,1,2,12,ATP(aq) + L-tyrosine(aq) + tRNA-Tyr(aq) = AMP(aq) + pyrophosphate(aq) + L-tyrosyl-tRNA-Tyr(aq),06AIR2,303.15,,7.4,2.4,1.35E0,,c(Mg2+) = 4 mM; c(spermidine) = 1 mM
7,1385,1,2,13,ATP(aq) + L-tyrosine(aq) + tRNA-Tyr(aq) = AMP(aq) + pyrophosphate(aq) + L-tyrosyl-tRNA-Tyr(aq),06AIR2,303.15,,7.4,2.22,1.56E0,,c(Mg2+) = 6 mM; c(spermidine) = 0 mM
7,1385,1,2,14,ATP(aq) + L-tyrosine(aq) + tRNA-Tyr(aq) = AMP(aq) + pyrophosphate(aq) + L-tyrosyl-tRNA-Tyr(aq),06AIR2,303.15,,7.4,2.22,1.80E0,,c(Mg2+) = 6 mM; c(spermidine) = 1 mM
7,1385,1,2,15,ATP(aq) + L-tyrosine(aq) + tRNA-Tyr(aq) = AMP(aq) + pyrophosphate(aq) + L-tyrosyl-tRNA-Tyr(aq),06AIR2,303.15,,7.4,2,1.99E0,,c(Mg2+) = 10 mM; c(spermidine) = 0 mM
7,1385,1,2,16,ATP(aq) + L-tyrosine(aq) + tRNA-Tyr(aq) = AMP(aq) + pyrophosphate(aq) + L-tyrosyl-tRNA-Tyr(aq),06AIR2,303.15,,7.4,2,2.16E0,,c(Mg2+) = 10 mM; c(spermidine) = 1 mM
7,1385,1,2,17,ATP(aq) + L-tyrosine(aq) + tRNA-Tyr(aq) = AMP(aq) + pyrophosphate(aq) + L-tyrosyl-tRNA-Tyr(aq),06AIR2,303.15,,7.4,1.85,2.69E0,,c(Mg2+) = 14 mM; c(spermidine) = 0 mM
7,1385,1,2,18,ATP(aq) + L-tyrosine(aq) + tRNA-Tyr(aq) = AMP(aq) + pyrophosphate(aq) + L-tyrosyl-tRNA-Tyr(aq),06AIR2,303.15,,7.4,1.85,2.46E0,,c(Mg2+) = 14 mM; c(spermidine) = 1 mM
7,1385,1,2,19,ATP(aq) + L-tyrosine(aq) + tRNA-Tyr(aq) = AMP(aq) + pyrophosphate(aq) + L-tyrosyl-tRNA-Tyr(aq),06AIR2,303.15,,7.4,1.74,3.03E0,,c(Mg2+) = 18 mM; c(spermidine) = 1 mM
7,1385,1,2,20,ATP(aq) + L-tyrosine(aq) + tRNA-Tyr(aq) = AMP(aq) + pyrophosphate(aq) + L-tyrosyl-tRNA-Tyr(aq),06AIR2,303.15,,7.4,1.74,2.91E0,,c(Mg2+) = 18 mM; c(spermidine) = 0 mM
,,,,,,,,,,,,,
7,1385,2,1,1,ATP(aq) + L-threonine(aq) + tRNA-Thr(aq) = AMP(aq) + pyrophosphate(aq) + L-threonyl-tRNA-Thr(aq),60LEA/GLA,310.16,,7,,3.70E-1,,
7,1385,2,2,1,ATP(aq) + L-isoleusine(aq) + tRNA-Ile(aq) = AMP(aq) + pyrophosphate(aq) + L-isoleucyl-tRNA-Ile(aq),06AIR2,303.15,,7.4,3.22,4.50E-1,,c(Mg2+) = 0.6 mM; c(spermidine) = 0 mM
7,1385,2,2,2,ATP(aq) + L-isoleusine(aq) + tRNA-Ile(aq) = AMP(aq) + pyrophosphate(aq) + L-isoleucyl-tRNA-Ile(aq),06AIR2,303.15,,7.4,3.22,5.40E-1,,c(Mg2+) = 0.6 mM; c(spermidine) = 1 mM
7,1385,2,2,3,ATP(aq) + L-isoleusine(aq) + tRNA-Ile(aq) = AMP(aq) + pyrophosphate(aq) + L-isoleucyl-tRNA-Ile(aq),06AIR2,303.15,,7.4,2.82,5.60E-1,,c(Mg2+) = 1.5 mM; c(spermidine) = 0 mM
7,1385,2,2,4,ATP(aq) + L-isoleusine(aq) + tRNA-Ile(aq) = AMP(aq) + pyrophosphate(aq) + L-isoleucyl-tRNA-Ile(aq),06AIR2,303.15,,7.4,2.82,6.10E-1,,c(Mg2+) = 1.5 mM; c(spermidine) = 1 mM
7,1385,2,2,5,ATP(aq) + L-isoleusine(aq) + tRNA-Ile(aq) = AMP(aq) + pyrophosphate(aq) + L-isoleucyl-tRNA-Ile(aq),06AIR2,303.15,,7.4,2.6,6.30E-1,,c(Mg2+) = 2.5 mM; c(spermidine) = 0 mM
7,1385,2,2,6,ATP(aq) + L-isoleusine(aq) + tRNA-Ile(aq) = AMP(aq) + pyrophosphate(aq) + L-isoleucyl-tRNA-Ile(aq),06AIR2,303.15,,7.4,2.6,6.50E-1,,c(Mg2+) = 2.5 mM; c(spermidine) = 1 mM
7,1385,2,2,7,ATP(aq) + L-isoleusine(aq) + tRNA-Ile(aq) = AMP(aq) + pyrophosphate(aq) + L-isoleucyl-tRNA-Ile(aq),06AIR2,303.15,,7.4,2.46,6.90E-1,,c(Mg2+) = 3.5 mM; c(spermidine) = 0 mM
7,1385,2,2,8,ATP(aq) + L-isoleusine(aq) + tRNA-Ile(aq) = AMP(aq) + pyrophosphate(aq) + L-isoleucyl-tRNA-Ile(aq),06AIR2,303.15,,7.4,2.46,7.20E-1,,c(Mg2+) = 3.5 mM; c(spermidine) = 1 mM
7,1385,2,2,9,ATP(aq) + L-isoleusine(aq) + tRNA-Ile(aq) = AMP(aq) + pyrophosphate(aq) + L-isoleucyl-tRNA-Ile(aq),06AIR2,303.15,,7.4,2.26,8.30E-1,,c(Mg2+) = 5.5 mM; c(spermidine) = 0 mM
7,1385,2,2,10,ATP(aq) + L-isoleusine(aq) + tRNA-Ile(aq) = AMP(aq) + pyrophosphate(aq) + L-isoleucyl-tRNA-Ile(aq),06AIR2,303.15,,7.4,2.26,8.00E-1,,c(Mg2+) = 5.5 mM; c(spermidine) = 1 mM
7,1385,2,2,11,ATP(aq) + L-isoleusine(aq) + tRNA-Ile(aq) = AMP(aq) + pyrophosphate(aq) + L-isoleucyl-tRNA-Ile(aq),06AIR2,303.15,,7.4,2.12,9.40E-1,,c(Mg2+) = 7.5 mM; c(spermidine) = 0 mM
7,1385,2,2,12,ATP(aq) + L-isoleusine(aq) + tRNA-Ile(aq) = AMP(aq) + pyrophosphate(aq) + L-isoleucyl-tRNA-Ile(aq),06AIR2,303.15,,7.4,2.12,9.20E-1,,c(Mg2+) = 7.5 mM; c(spermidine) = 1 mM
7,1385,2,2,13,ATP(aq) + L-isoleusine(aq) + tRNA-Ile(aq) = AMP(aq) + pyrophosphate(aq) + L-isoleucyl-tRNA-Ile(aq),06AIR2,303.15,,7.4,2.02,1.04E0,,c(Mg2+) = 9.5 mM; c(spermidine) = 0 mM
7,1385,2,2,14,ATP(aq) + L-isoleusine(aq) + tRNA-Ile(aq) = AMP(aq) + pyrophosphate(aq) + L-isoleucyl-tRNA-Ile(aq),06AIR2,303.15,,7.4,2.02,1.02E0,,c(Mg2+) = 9.5 mM; c(spermidine) = 1 mM
7,1385,2,2,15,ATP(aq) + L-isoleusine(aq) + tRNA-Ile(aq) = AMP(aq) + pyrophosphate(aq) + L-isoleucyl-tRNA-Ile(aq),06AIR2,303.15,,7.4,1.87,1.22E0,,c(Mg2+) = 13.5 mM; c(spermidine) = 0 mM
7,1385,2,2,16,ATP(aq) + L-isoleusine(aq) + tRNA-Ile(aq) = AMP(aq) + pyrophosphate(aq) + L-isoleucyl-tRNA-Ile(aq),06AIR2,303.15,,7.4,1.87,1.17E0,,c(Mg2+) = 13.5 mM; c(spermidine) = 1 mM
7,1385,2,2,17,ATP(aq) + L-isoleusine(aq) + tRNA-Ile(aq) = AMP(aq) + pyrophosphate(aq) + L-isoleucyl-tRNA-Ile(aq),06AIR2,303.15,,7.4,1.76,1.29E0,,c(Mg2+) = 17.5 mM; c(spermidine) = 0 mM
7,1385,2,2,18,ATP(aq) + L-isoleusine(aq) + tRNA-Ile(aq) = AMP(aq) + pyrophosphate(aq) + L-isoleucyl-tRNA-Ile(aq),06AIR2,303.15,,7.4,1.76,1.28E0,,c(Mg2+) = 17.5 mM; c(spermidine) = 1 mM
7,1385,2,3,1,ATP(aq) + L-lysine(aq) + tRNA-Lys(aq) = AMP(aq) + pyrophosphate(aq) + L-lysyl-tRNA-Lys(aq),06AIR2,303.15,,7.4,3.22,8.50E-1,,c(Mg2+) = 0.6 mM; c(spermidine) = 0 mM
7,1385,2,3,2,ATP(aq) + L-lysine(aq) + tRNA-Lys(aq) = AMP(aq) + pyrophosphate(aq) + L-lysyl-tRNA-Lys(aq),06AIR2,303.15,,7.4,3.22,1.16E0,,c(Mg2+) = 0.6 mM; c(spermidine) = 1 mM
7,1385,2,3,3,ATP(aq) + L-lysine(aq) + tRNA-Lys(aq) = AMP(aq) + pyrophosphate(aq) + L-lysyl-tRNA-Lys(aq),06AIR2,303.15,,7.4,2.82,1.17E0,,c(Mg2+) = 1.5 mM; c(spermidine) = 0 mM
7,1385,2,3,4,ATP(aq) + L-lysine(aq) + tRNA-Lys(aq) = AMP(aq) + pyrophosphate(aq) + L-lysyl-tRNA-Lys(aq),06AIR2,303.15,,7.4,2.82,1.22E0,,c(Mg2+) = 1.5 mM; c(spermidine) = 1 mM
7,1385,2,3,5,ATP(aq) + L-lysine(aq) + tRNA-Lys(aq) = AMP(aq) + pyrophosphate(aq) + L-lysyl-tRNA-Lys(aq),06AIR2,303.15,,7.4,2.6,1.31E0,,c(Mg2+) = 2.5 mM; c(spermidine) = 0 mM
7,1385,2,3,6,ATP(aq) + L-lysine(aq) + tRNA-Lys(aq) = AMP(aq) + pyrophosphate(aq) + L-lysyl-tRNA-Lys(aq),06AIR2,303.15,,7.4,2.6,1.33E0,,c(Mg2+) = 2.5 mM; c(spermidine) = 1 mM
7,1385,2,3,7,ATP(aq) + L-lysine(aq) + tRNA-Lys(aq) = AMP(aq) + pyrophosphate(aq) + L-lysyl-tRNA-Lys(aq),06AIR2,303.15,,7.4,2.46,1.43E0,,c(Mg2+) = 3.5 mM; c(spermidine) = 0 mM
7,1385,2,3,8,ATP(aq) + L-lysine(aq) + tRNA-Lys(aq) = AMP(aq) + pyrophosphate(aq) + L-lysyl-tRNA-Lys(aq),06AIR2,303.15,,7.4,2.46,1.46E0,,c(Mg2+) = 3.5 mM; c(spermidine) = 1 mM
7,1385,2,3,9,ATP(aq) + L-lysine(aq) + tRNA-Lys(aq) = AMP(aq) + pyrophosphate(aq) + L-lysyl-tRNA-Lys(aq),06AIR2,303.15,,7.4,2.26,1.68E0,,c(Mg2+) = 5.5 mM; c(spermidine) = 0 mM
7,1385,2,3,10,ATP(aq) + L-lysine(aq) + tRNA-Lys(aq) = AMP(aq) + pyrophosphate(aq) + L-lysyl-tRNA-Lys(aq),06AIR2,303.15,,7.4,2.26,1.67E0,,c(Mg2+) = 5.5 mM; c(spermidine) = 1 mM
7,1385,2,3,11,ATP(aq) + L-lysine(aq) + tRNA-Lys(aq) = AMP(aq) + pyrophosphate(aq) + L-lysyl-tRNA-Lys(aq),06AIR2,303.15,,7.4,2.12,1.92E0,,c(Mg2+) = 7.5 mM; c(spermidine) = 0 mM
7,1385,2,3,12,ATP(aq) + L-lysine(aq) + tRNA-Lys(aq) = AMP(aq) + pyrophosphate(aq) + L-lysyl-tRNA-Lys(aq),06AIR2,303.15,,7.4,2.12,1.90E0,,c(Mg2+) = 7.5 mM; c(spermidine) = 1 mM
7,1385,2,3,13,ATP(aq) + L-lysine(aq) + tRNA-Lys(aq) = AMP(aq) + pyrophosphate(aq) + L-lysyl-tRNA-Lys(aq),06AIR2,303.15,,7.4,2.02,2.05E0,,c(Mg2+) = 9.5 mM; c(spermidine) = 0 mM
7,1385,2,3,14,ATP(aq) + L-lysine(aq) + tRNA-Lys(aq) = AMP(aq) + pyrophosphate(aq) + L-lysyl-tRNA-Lys(aq),06AIR2,303.15,,7.4,2.02,1.98E0,,c(Mg2+) = 9.5 mM; c(spermidine) = 1 mM
7,1385,2,3,15,ATP(aq) + L-lysine(aq) + tRNA-Lys(aq) = AMP(aq) + pyrophosphate(aq) + L-lysyl-tRNA-Lys(aq),06AIR2,303.15,,7.4,1.87,2.34E0,,c(Mg2+) = 13.5 mM; c(spermidine) = 0 mM
7,1385,2,3,16,ATP(aq) + L-lysine(aq) + tRNA-Lys(aq) = AMP(aq) + pyrophosphate(aq) + L-lysyl-tRNA-Lys(aq),06AIR2,303.15,,7.4,1.87,2.40E0,,c(Mg2+) = 13.5 mM; c(spermidine) = 1 mM
7,1385,2,3,17,ATP(aq) + L-lysine(aq) + tRNA-Lys(aq) = AMP(aq) + pyrophosphate(aq) + L-lysyl-tRNA-Lys(aq),06AIR2,303.15,,7.4,1.76,2.63E0,,c(Mg2+) = 17.5 mM; c(spermidine) = 0 mM
7,1385,2,3,18,ATP(aq) + L-lysine(aq) + tRNA-Lys(aq) = AMP(aq) + pyrophosphate(aq) + L-lysyl-tRNA-Lys(aq),06AIR2,303.15,,7.4,1.76,2.72E0,,c(Mg2+) = 17.5 mM; c(spermidine) = 1 mM
7,1386,1,1,1,ATP(aq) + L-serine(aq) + tRNA-Ser(aq) = AMP(aq) + pyrophosphate(aq) + L-seryl-tRNA-Ser(aq),06AIR2,303.15,,7.4,3,5.40E-1,,c(Mg2+) = 1 mM; c(spermidine) = 0 mM
7,1386,1,1,2,ATP(aq) + L-serine(aq) + tRNA-Ser(aq) = AMP(aq) + pyrophosphate(aq) + L-seryl-tRNA-Ser(aq),06AIR2,303.15,,7.4,3,5.20E-1,,c(Mg2+) = 1 mM; c(spermidine) = 1 mM
7,1386,1,1,3,ATP(aq) + L-serine(aq) + tRNA-Ser(aq) = AMP(aq) + pyrophosphate(aq) + L-seryl-tRNA-Ser(aq),06AIR2,303.15,,7.4,2.7,6.00E-1,,c(Mg2+) = 2 mM; c(spermidine) = 0 mM
7,1386,1,1,4,ATP(aq) + L-serine(aq) + tRNA-Ser(aq) = AMP(aq) + pyrophosphate(aq) + L-seryl-tRNA-Ser(aq),06AIR2,303.15,,7.4,2.7,5.70E-1,,c(Mg2+) = 2 mM; c(spermidine) = 1 mM
7,1386,1,1,5,ATP(aq) + L-serine(aq) + tRNA-Ser(aq) = AMP(aq) + pyrophosphate(aq) + L-seryl-tRNA-Ser(aq),06AIR2,303.15,,7.4,2.52,7.30E-1,,c(Mg2+) = 3 mM; c(spermidine) = 0 mM
7,1386,1,1,6,ATP(aq) + L-serine(aq) + tRNA-Ser(aq) = AMP(aq) + pyrophosphate(aq) + L-seryl-tRNA-Ser(aq),06AIR2,303.15,,7.4,2.52,7.00E-1,,c(Mg2+) = 3 mM; c(spermidine) = 1 mM
7,1386,1,1,7,ATP(aq) + L-serine(aq) + tRNA-Ser(aq) = AMP(aq) + pyrophosphate(aq) + L-seryl-tRNA-Ser(aq),06AIR2,303.15,,7.4,2.22,1.00E0,,c(Mg2+) = 6 mM; c(spermidine) = 0 mM
7,1386,1,1,8,ATP(aq) + L-serine(aq) + tRNA-Ser(aq) = AMP(aq) + pyrophosphate(aq) + L-seryl-tRNA-Ser(aq),06AIR2,303.15,,7.4,2.22,9.10E-1,,c(Mg2+) = 6 mM; c(spermidine) = 1 mM
7,1386,1,1,9,ATP(aq) + L-serine(aq) + tRNA-Ser(aq) = AMP(aq) + pyrophosphate(aq) + L-seryl-tRNA-Ser(aq),06AIR2,303.15,,7.4,3,1.34E0,,c(Mg2+) = 1 mM; c(spermidine) = 0 mM; [TODO: check with primary literature: it would make more sense that c(Mg2+)=10 mM]
7,1386,1,1,10,ATP(aq) + L-serine(aq) + tRNA-Ser(aq) = AMP(aq) + pyrophosphate(aq) + L-seryl-tRNA-Ser(aq),06AIR2,303.15,,7.4,3,1.35E0,,c(Mg2+) = 1 mM; c(spermidine) = 1 mM; [TODO: check with primary literature: it would make more sense that c(Mg2+)=10 mM]
7,1386,1,1,11,ATP(aq) + L-serine(aq) + tRNA-Ser(aq) = AMP(aq) + pyrophosphate(aq) + L-seryl-tRNA-Ser(aq),06AIR2,303.15,,7.4,2.85,1.69E0,,c(Mg2+) = 1.4 mM; c(spermidine) = 0 mM; [TODO: check with primary literature: it would make more sense that c(Mg2+)=14 mM]
7,1386,1,1,12,ATP(aq) + L-serine(aq) + tRNA-Ser(aq) = AMP(aq) + pyrophosphate(aq) + L-seryl-tRNA-Ser(aq),06AIR2,303.15,,7.4,2.85,1.62E0,,c(Mg2+) = 1.4 mM; c(spermidine) = 1 mM; [TODO: check with primary literature: it would make more sense that c(Mg2+)=14 mM]
7,1386,1,1,13,ATP(aq) + L-serine(aq) + tRNA-Ser(aq) = AMP(aq) + pyrophosphate(aq) + L-seryl-tRNA-Ser(aq),06AIR2,303.15,,7.4,2.74,2.13E0,,c(Mg2+) = 1.8 mM; c(spermidine) = 0 mM; [TODO: check with primary literature: it would make more sense that c(Mg2+)=18 mM]
7,1386,1,1,14,ATP(aq) + L-serine(aq) + tRNA-Ser(aq) = AMP(aq) + pyrophosphate(aq) + L-seryl-tRNA-Ser(aq),06AIR2,303.15,,7.4,2.74,1.66E0,,c(Mg2+) = 1.8 mM; c(spermidine) = 1 mM; [TODO: check with primary literature: it would make more sense that c(Mg2+)=18 mM]
7,1386,2,1,1,ATP(aq) + L-arginine(aq) + tRNA-Arg(aq) = AMP(aq) + pyrophosphate(aq) + L-arginyl-tRNA-Arg(aq),06AIR,303.15,,7.4,3.22,9.70E-1,,c(Mg2+) = 0.6 mM; c(spermidine) = 0 mM
7,1386,2,1,2,ATP(aq) + L-arginine(aq) + tRNA-Arg(aq) = AMP(aq) + pyrophosphate(aq) + L-arginyl-tRNA-Arg(aq),06AIR,303.15,,7.4,3.22,1.05E0,,c(Mg2+) = 0.6 mM; c(spermidine) = 1 mM
7,1386,2,1,3,ATP(aq) + L-arginine(aq) + tRNA-Arg(aq) = AMP(aq) + pyrophosphate(aq) + L-arginyl-tRNA-Arg(aq),06AIR,303.15,,7.4,3,1.28E0,,c(Mg2+) = 1 mM; c(spermidine) = 0 mM
7,1386,2,1,4,ATP(aq) + L-arginine(aq) + tRNA-Arg(aq) = AMP(aq) + pyrophosphate(aq) + L-arginyl-tRNA-Arg(aq),06AIR,303.15,,7.4,3,1.14E0,,c(Mg2+) = 1 mM; c(spermidine) = 1 mM
7,1386,2,1,5,ATP(aq) + L-arginine(aq) + tRNA-Arg(aq) = AMP(aq) + pyrophosphate(aq) + L-arginyl-tRNA-Arg(aq),06AIR,303.15,,7.4,2.7,1.40E0,,c(Mg2+) = 2 mM; c(spermidine) = 0 mM
7,1386,2,1,6,ATP(aq) + L-arginine(aq) + tRNA-Arg(aq) = AMP(aq) + pyrophosphate(aq) + L-arginyl-tRNA-Arg(aq),06AIR,303.15,,7.4,2.7,1.17E0,,c(Mg2+) = 2 mM; c(spermidine) = 1 mM
7,1386,2,1,7,ATP(aq) + L-arginine(aq) + tRNA-Arg(aq) = AMP(aq) + pyrophosphate(aq) + L-arginyl-tRNA-Arg(aq),06AIR,303.15,,7.4,2.52,1.43E0,,c(Mg2+) = 3 mM; c(spermidine) = 0 mM
7,1386,2,1,8,ATP(aq) + L-arginine(aq) + tRNA-Arg(aq) = AMP(aq) + pyrophosphate(aq) + L-arginyl-tRNA-Arg(aq),06AIR,303.15,,7.4,2.52,1.26E0,,c(Mg2+) = 3 mM; c(spermidine) = 1 mM
7,1386,2,1,9,ATP(aq) + L-arginine(aq) + tRNA-Arg(aq) = AMP(aq) + pyrophosphate(aq) + L-arginyl-tRNA-Arg(aq),06AIR,303.15,,7.4,2.3,1.66E0,,c(Mg2+) = 5 mM; c(spermidine) = 0 mM
7,1386,2,1,10,ATP(aq) + L-arginine(aq) + tRNA-Arg(aq) = AMP(aq) + pyrophosphate(aq) + L-arginyl-tRNA-Arg(aq),06AIR,303.15,,7.4,2.3,1.41E0,,c(Mg2+) = 5 mM; c(spermidine) = 1 mM
7,1386,2,1,11,ATP(aq) + L-arginine(aq) + tRNA-Arg(aq) = AMP(aq) + pyrophosphate(aq) + L-arginyl-tRNA-Arg(aq),06AIR,303.15,,7.4,2.15,1.76E0,,c(Mg2+) = 7 mM; c(spermidine) = 0 mM
7,1386,2,1,12,ATP(aq) + L-arginine(aq) + tRNA-Arg(aq) = AMP(aq) + pyrophosphate(aq) + L-arginyl-tRNA-Arg(aq),06AIR,303.15,,7.4,2.15,1.53E0,,c(Mg2+) = 7 mM; c(spermidine) = 1 mM
7,1386,2,1,13,ATP(aq) + L-arginine(aq) + tRNA-Arg(aq) = AMP(aq) + pyrophosphate(aq) + L-arginyl-tRNA-Arg(aq),06AIR,303.15,,7.4,2.05,1.84E0,,c(Mg2+) = 9 mM; c(spermidine) = 0 mM
7,1386,2,1,14,ATP(aq) + L-arginine(aq) + tRNA-Arg(aq) = AMP(aq) + pyrophosphate(aq) + L-arginyl-tRNA-Arg(aq),06AIR,303.15,,7.4,2.05,1.64E0,,c(Mg2+) = 9 mM; c(spermidine) = 1 mM
7,1386,2,1,15,ATP(aq) + L-arginine(aq) + tRNA-Arg(aq) = AMP(aq) + pyrophosphate(aq) + L-arginyl-tRNA-Arg(aq),06AIR,303.15,,7.4,1.89,2.00E0,,c(Mg2+) = 13 mM; c(spermidine) = 0 mM
7,1386,2,1,16,ATP(aq) + L-arginine(aq) + tRNA-Arg(aq) = AMP(aq) + pyrophosphate(aq) + L-arginyl-tRNA-Arg(aq),06AIR,303.15,,7.4,1.89,1.92E0,,c(Mg2+) = 13 mM; c(spermidine) = 1 mM
7,1386,2,1,17,ATP(aq) + L-arginine(aq) + tRNA-Arg(aq) = AMP(aq) + pyrophosphate(aq) + L-arginyl-tRNA-Arg(aq),06AIR,303.15,,7.4,1.77,2.19E0,,c(Mg2+) = 17 mM; c(spermidine) = 0 mM
7,1386,2,1,18,ATP(aq) + L-arginine(aq) + tRNA-Arg(aq) = AMP(aq) + pyrophosphate(aq) + L-arginyl-tRNA-Arg(aq),06AIR,303.15,,7.4,1.77,2.14E0,,c(Mg2+) = 17 mM; c(spermidine) = 1 mM
7,1386,2,2,1,ATP(aq) + L-phenylalanine(aq) + tRNA-Phe(aq) = AMP(aq) + pyrophosphate(aq) + L-phenylalanyl-tRNA-Phe(aq),06AIR2,303.15,,7.4,3,8.70E-1,,c(Mg2+) = 1 mM; c(spermidine) = 0 mM
7,1386,2,2,2,ATP(aq) + L-phenylalanine(aq) + tRNA-Phe(aq) = AMP(aq) + pyrophosphate(aq) + L-phenylalanyl-tRNA-Phe(aq),06AIR2,303.15,,7.4,3,9.60E-1,,c(Mg2+) = 1 mM; c(spermidine) = 1 mM
7,1386,2,2,3,ATP(aq) + L-phenylalanine(aq) + tRNA-Phe(aq) = AMP(aq) + pyrophosphate(aq) + L-phenylalanyl-tRNA-Phe(aq),06AIR2,303.15,,7.4,2.7,1.01E0,,c(Mg2+) = 2 mM; c(spermidine) = 0 mM
7,1386,2,2,4,ATP(aq) + L-phenylalanine(aq) + tRNA-Phe(aq) = AMP(aq) + pyrophosphate(aq) + L-phenylalanyl-tRNA-Phe(aq),06AIR2,303.15,,7.4,2.7,1.04E0,,c(Mg2+) = 2 mM; c(spermidine) = 1 mM
7,1386,2,2,5,ATP(aq) + L-phenylalanine(aq) + tRNA-Phe(aq) = AMP(aq) + pyrophosphate(aq) + L-phenylalanyl-tRNA-Phe(aq),06AIR2,303.15,,7.4,2.52,1.17E0,,c(Mg2+) = 3 mM; c(spermidine) = 0 mM
7,1386,2,2,6,ATP(aq) + L-phenylalanine(aq) + tRNA-Phe(aq) = AMP(aq) + pyrophosphate(aq) + L-phenylalanyl-tRNA-Phe(aq),06AIR2,303.15,,7.4,2.52,1.17E0,,c(Mg2+) = 3 mM; c(spermidine) = 1 mM
7,1386,2,2,7,ATP(aq) + L-phenylalanine(aq) + tRNA-Phe(aq) = AMP(aq) + pyrophosphate(aq) + L-phenylalanyl-tRNA-Phe(aq),06AIR2,303.15,,7.4,2.22,1.41E0,,c(Mg2+) = 6 mM; c(spermidine) = 0 mM
7,1386,2,2,8,ATP(aq) + L-phenylalanine(aq) + tRNA-Phe(aq) = AMP(aq) + pyrophosphate(aq) + L-phenylalanyl-tRNA-Phe(aq),06AIR2,303.15,,7.4,2.22,1.38E0,,c(Mg2+) = 6 mM; c(spermidine) = 1 mM
7,1386,2,2,9,ATP(aq) + L-phenylalanine(aq) + tRNA-Phe(aq) = AMP(aq) + pyrophosphate(aq) + L-phenylalanyl-tRNA-Phe(aq),06AIR2,303.15,,7.4,2,1.74E0,,c(Mg2+) = 10 mM; c(spermidine) = 0 mM
7,1386,2,2,10,ATP(aq) + L-phenylalanine(aq) + tRNA-Phe(aq) = AMP(aq) + pyrophosphate(aq) + L-phenylalanyl-tRNA-Phe(aq),06AIR2,303.15,,7.4,2,1.75E0,,c(Mg2+) = 10 mM; c(spermidine) = 1 mM
7,1386,2,2,11,ATP(aq) + L-phenylalanine(aq) + tRNA-Phe(aq) = AMP(aq) + pyrophosphate(aq) + L-phenylalanyl-tRNA-Phe(aq),06AIR2,303.15,,7.4,1.85,2.25E0,,c(Mg2+) = 14 mM; c(spermidine) = 0 mM
7,1386,2,2,12,ATP(aq) + L-phenylalanine(aq) + tRNA-Phe(aq) = AMP(aq) + pyrophosphate(aq) + L-phenylalanyl-tRNA-Phe(aq),06AIR2,303.15,,7.4,1.85,2.04E0,,c(Mg2+) = 14 mM; c(spermidine) = 1 mM
7,1386,2,2,13,ATP(aq) + L-phenylalanine(aq) + tRNA-Phe(aq) = AMP(aq) + pyrophosphate(aq) + L-phenylalanyl-tRNA-Phe(aq),06AIR2,303.15,,7.4,1.74,2.41E0,,c(Mg2+) = 18 mM; c(spermidine) = 0 mM
7,1386,2,2,14,ATP(aq) + L-phenylalanine(aq) + tRNA-Phe(aq) = AMP(aq) + pyrophosphate(aq) + L-phenylalanyl-tRNA-Phe(aq),06AIR2,303.15,,7.4,1.74,2.49E0,,c(Mg2+) = 18 mM; c(spermidine) = 1 mM
7,1387,1,1,1,ATP(aq) + L-histidine(aq) + tRNA-His(aq) = AMP(aq) + pyrophosphate(aq) + L-histidyl-tRNA-His(aq),06AIR2,303.15,,7.4,3.3,1.23E0,,c(Mg2+) = 0.5 mM; c(spermidine) = 0 mM
7,1387,1,1,2,ATP(aq) + L-histidine(aq) + tRNA-His(aq) = AMP(aq) + pyrophosphate(aq) + L-histidyl-tRNA-His(aq),06AIR2,303.15,,7.4,3.3,9.30E-1,,c(Mg2+) = 0.5 mM; c(spermidine) = 1 mM
7,1387,1,1,3,ATP(aq) + L-histidine(aq) + tRNA-His(aq) = AMP(aq) + pyrophosphate(aq) + L-histidyl-tRNA-His(aq),06AIR2,303.15,,7.4,2.82,1.24E0,,c(Mg2+) = 1.5 mM; c(spermidine) = 0 mM
7,1387,1,1,4,ATP(aq) + L-histidine(aq) + tRNA-His(aq) = AMP(aq) + pyrophosphate(aq) + L-histidyl-tRNA-His(aq),06AIR2,303.15,,7.4,2.82,1.03E0,,c(Mg2+) = 1.5 mM; c(spermidine) = 1 mM
7,1387,1,1,5,ATP(aq) + L-histidine(aq) + tRNA-His(aq) = AMP(aq) + pyrophosphate(aq) + L-histidyl-tRNA-His(aq),06AIR2,303.15,,7.4,2.6,1.33E0,,c(Mg2+) = 2.5 mM; c(spermidine) = 0 mM
7,1387,1,1,6,ATP(aq) + L-histidine(aq) + tRNA-His(aq) = AMP(aq) + pyrophosphate(aq) + L-histidyl-tRNA-His(aq),06AIR2,303.15,,7.4,2.6,1.13E0,,c(Mg2+) = 2.5 mM; c(spermidine) = 1 mM
7,1387,1,1,7,ATP(aq) + L-histidine(aq) + tRNA-His(aq) = AMP(aq) + pyrophosphate(aq) + L-histidyl-tRNA-His(aq),06AIR2,303.15,,7.4,2.46,1.43E0,,c(Mg2+) = 3.5 mM; c(spermidine) = 0 mM
7,1387,1,1,8,ATP(aq) + L-histidine(aq) + tRNA-His(aq) = AMP(aq) + pyrophosphate(aq) + L-histidyl-tRNA-His(aq),06AIR2,303.15,,7.4,2.46,1.35E0,,c(Mg2+) = 3.5 mM; c(spermidine) = 1 mM
7,1387,1,1,9,ATP(aq) + L-histidine(aq) + tRNA-His(aq) = AMP(aq) + pyrophosphate(aq) + L-histidyl-tRNA-His(aq),06AIR2,303.15,,7.4,2.26,1.65E0,,c(Mg2+) = 5.5 mM; c(spermidine) = 0 mM
7,1387,1,1,10,ATP(aq) + L-histidine(aq) + tRNA-His(aq) = AMP(aq) + pyrophosphate(aq) + L-histidyl-tRNA-His(aq),06AIR2,303.15,,7.4,2.26,1.65E0,,c(Mg2+) = 5.5 mM; c(spermidine) = 1 mM
7,1387,1,1,11,ATP(aq) + L-histidine(aq) + tRNA-His(aq) = AMP(aq) + pyrophosphate(aq) + L-histidyl-tRNA-His(aq),06AIR2,303.15,,7.4,2.12,1.82E0,,c(Mg2+) = 7.5 mM; c(spermidine) = 0 mM
7,1387,1,1,12,ATP(aq) + L-histidine(aq) + tRNA-His(aq) = AMP(aq) + pyrophosphate(aq) + L-histidyl-tRNA-His(aq),06AIR2,303.15,,7.4,2.12,1.84E0,,c(Mg2+) = 7.5 mM; c(spermidine) = 1 mM
7,1387,1,1,13,ATP(aq) + L-histidine(aq) + tRNA-His(aq) = AMP(aq) + pyrophosphate(aq) + L-histidyl-tRNA-His(aq),06AIR2,303.15,,7.4,2.02,2.00E0,,c(Mg2+) = 9.5 mM; c(spermidine) = 0 mM
7,1387,1,1,14,ATP(aq) + L-histidine(aq) + tRNA-His(aq) = AMP(aq) + pyrophosphate(aq) + L-histidyl-tRNA-His(aq),06AIR2,303.15,,7.4,2.02,1.96E0,,c(Mg2+) = 9.5 mM; c(spermidine) = 1 mM
7,1387,1,1,15,ATP(aq) + L-histidine(aq) + tRNA-His(aq) = AMP(aq) + pyrophosphate(aq) + L-histidyl-tRNA-His(aq),06AIR2,303.15,,7.4,1.87,2.16E0,,c(Mg2+) = 13.5 mM; c(spermidine) = 0 mM
7,1387,1,1,16,ATP(aq) + L-histidine(aq) + tRNA-His(aq) = AMP(aq) + pyrophosphate(aq) + L-histidyl-tRNA-His(aq),06AIR2,303.15,,7.4,1.87,2.39E0,,c(Mg2+) = 13.5 mM; c(spermidine) = 1 mM
7,1387,1,1,17,ATP(aq) + L-histidine(aq) + tRNA-His(aq) = AMP(aq) + pyrophosphate(aq) + L-histidyl-tRNA-His(aq),06AIR2,303.15,,7.4,1.76,2.36E0,,c(Mg2+) = 17.5 mM; c(spermidine) = 0 mM
7,1387,1,1,18,ATP(aq) + L-histidine(aq) + tRNA-His(aq) = AMP(aq) + pyrophosphate(aq) + L-histidyl-tRNA-His(aq),06AIR2,303.15,,7.4,1.76,2.75E0,,c(Mg2+) = 17.5 mM; c(spermidine) = 1 mM
7,1387,2,1,1,ATP(aq) + (deoxyribonucleotide)_{n}(aq) + (deoxyribonucleotide)_{m}(aq) = AMP(aq) + pyrophosphate(aq) + (deoxyribonucleotide)_{m+n}(aq),01DIC/BUR,298.15,,7,,3.89E4,,